id,area_id,index
100101001,100101,1
100101404,100101,404
100101501,100101,501
100101502,100101,502
100101503,100101,503
100101504,100101,504
100101505,100101,505
100101601,100101,601
100101602,100101,602
100101603,100101,603
100101604,100101,604
100101605,100101,605
100101403,100101,403
100101606,100101,606
100101608,100101,608
100101703,100101,707
100101801,100101,801
100101802,100101,802
100101805,100101,805
100101806,100101,806
100101910,100101,910
100101949,100101,949
910010102,100101,2
910010105,100101,5
910010104,100101,4
100101607,100101,607
100101402,100101,402
910010101,100101,1
100101218,100101,218
100101004,100101,4
100101401,100101,401
100101003,100101,3
100101005,100101,5
100101006,100101,6
100101007,100101,7
100101101,100101,101
100101102,100101,102
100101201,100101,201
100101202,100101,202
100101203,100101,203
100101204,100101,204
100101002,100101,2
100101206,100101,206
100101205,100101,205
100101215,100101,215
100101217,100101,217
100101214,100101,214
100101213,100101,213
100101216,100101,216
100101211,100101,211
100101210,100101,210
100101209,100101,209
100101208,100101,208
100101207,100101,207
100101212,100101,212
100201611,100201,611
100201702,100201,707
100201703,100201,708
100201704,100201,709
100201705,100201,710
100201804,100201,804
100201805,100201,805
100201910,100201,910
100201808,100201,808
100201940,100201,940
100201609,100201,609
910020104,100201,4
910020103,100201,3
910020102,100201,2
910020101,100201,1
100201807,100201,807
100201608,100201,608
100201610,100201,610
100201606,100201,606
100201203,100201,203
100201204,100201,204
100201205,100201,205
100201607,100201,607
100201206,100201,206
100201207,100201,207
100201401,100201,401
100201202,100201,202
100201403,100201,403
100201402,100201,402
100201405,100201,405
100201501,100201,501
100201503,100201,503
100201601,100201,601
100201602,100201,602
100201603,100201,603
100201604,100201,604
100201605,100201,605
100201404,100201,404
100201201,100201,201
100202805,100202,805
100202806,100202,806
100202807,100202,807
100202808,100202,808
100202802,100202,802
910020213,100202,13
910020201,100202,1
910020202,100202,2
910020203,100202,3
910020211,100202,11
100202707,100202,707
100202809,100202,809
100202706,100202,706
100202402,100202,402
100202704,100202,704
100202001,100202,1
100202101,100202,101
100202102,100202,102
100202705,100202,705
100202401,100202,401
100202501,100202,501
100202503,100202,503
100202601,100202,601
100202602,100202,602
100202201,100202,201
100202604,100202,604
100202605,100202,605
100202606,100202,606
100202607,100202,607
100202608,100202,608
100202603,100202,603
100202609,100202,609
100202701,100202,701
100202702,100202,702
100203712,100203,715
100203713,100203,716
100203801,100203,801
100203802,100203,802
100203804,100203,804
100203805,100203,805
910020312,100203,12
910020305,100203,5
910020304,100203,4
910020302,100203,2
910020301,100203,1
100203711,100203,714
910020311,100203,11
100203710,100203,713
100203709,100203,712
100203604,100203,604
100203504,100203,504
100203505,100203,505
100203506,100203,506
100203501,100203,501
100203507,100203,507
100203508,100203,508
100203509,100203,509
100203601,100203,601
100203602,100203,602
100203603,100203,603
100203502,100203,502
100203605,100203,605
100203606,100203,606
100203610,100203,610
100203609,100203,609
100203607,100203,607
100203708,100203,711
100203611,100203,611
100203612,100203,612
100203613,100203,613
100203703,100203,703
100203704,100203,704
100203705,100203,705
100203706,100203,706
100203707,100203,710
100203503,100203,503
100203608,100203,608
100204609,100204,609
100204949,100204,949
100204910,100204,910
100204608,100204,608
100204702,100204,702
100204001,100204,1
100204201,100204,201
100204202,100204,202
100204203,100204,203
100204204,100204,204
100204205,100204,205
100204212,100204,212
100204401,100204,401
100204501,100204,501
100204502,100204,502
100204601,100204,601
100204602,100204,602
100204603,100204,603
100204604,100204,604
100204605,100204,605
100204606,100204,606
100204607,100204,607
910020401,100204,1
100204701,100204,701
100204802,100204,802
910020402,100204,2
100211608,100211,608
910021101,100211,1
100211601,100211,601
100211001,100211,1
100211002,100211,2
100211003,100211,3
100211920,100211,920
100211612,100211,612
100211611,100211,611
100211610,100211,610
100211609,100211,609
910021103,100211,3
100211604,100211,604
100211603,100211,603
100211602,100211,602
100211502,100211,502
100211501,100211,501
100221608,100221,608
100221612,100221,612
100221610,100221,610
100221609,100221,609
100221611,100221,611
100221607,100221,607
100221506,100221,506
100221605,100221,605
100221604,100221,604
100221603,100221,603
100221602,100221,602
100221601,100221,601
100221613,100221,613
100221606,100221,606
100221614,100221,614
910022104,100221,4
100221616,100221,616
100221703,100221,706
100221704,100221,707
100221705,100221,708
100221706,100221,709
100221707,100221,710
100221708,100221,711
100221803,100221,803
100221806,100221,806
100221920,100221,920
910022101,100221,1
910022102,100221,2
910022103,100221,3
910022105,100221,5
100221615,100221,615
100221505,100221,505
100221709,100221,712
100221502,100221,502
100221420,100221,420
100221419,100221,419
100221203,100221,203
100221205,100221,205
100221206,100221,206
100221207,100221,207
100221209,100221,209
100221401,100221,401
100221402,100221,402
100221403,100221,403
100221404,100221,404
100221421,100221,421
100221405,100221,405
100221407,100221,407
100221503,100221,503
100221408,100221,408
100221409,100221,409
100221410,100221,410
100221411,100221,411
100221412,100221,412
100221413,100221,413
100221414,100221,414
100221415,100221,415
100221416,100221,416
100221406,100221,406
100221202,100221,202
100221422,100221,422
100221423,100221,423
100221501,100221,501
100221446,100221,446
100221445,100221,445
100221444,100221,444
100221443,100221,443
100221442,100221,442
100221441,100221,441
100221440,100221,440
100221439,100221,439
100221438,100221,438
100221437,100221,437
100221436,100221,436
100221435,100221,435
100221434,100221,434
100221433,100221,433
100221432,100221,432
100221431,100221,431
100221430,100221,430
100221429,100221,429
100221428,100221,428
100221427,100221,427
100221426,100221,426
100221425,100221,425
100221201,100221,201
100221424,100221,424
100221417,100221,417
100221418,100221,418
910030112,100301,12
910030102,100301,2
910030101,100301,1
100301910,100301,910
100301702,100301,702
100301808,100301,808
100301201,100301,201
100301202,100301,202
100301204,100301,204
100301205,100301,205
100301401,100301,401
100301402,100301,402
100301403,100301,403
100301404,100301,404
100301405,100301,405
100301406,100301,406
100301501,100301,501
100301502,100301,502
100301810,100301,810
100301504,100301,504
100301505,100301,505
100301503,100301,503
100301601,100301,601
100301806,100301,806
100301805,100301,805
100301804,100301,804
100301506,100301,506
100301802,100301,802
100301801,100301,801
100301803,100301,803
100301703,100301,703
100301605,100301,605
100301604,100301,604
100301603,100301,603
100301602,100301,602
100301704,100301,704
100302814,100302,814
910030201,100302,1
910030202,100302,2
100302817,100302,817
100302816,100302,816
100302815,100302,815
100302812,100302,812
100302505,100302,505
100302810,100302,810
100302604,100302,604
100302603,100302,603
100302602,100302,602
100302601,100302,601
100302507,100302,507
100302506,100302,506
100302504,100302,504
100302503,100302,503
100302502,100302,502
100302501,100302,501
100302407,100302,407
100302406,100302,406
100302405,100302,405
100302404,100302,404
100302403,100302,403
100302402,100302,402
100302401,100302,401
100302811,100302,811
100302606,100302,606
100302605,100302,605
100302608,100302,608
100302806,100302,806
100302809,100302,809
100302607,100302,607
100302805,100302,805
100302804,100302,804
100302807,100302,807
100302803,100302,803
100302801,100302,801
100302707,100302,707
100302706,100302,706
100302705,100302,705
100302704,100302,704
100302609,100302,609
100302802,100302,802
100302808,100302,808
100303818,100303,818
100303819,100303,819
100303949,100303,949
910030301,100303,1
910030303,100303,3
910030302,100303,2
100303816,100303,816
910030304,100303,4
100303814,100303,814
100303605,100303,605
100303812,100303,812
100303408,100303,408
100303409,100303,409
100303501,100303,501
100303502,100303,502
100303503,100303,503
100303504,100303,504
100303505,100303,505
100303506,100303,506
100303507,100303,507
100303508,100303,508
100303509,100303,509
100303601,100303,601
100303602,100303,602
100303407,100303,407
100303603,100303,603
100303606,100303,606
100303607,100303,607
100303608,100303,608
100303609,100303,609
100303813,100303,813
100303701,100303,701
100303808,100303,808
100303807,100303,807
100303806,100303,806
100303805,100303,805
100303804,100303,804
100303803,100303,803
100303802,100303,802
100303604,100303,604
100303406,100303,406
100303405,100303,405
100303404,100303,404
100303811,100303,811
100303810,100303,810
100303809,100303,809
100303801,100303,801
100303401,100303,401
100303702,100303,702
100303403,100303,403
100303402,100303,402
100311501,100311,501
100311201,100311,201
100311204,100311,204
100311205,100311,205
100311401,100311,401
100311402,100311,402
100311403,100311,403
100311404,100311,404
100311502,100311,502
100311602,100311,602
100311601,100311,601
100311603,100311,603
100311604,100311,604
100311605,100311,605
100311801,100311,801
100311802,100311,802
100311804,100311,804
100311920,100311,920
100311503,100311,503
910032104,100321,4
910032102,100321,2
910032101,100321,1
910032103,100321,3
100321707,100321,709
100321706,100321,708
100321201,100321,201
100321202,100321,202
100321401,100321,401
100321402,100321,402
100321403,100321,403
100321404,100321,404
100321405,100321,405
100321406,100321,406
100321407,100321,407
100321801,100321,801
100321502,100321,502
100321503,100321,503
100321504,100321,504
100321506,100321,506
100321501,100321,501
100321602,100321,602
100321705,100321,707
100321601,100321,601
100321703,100321,703
100321702,100321,702
100321701,100321,701
100321610,100321,610
100321704,100321,706
100321608,100321,608
100321607,100321,607
100321606,100321,606
100321605,100321,605
100321604,100321,604
100321603,100321,603
100321609,100321,609
100401831,100401,831
100401830,100401,830
100401832,100401,832
100401835,100401,835
910040103,100401,3
100401840,100401,840
910040104,100401,4
910040102,100401,2
910040101,100401,1
100401839,100401,839
100401829,100401,829
100401824,100401,824
100401827,100401,827
100401702,100401,702
100401703,100401,703
100401801,100401,801
100401802,100401,802
100401803,100401,803
100401804,100401,804
100401805,100401,805
100401806,100401,806
100401807,100401,807
100401808,100401,808
100401809,100401,809
100401810,100401,810
100401811,100401,811
100401812,100401,812
100401813,100401,813
100401814,100401,814
100401815,100401,815
100401816,100401,816
100401818,100401,818
100401701,100401,701
100401819,100401,819
100401609,100401,609
100401607,100401,607
100401202,100401,202
100401203,100401,203
100401204,100401,204
100401205,100401,205
100401206,100401,206
100401207,100401,207
100401208,100401,208
100401501,100401,501
100401502,100401,502
100401503,100401,503
100401505,100401,505
100401506,100401,506
100401507,100401,507
100401601,100401,601
100401602,100401,602
100401603,100401,603
100401604,100401,604
100401605,100401,605
100401606,100401,606
100401608,100401,608
100401828,100401,828
100401817,100401,817
100401826,100401,826
100401820,100401,820
100401821,100401,821
100401825,100401,825
100401823,100401,823
100401822,100401,822
910041102,100411,2
100411702,100411,702
100411818,100411,818
100411703,100411,703
100411801,100411,801
100411802,100411,802
100411803,100411,803
100411804,100411,804
100411805,100411,805
100411806,100411,806
100411701,100411,701
100411808,100411,808
100411809,100411,809
100411810,100411,810
100411811,100411,811
100411812,100411,812
100411815,100411,815
910041101,100411,1
910041103,100411,3
100411807,100411,807
100411610,100411,610
910041104,100411,4
100411001,100411,1
100411817,100411,817
100411002,100411,2
100411201,100411,201
100411203,100411,203
100411204,100411,204
100411205,100411,205
100411501,100411,501
100411502,100411,502
100411503,100411,503
100411504,100411,504
100411505,100411,505
100411601,100411,601
100411602,100411,602
100411603,100411,603
100411604,100411,604
100411605,100411,605
100411606,100411,606
100411607,100411,607
100411609,100411,609
100411608,100411,608
100411819,100411,819
100411820,100411,820
100411821,100411,821
100411822,100411,822
100411823,100411,823
100411824,100411,824
100411826,100411,826
100411910,100411,910
100421807,100421,807
100421605,100421,605
100421606,100421,606
100421607,100421,607
100421608,100421,608
100421609,100421,609
100421610,100421,610
100421614,100421,614
100421612,100421,612
100421613,100421,613
100421604,100421,604
100421615,100421,615
100421616,100421,616
100421611,100421,611
100421603,100421,603
100421506,100421,506
100421601,100421,601
100421507,100421,507
100421617,100421,617
100421505,100421,505
100421504,100421,504
100421503,100421,503
100421502,100421,502
100421501,100421,501
100421203,100421,203
100421202,100421,202
100421201,100421,201
100421102,100421,102
100421101,100421,101
100421001,100421,1
100421602,100421,602
100421618,100421,618
100421619,100421,619
100421620,100421,620
100421806,100421,806
100421920,100421,920
100421801,100421,801
100421707,100421,707
100421802,100421,802
100421705,100421,705
100421704,100421,704
100421703,100421,703
100421621,100421,621
100421706,100421,706
100422604,100422,604
100422603,100422,603
100422602,100422,602
100422601,100422,601
100422505,100422,505
100422504,100422,504
100422502,100422,502
100422605,100422,605
100422201,100422,202
100422001,100422,1
100422511,100422,511
100422501,100422,501
100422611,100422,611
100422608,100422,608
100422609,100422,609
100422610,100422,610
100422702,100422,702
100422703,100422,706
100422704,100422,707
100422705,100422,708
100422706,100422,709
100422801,100422,801
100422804,100422,804
100422607,100422,607
100422606,100422,606
910050104,100501,4
910050103,100501,3
910050102,100501,2
910050101,100501,1
100501802,100501,802
100501940,100501,940
100501606,100501,606
100501607,100501,607
100501608,100501,608
100501609,100501,609
100501610,100501,610
100501611,100501,611
100501612,100501,612
100501613,100501,613
100501702,100501,702
100501703,100501,703
100501704,100501,704
100501705,100501,706
100501706,100501,707
100501801,100501,801
100501803,100501,803
100501804,100501,804
100501805,100501,805
100501806,100501,806
100501910,100501,910
100501605,100501,605
100501604,100501,604
100501603,100501,603
100501411,100501,411
100501402,100501,402
100501403,100501,403
100501404,100501,404
100501405,100501,405
100501406,100501,406
100501409,100501,409
100501410,100501,410
100501602,100501,602
100501401,100501,401
100501415,100501,415
100501420,100501,420
100501501,100501,501
100501502,100501,502
100501503,100501,503
100501504,100501,504
100501505,100501,505
100501506,100501,506
100501601,100501,601
100501419,100501,419
100501201,100501,201
100502605,100502,605
910050201,100502,1
100502401,100502,401
100502606,100502,606
100502403,100502,403
100502402,100502,402
100502949,100502,949
100502703,100502,703
100502702,100502,702
100502609,100502,609
100502608,100502,608
100502701,100502,701
100502604,100502,604
100502603,100502,603
100502602,100502,602
100502601,100502,604
100502501,100502,501
100502607,100502,607
100503607,100503,607
100503610,100503,610
100503609,100503,609
100503608,100503,608
100503606,100503,606
100503401,100503,401
100503604,100503,604
100503603,100503,603
100503602,100503,602
100503601,100503,601
100503501,100503,501
100503605,100503,605
100503701,100503,701
100503703,100503,703
100503704,100503,704
100503705,100503,705
100503803,100503,803
100503702,100503,702
100504801,100504,801
100504705,100504,705
100504704,100504,704
100504703,100504,703
100504702,100504,702
100504701,100504,701
100504607,100504,607
100504605,100504,605
100504604,100504,604
100504603,100504,603
100504602,100504,602
100504601,100504,601
100504502,100504,502
100504501,100504,501
100504606,100504,606
910051104,100511,4
910051101,100511,1
910051102,100511,2
910051103,100511,3
910051112,100511,12
100511612,100511,612
100511408,100511,408
100511608,100511,608
100511609,100511,609
100511610,100511,610
100511611,100511,611
100511614,100511,614
100511615,100511,615
100511616,100511,616
100511701,100511,701
100511702,100511,702
100511607,100511,607
100511703,100511,705
100511705,100511,707
100511706,100511,708
100511707,100511,709
100511708,100511,710
100511709,100511,711
100511710,100511,712
100511802,100511,802
100511803,100511,803
100511920,100511,920
100511704,100511,706
100511606,100511,606
100511613,100511,613
100511604,100511,604
100511401,100511,401
100511402,100511,402
100511403,100511,403
100511404,100511,404
100511605,100511,605
100511406,100511,406
100511407,100511,407
100511409,100511,409
100511410,100511,410
100511411,100511,411
100511412,100511,412
100511405,100511,405
100511414,100511,414
100511501,100511,501
100511502,100511,502
100511503,100511,503
100511504,100511,504
100511506,100511,506
100511601,100511,601
100511602,100511,602
100511603,100511,603
100511413,100511,413
910100101,101001,1
101001401,101001,401
101001209,101001,209
101001208,101001,208
101001207,101001,207
101001205,101001,205
101001101,101001,101
101001203,101001,203
101001202,101001,202
101001201,101001,201
101001001,101001,1
910100102,101001,2
101001204,101001,204
101001402,101001,402
101001403,101001,403
101001703,101001,705
101001605,101001,605
101001606,101001,606
101001608,101001,608
101001609,101001,609
101001610,101001,610
101001701,101001,701
101001604,101001,604
101001702,101001,702
101001705,101001,707
101001801,101001,801
101001802,101001,802
101001803,101001,803
101001806,101001,806
101001910,101001,910
101001704,101001,706
101001603,101001,603
101001607,101001,607
101001601,101001,601
101001404,101001,404
101001405,101001,405
101001406,101001,406
101001407,101001,407
101001602,101001,602
101001409,101001,409
101001410,101001,410
101001408,101001,408
101001412,101001,412
101001501,101001,501
101001502,101001,502
101001503,101001,503
101001504,101001,504
101001505,101001,505
101001411,101001,411
101002606,101002,606
101002503,101002,503
101002605,101002,605
101002604,101002,604
101002603,101002,603
101002602,101002,602
101002601,101002,601
101002504,101002,504
101002502,101002,502
101002703,101002,703
101002403,101002,403
101002402,101002,402
101002401,101002,401
101002204,101002,204
101002203,101002,203
101002202,101002,202
101002201,101002,201
101002001,101002,1
101002607,101002,607
101002501,101002,501
101002608,101002,608
101002609,101002,609
101002610,101002,610
101002702,101002,702
101002940,101002,940
101002802,101002,802
101002801,101002,801
101002704,101002,704
101002614,101002,614
910100202,101002,2
910100201,101002,1
101002613,101002,613
101002612,101002,612
101002611,101002,611
910100203,101002,3
101012001,101012,1
101012501,101012,501
101101704,101101,704
101101703,101101,703
101101702,101101,702
101101604,101101,604
101101602,101101,602
101101601,101101,601
101101701,101101,701
101101603,101101,603
101102601,101102,601
101102602,101102,602
101102603,101102,603
101102604,101102,604
101102701,101102,701
101102702,101102,702
101102703,101102,703
101103201,101103,201
101103605,101103,605
101103603,101103,603
101103601,101103,601
101103991,101103,991
101103802,101103,802
101103602,101103,602
101103702,101103,706
101103701,101103,704
101103801,101103,801
101103604,101103,604
101104702,101104,705
101104701,101104,704
101104604,101104,604
101104602,101104,602
101104601,101104,601
101104201,101104,201
101104603,101104,603
101105602,101105,602
101105603,101105,603
101105701,101105,703
101105702,101105,704
101105703,101105,705
101105940,101105,940
101105601,101105,601
910120201,101202,1
101202603,101202,603
101202401,101202,401
101202402,101202,402
101202201,101202,201
101202910,101202,910
101202814,101202,814
101202804,101202,804
101202802,101202,802
101202801,101202,801
101202608,101202,608
101202607,101202,607
101202803,101202,803
101202605,101202,605
101202102,101202,102
101202101,101202,101
101202002,101202,2
101202501,101202,501
101202001,101202,1
101202604,101202,604
101202602,101202,602
101202606,101202,606
101202601,101202,601
101203603,101203,603
101203601,101203,601
101203505,101203,505
101203501,101203,501
101203503,101203,503
101203502,101203,502
101203001,101203,1
101203604,101203,604
101203504,101203,504
101203605,101203,605
101203701,101203,701
101203607,101203,607
910120302,101203,2
910120301,101203,1
101203816,101203,816
101203815,101203,815
101203813,101203,813
101203812,101203,812
101203811,101203,811
101203810,101203,810
101203809,101203,809
101203606,101203,606
101203808,101203,808
101203806,101203,806
101203805,101203,805
101203804,101203,804
101203803,101203,803
101203802,101203,802
101203801,101203,801
101203705,101203,706
101203704,101203,705
101203703,101203,704
101203702,101203,703
101203807,101203,807
101203602,101203,602
910120401,101204,1
910120402,101204,2
101204603,101204,603
101204001,101204,1
101204501,101204,501
101204502,101204,502
101204503,101204,503
101204504,101204,504
101204505,101204,505
101204506,101204,506
101204507,101204,507
101204602,101204,602
101204508,101204,508
101204601,101204,601
101204825,101204,825
101204810,101204,810
101204811,101204,811
101204812,101204,812
101204813,101204,813
101204814,101204,814
101204815,101204,815
101204809,101204,809
101204816,101204,816
101204818,101204,818
101204819,101204,819
101204820,101204,820
101204821,101204,821
101204822,101204,822
101204823,101204,823
101204817,101204,817
101204824,101204,824
101204808,101204,808
101204806,101204,806
101204606,101204,606
101204607,101204,607
101204608,101204,608
101204609,101204,609
101204610,101204,610
101204701,101204,701
101204807,101204,807
101204702,101204,702
101204704,101204,704
101204801,101204,801
101204802,101204,802
101204803,101204,803
101204804,101204,804
101204805,101204,805
101204703,101204,703
101204605,101204,605
101204604,101204,604
101204827,101204,827
101204826,101204,826
101204835,101204,835
101204834,101204,834
101204833,101204,833
101204837,101204,837
101204831,101204,831
101204830,101204,830
101204829,101204,829
101204828,101204,828
101204832,101204,832
910120503,101205,3
101205602,101205,602
910120502,101205,2
910120501,101205,1
101205607,101205,607
101205606,101205,606
101205605,101205,605
101205604,101205,604
101205609,101205,609
101205603,101205,603
101205601,101205,601
101205505,101205,505
101205509,101205,509
101205508,101205,508
101205507,101205,507
101205506,101205,506
101205504,101205,504
101205503,101205,503
101205502,101205,502
101205501,101205,501
101205002,101205,2
101205001,101205,1
101205610,101205,610
101205510,101205,510
101205701,101205,701
101205608,101205,608
101205809,101205,809
101205806,101205,806
101205805,101205,805
101205804,101205,804
101205707,101205,709
101205706,101205,708
101205705,101205,707
101205704,101205,704
101205708,101205,712
101205702,101205,702
101205703,101205,703
101206604,101206,604
101206603,101206,603
101206602,101206,602
101206601,101206,601
101206502,101206,502
101206501,101206,501
101206401,101206,401
101206806,101206,806
101206805,101206,805
101206804,101206,804
101206605,101206,605
101206803,101206,803
910120601,101206,1
101206802,101206,802
101206801,101206,801
101207602,101207,602
101207404,101207,404
101207501,101207,501
101207601,101207,601
101207803,101207,803
101207403,101207,403
101207402,101207,402
101207401,101207,401
101207001,101207,1
101208910,101208,910
101208805,101208,805
101208804,101208,804
101208704,101208,706
101208703,101208,705
101208702,101208,702
101208701,101208,701
101208607,101208,607
101208605,101208,605
101208604,101208,604
101208603,101208,603
101208606,101208,606
101208601,101208,601
101208504,101208,504
101208503,101208,503
101208501,101208,501
101208001,101208,1
101208602,101208,602
910120801,101208,1
101211402,101211,402
101211403,101211,403
101211404,101211,404
101211405,101211,405
101211409,101211,409
101211408,101211,408
101211407,101211,407
101211410,101211,410
101211401,101211,401
101211406,101211,406
101211209,101211,209
101211413,101211,413
101211207,101211,207
101211206,101211,206
101211205,101211,205
101211204,101211,204
101211203,101211,203
101211201,101211,201
101211411,101211,411
910121101,101211,1
910121102,101211,2
910121103,101211,3
101211208,101211,208
101211412,101211,412
101211920,101211,920
101211710,101211,712
101211611,101211,611
101211612,101211,612
101211613,101211,613
101211614,101211,614
101211615,101211,615
101211616,101211,616
101211617,101211,617
101211618,101211,618
101211619,101211,619
101211949,101211,949
101211701,101211,701
101211809,101211,809
101211808,101211,808
101211806,101211,806
101211805,101211,805
101211804,101211,804
101211803,101211,803
101211802,101211,802
101211801,101211,801
101211702,101211,702
101211709,101211,711
101211708,101211,710
101211707,101211,709
101211706,101211,708
101211705,101211,706
101211610,101211,610
101211609,101211,609
101211608,101211,608
101211607,101211,607
101211414,101211,414
101211415,101211,415
101211416,101211,416
101211417,101211,417
101211418,101211,418
101211419,101211,419
101211420,101211,420
101211704,101211,705
101211422,101211,422
101211423,101211,423
101211421,101211,421
101211501,101211,501
101211606,101211,606
101211424,101211,424
101211604,101211,604
101211603,101211,603
101211605,101211,605
101211601,101211,601
101211504,101211,504
101211503,101211,503
101211502,101211,502
101211602,101211,602
101211703,101211,704
910130101,101301,1
910130102,101301,2
910130103,101301,3
910130104,101301,4
910130113,101301,13
101301602,101301,602
101301502,101301,502
101301910,101301,910
101301807,101301,807
101301804,101301,804
101301803,101301,803
101301802,101301,802
101301801,101301,801
101301703,101301,711
101301505,101301,505
101301611,101301,611
101301610,101301,610
101301609,101301,609
101301608,101301,608
101301607,101301,607
101301606,101301,606
101301605,101301,605
101301604,101301,604
101301603,101301,603
101301504,101301,504
101301503,101301,503
101301702,101301,709
101301501,101301,501
101301001,101301,1
101301002,101301,2
101301003,101301,3
101301201,101301,201
101301202,101301,202
101301204,101301,204
101301205,101301,205
101301206,101301,206
101301601,101301,601
101301207,101301,207
101301209,101301,209
101301210,101301,210
101301211,101301,211
101301401,101301,401
101301402,101301,402
101301403,101301,403
101301404,101301,404
101301405,101301,405
101301208,101301,208
910131101,101311,1
101311134,101311,134
101311011,101311,10
101311125,101311,125
101311126,101311,126
101311127,101311,127
101311128,101311,128
101311129,101311,129
101311130,101311,130
101311131,101311,131
101311133,101311,133
101311201,101311,201
101311202,101311,202
101311203,101311,203
101311204,101311,204
101311205,101311,205
101311206,101311,206
101311207,101311,207
101311208,101311,208
101311209,101311,209
101311210,101311,210
101311212,101311,212
101311401,101311,401
101311402,101311,402
101311403,101311,403
101311404,101311,404
101311405,101311,405
101311801,101311,801
101311804,101311,804
101311805,101311,805
101311806,101311,806
101311991,101311,991
101311124,101311,124
101311123,101311,123
101311132,101311,132
101311121,101311,121
101311001,101311,1
101311002,101311,2
101311003,101311,3
101311004,101311,4
101311005,101311,5
101311122,101311,122
101311008,101311,7
101311009,101311,8
101311010,101311,9
101311012,101311,11
101311013,101311,12
101311101,101311,101
101311102,101311,102
101311103,101311,103
101311104,101311,104
101311007,101311,6
101311106,101311,106
101311105,101311,105
101311120,101311,120
101311119,101311,119
101311118,101311,118
101311116,101311,116
101311115,101311,115
101311113,101311,113
101311117,101311,117
101311111,101311,111
101311110,101311,110
101311109,101311,109
101311108,101311,108
101311107,101311,107
101311112,101311,112
910131201,101312,1
101312401,101312,401
101312802,101312,802
101312801,101312,801
101312404,101312,404
101312403,101312,403
101312402,101312,402
101312205,101312,205
101312101,101312,101
101312203,101312,203
101312202,101312,202
101312201,101312,201
101312103,101312,103
101312102,101312,102
101312002,101312,2
101312001,101312,1
101312803,101312,803
101312204,101312,204
101312804,101312,804
910131301,101313,1
910131311,101313,11
101313001,101313,1
101313103,101313,103
101313104,101313,104
101313804,101313,804
101313803,101313,803
101313802,101313,802
101313801,101313,801
101313402,101313,402
101313401,101313,401
101313204,101313,204
101313102,101313,102
101313202,101313,202
101313201,101313,201
101313106,101313,106
101313101,101313,101
101313203,101313,203
101313105,101313,105
101314803,101314,803
101314802,101314,802
101314801,101314,801
101314403,101314,403
101314804,101314,804
101314204,101314,204
101314401,101314,401
910131401,101314,1
101314402,101314,402
101314202,101314,202
101314203,101314,203
101314201,101314,201
910131501,101315,1
101315804,101315,804
101315803,101315,803
101315802,101315,802
101315801,101315,801
101315503,101315,503
101315502,101315,502
101315501,101315,501
101315406,101315,406
101315404,101315,404
101315403,101315,403
101315401,101315,401
101315205,101315,205
101315408,101315,408
101315407,101315,407
101316001,101316,1
101316004,101316,4
101316005,101316,5
101316804,101316,804
101316805,101316,805
101316806,101316,806
101316807,101316,807
101316808,101316,808
101316809,101316,809
101316810,101316,810
101316803,101316,803
101316901,101316,901
101316905,101316,905
101316906,101316,906
101316907,101316,907
101316908,101316,908
101316910,101316,910
101316921,101316,921
910131601,101316,1
101316902,101316,902
101316802,101316,802
101316801,101316,801
101316501,101316,501
101316101,101316,101
101316102,101316,102
101316103,101316,103
101316202,101316,202
101316203,101316,203
101316204,101316,204
101316205,101316,205
101316206,101316,206
101316207,101316,207
101316208,101316,208
101316401,101316,401
101316402,101316,402
101316403,101316,403
101316404,101316,404
101316405,101316,405
101316406,101316,406
101316407,101316,407
101316003,101316,3
101316002,101316,2
910131703,101317,3
910131712,101317,12
910131702,101317,2
910131701,101317,1
101317401,101317,401
101317702,101317,702
101317805,101317,805
101317804,101317,804
101317803,101317,803
101317802,101317,802
101317801,101317,801
101317704,101317,704
101317703,101317,703
101317701,101317,701
101317806,101317,806
101317606,101317,606
101317604,101317,604
101317603,101317,603
101317602,101317,602
101317601,101317,601
101317504,101317,504
101317503,101317,503
101317502,101317,502
101317501,101317,501
101317201,101317,201
101317605,101317,605
101318802,101318,802
101318803,101318,803
101318201,101318,201
101318801,101318,801
101318804,101318,804
101318504,101318,504
910131801,101318,1
101318502,101318,502
101318501,101318,501
101318401,101318,401
101318202,101318,202
101318503,101318,503
101321508,101321,508
101321507,101321,507
101321506,101321,506
101321505,101321,505
101321504,101321,504
101321501,101321,501
101321502,101321,502
101321203,101321,203
101321202,101321,202
101321201,101321,201
101321601,101321,601
101321503,101321,503
101321706,101321,705
101321602,101321,602
101321604,101321,604
101321802,101321,802
101321803,101321,803
101321804,101321,804
101321805,101321,805
101321806,101321,806
101321807,101321,807
101321808,101321,808
101321603,101321,603
101321705,101321,705
101321704,101321,704
101321703,101321,703
101321702,101321,702
101321801,101321,801
101321616,101321,616
101321611,101321,611
101321610,101321,610
101321612,101321,612
101321701,101321,701
101321608,101321,608
101321609,101321,609
101321606,101321,606
101321605,101321,605
101321613,101321,613
101321614,101321,614
101321615,101321,615
101321607,101321,607
101322501,101322,501
101322502,101322,502
101322503,101322,503
101322504,101322,504
101322505,101322,505
101322507,101322,507
101322612,101322,612
101322508,101322,508
101322601,101322,601
101322602,101322,602
101322603,101322,603
101322604,101322,604
101322605,101322,605
101322607,101322,607
101322608,101322,608
101322609,101322,609
101322610,101322,610
101322611,101322,611
101322506,101322,506
101322606,101322,606
101322613,101322,613
101322801,101322,801
101322806,101322,806
101322805,101322,805
101322714,101322,714
101322712,101322,712
101322711,101322,711
101322710,101322,710
101322709,101322,709
101322707,101322,707
101322715,101322,715
101322705,101322,705
101322704,101322,704
101322703,101322,703
101322702,101322,702
101322701,101322,701
101322616,101322,616
101322615,101322,615
101322614,101322,614
101322706,101322,706
101331503,101331,503
101331502,101331,502
101331501,101331,501
910133102,101331,2
101331201,101331,201
910133101,101331,1
101381108,101381,108
101381001,101381,1
101381101,101381,101
101381102,101381,102
101381103,101381,103
101381104,101381,104
101381105,101381,105
101381106,101381,106
101381107,101381,107
101382402,101382,402
101382501,101382,501
101382201,101382,201
101382401,101382,401
101382403,101382,403
101383101,101383,101
101383102,101383,102
101383103,101383,103
101383401,101383,401
101383501,101383,501
101384201,101384,201
101384402,101384,402
101384403,101384,403
101384501,101384,501
101385501,101385,501
101385401,101385,401
101385201,101385,201
101386201,101386,201
101386401,101386,401
101386402,101386,402
101386403,101386,403
101386501,101386,501
101387201,101387,201
101387401,101387,401
101387402,101387,402
101387403,101387,403
101387501,101387,501
101388201,101388,201
101388501,101388,501
101388401,101388,401
101389402,101389,402
101389401,101389,401
101389205,101389,205
101389501,101389,501
101389201,101389,201
101389403,101389,403
101389203,101389,203
101401204,101401,204
101401001,101401,1
101401002,101401,2
101401118,101401,118
101401201,101401,201
101401202,101401,202
101401205,101401,205
101401206,101401,206
101401207,101401,207
101401117,101401,117
101401208,101401,208
101401401,101401,401
101401402,101401,402
101401403,101401,403
101401404,101401,404
101401405,101401,405
101401203,101401,203
101401209,101401,209
101401116,101401,116
910140101,101401,1
101401114,101401,114
101401003,101401,3
101401004,101401,4
101401115,101401,115
101401101,101401,101
101401102,101401,102
101401103,101401,103
101401104,101401,104
101401005,101401,5
101401106,101401,106
101401107,101401,107
101401109,101401,109
101401110,101401,110
101401111,101401,111
101401112,101401,112
101401113,101401,113
101401105,101401,105
101411501,101411,501
101411405,101411,405
101411404,101411,404
101411403,101411,403
101411203,101411,203
101411401,101411,401
101411205,101411,205
101411202,101411,202
101411201,101411,201
101411402,101411,402
101411502,101411,502
101411611,101411,611
101411602,101411,602
910141101,101411,1
910141102,101411,2
101411910,101411,910
101411804,101411,804
101411803,101411,803
101411802,101411,802
101411801,101411,801
101411704,101411,704
101411703,101411,703
101411702,101411,702
101411701,101411,701
101411610,101411,610
101411609,101411,609
101411608,101411,608
101411607,101411,607
101411606,101411,606
101411605,101411,605
101411604,101411,604
101411603,101411,603
101411503,101411,503
101411601,101411,601
101501703,101501,704
101501504,101501,504
101501801,101501,801
101501702,101501,703
101501701,101501,701
101501606,101501,606
101501604,101501,604
101501603,101501,603
101501601,101501,601
101501503,101501,503
101501502,101501,502
101501501,101501,501
101501408,101501,408
101501802,101501,802
101501407,101501,407
101501405,101501,405
101501404,101501,404
101501403,101501,403
101501402,101501,402
101501401,101501,401
101501201,101501,201
101501406,101501,406
101511004,101511,4
101511201,101511,201
101511202,101511,202
101511203,101511,203
101511204,101511,204
101511205,101511,205
101511003,101511,3
101511801,101511,801
101511001,101511,1
101511401,101511,401
910151101,101511,1
910151102,101511,2
910151103,101511,3
910151112,101511,12
910151113,101511,13
101511002,101511,2
101511802,101511,802
101511402,101511,402
101511404,101511,404
101511607,101511,607
101511608,101511,608
101511609,101511,609
101511610,101511,610
101511611,101511,611
101511612,101511,612
101511613,101511,613
101511701,101511,701
101511702,101511,702
101511703,101511,703
101511704,101511,704
101511705,101511,705
101511706,101511,706
101511707,101511,712
101511708,101511,718
101511606,101511,606
101511403,101511,403
101511605,101511,605
101511603,101511,603
101511405,101511,405
101511406,101511,406
101511407,101511,407
101511408,101511,408
101511409,101511,409
101511410,101511,410
101511411,101511,411
101511604,101511,604
101511412,101511,412
101511501,101511,501
101511502,101511,502
101511503,101511,503
101511504,101511,504
101511601,101511,601
101511602,101511,602
101511413,101511,413
910160102,101601,2
910160101,101601,1
910160103,101601,3
101601608,101601,608
101601410,101601,410
101601610,101601,610
101601611,101601,611
101601612,101601,612
101601613,101601,613
101601614,101601,614
101601615,101601,615
101601617,101601,617
101601618,101601,618
101601701,101601,701
101601702,101601,702
101601703,101601,703
101601704,101601,704
101601705,101601,705
101601706,101601,706
101601707,101601,707
101601801,101601,801
101601802,101601,802
101601910,101601,910
101601940,101601,940
101601609,101601,609
101601607,101601,607
101601616,101601,616
101601605,101601,605
101601201,101601,201
101601606,101601,606
101601401,101601,401
101601402,101601,402
101601405,101601,405
101601406,101601,406
101601407,101601,407
101601408,101601,408
101601409,101601,409
101601411,101601,411
101601202,101601,202
101601501,101601,501
101601412,101601,412
101601603,101601,603
101601602,101601,602
101601601,101601,601
101601604,101601,604
101601503,101601,503
101601502,101601,502
101601504,101601,504
101611612,101611,612
101611802,101611,802
101611613,101611,613
101611701,101611,701
101611702,101611,702
101611703,101611,703
101611801,101611,801
101611803,101611,803
101611920,101611,920
101611806,101611,806
101611807,101611,807
101611949,101611,949
910161101,101611,1
910161102,101611,2
910161103,101611,3
101611611,101611,611
101611804,101611,804
101611610,101611,610
101611603,101611,603
101611608,101611,608
101611609,101611,609
101611202,101611,202
101611401,101611,401
101611403,101611,403
101611405,101611,405
101611501,101611,501
101611502,101611,502
101611503,101611,503
101611601,101611,601
101611602,101611,602
101611402,101611,402
101611604,101611,604
101611605,101611,605
101611606,101611,606
101611607,101611,607
101611504,101611,504
101621604,101621,604
101621803,101621,803
101621603,101621,603
101621001,101621,1
101621601,101621,601
101621502,101621,502
101621501,101621,501
101621002,101621,2
910162101,101621,1
101621602,101621,602
101622802,101622,802
101622606,101622,606
101622201,101622,201
101622604,101622,604
101622603,101622,603
101622501,101622,501
101622601,101622,601
101622602,101622,602
101622605,101622,605
109001801,109001,801
109001607,109001,607
109001606,109001,606
109001604,109001,604
109001603,109001,603
109001602,109001,602
109001601,109001,601
109001003,109001,3
109001002,109001,2
109001001,109001,1
109001605,109001,605
109001802,109001,802
109001991,109001,991
109002501,109002,501
109002714,109002,714
109002709,109002,709
109002707,109002,707
109002702,109002,702
109002701,109002,701
109002611,109002,611
109002610,109002,610
109002609,109002,609
109002608,109002,608
109002607,109002,607
109002502,109002,502
109002605,109002,605
109002606,109002,606
109002504,109002,504
109002505,109002,505
109002503,109002,503
109002602,109002,602
109002603,109002,603
109002604,109002,604
109002601,109002,601
109004608,109004,608
109004707,109004,707
109004706,109004,706
109004702,109004,702
109004701,109004,701
109004610,109004,610
109004609,109004,609
109004607,109004,607
109004603,109004,603
109004605,109004,605
109004604,109004,604
109004602,109004,602
109004601,109004,601
109004502,109004,502
109004501,109004,501
109004001,109004,1
109004606,109004,606
109005604,109005,604
109005605,109005,605
109005603,109005,603
109005602,109005,602
109005121,109005,121
109005116,109005,116
109005115,109005,115
109005601,109005,601
109902001,109902,1
109902901,109902,901
109902902,109902,902
109903902,109903,902
109903001,109903,1
109904901,109904,901
109905902,109905,902
109905901,109905,901
109906901,109906,901
109906902,109906,902
130101801,130101,801
130101802,130101,802
130101426,130101,426
130101423,130101,423
130101424,130101,424
130101901,130101,901
130101425,130101,425
130101902,130101,902
913010101,130101,1
130101903,130101,903
130101904,130101,904
130101905,130101,905
130101906,130101,906
130101910,130101,910
913010102,130101,2
913010103,130101,3
130101421,130101,421
130101406,130101,406
130101414,130101,414
130101202,130101,202
130101415,130101,415
130101402,130101,402
130101403,130101,403
130101404,130101,404
130101405,130101,405
130101401,130101,401
130101408,130101,408
130101409,130101,409
130101410,130101,410
130101411,130101,411
130101407,130101,407
130101413,130101,413
130101412,130101,412
130102208,130102,208
130102209,130102,209
130102210,130102,210
130102211,130102,211
130102214,130102,214
130102206,130102,206
130102401,130102,401
913010202,130102,2
130102402,130102,402
913010201,130102,1
130102212,130102,212
130102205,130102,205
130102202,130102,202
130102203,130102,203
130102201,130102,201
130102108,130102,108
130102107,130102,107
130102105,130102,105
130102104,130102,104
130102103,130102,103
130102102,130102,102
130102101,130102,101
130102002,130102,2
130102001,130102,1
130102403,130102,403
130102204,130102,204
130102106,130102,106
130102404,130102,404
130102802,130102,802
130102602,130102,602
130102603,130102,603
130102605,130102,605
130102606,130102,606
130102607,130102,607
130102608,130102,608
130102609,130102,609
130102601,130102,601
130102610,130102,610
130102701,130102,701
130102702,130102,702
130102703,130102,703
130102704,130102,704
130102803,130102,803
130102804,130102,804
130102920,130102,920
130102611,130102,611
130102504,130102,504
130102604,130102,604
130102502,130102,502
130102405,130102,405
130102503,130102,503
130102407,130102,407
130102408,130102,408
130102409,130102,409
130102410,130102,410
130102411,130102,411
130102406,130102,406
130102413,130102,413
130102414,130102,414
130102415,130102,415
130102416,130102,416
130102501,130102,501
130102412,130102,412
130103135,130103,135
130103134,130103,134
130103133,130103,133
130103131,130103,131
130103130,130103,130
913010301,130103,1
130103001,130103,1
913010302,130103,2
913010303,130103,3
130103136,130103,136
130103002,130103,2
130103201,130103,201
130103132,130103,132
130103203,130103,203
130103413,130103,413
130103414,130103,414
130103415,130103,415
130103416,130103,416
130103417,130103,417
130103418,130103,418
130103419,130103,419
130103412,130103,412
130103202,130103,202
130103501,130103,501
130103601,130103,601
130103602,130103,602
130103603,130103,603
130103604,130103,604
130103605,130103,605
130103801,130103,801
130103421,130103,421
130103411,130103,411
130103420,130103,420
130103409,130103,409
130103410,130103,410
130103204,130103,204
130103205,130103,205
130103206,130103,206
130103207,130103,207
130103208,130103,208
130103402,130103,402
130103401,130103,401
130103404,130103,404
130103405,130103,405
130103406,130103,406
130103407,130103,407
130103408,130103,408
130103403,130103,403
130181604,130181,604
130181701,130181,701
130181606,130181,606
130181702,130181,702
130181605,130181,605
130181603,130181,603
130181502,130181,502
130181601,130181,601
130181501,130181,501
130181602,130181,602
130201408,130201,408
913020101,130201,1
913020102,130201,2
130201416,130201,416
130201415,130201,415
130201414,130201,414
130201413,130201,413
130201412,130201,412
130201411,130201,411
130201410,130201,410
130201409,130201,409
130201407,130201,407
130201419,130201,419
130201405,130201,405
130201404,130201,404
130201403,130201,403
130201402,130201,402
130201401,130201,401
130201204,130201,204
130201203,130201,203
130201202,130201,202
130201201,130201,201
130201120,130201,120
130201119,130201,119
130201417,130201,417
913020103,130201,3
130201418,130201,418
130201406,130201,406
130201001,130201,1
130201002,130201,2
130201611,130201,611
130201604,130201,604
130201605,130201,605
130201606,130201,606
130201607,130201,607
130201608,130201,608
130201609,130201,609
130201704,130201,704
130201603,130201,603
130201705,130201,705
130201708,130201,708
130201709,130201,709
130201710,130201,710
130201803,130201,803
130201804,130201,804
130201910,130201,910
130201612,130201,612
130201706,130201,706
130201602,130201,602
130201707,130201,707
130201506,130201,506
130201420,130201,420
130201601,130201,601
130201421,130201,421
130201422,130201,422
130201423,130201,423
130201701,130201,701
130201702,130201,702
130201703,130201,703
130201424,130201,424
130201610,130201,610
130201505,130201,505
130201426,130201,426
130201427,130201,427
130201428,130201,428
130201501,130201,501
130201502,130201,502
130201503,130201,503
130201425,130201,425
130201504,130201,504
130211515,130211,515
130211701,130211,701
130211704,130211,704
130211707,130211,707
130211706,130211,706
130211514,130211,514
130211803,130211,803
130211804,130211,804
130211705,130211,705
130211805,130211,805
130211509,130211,509
130211512,130211,512
130211511,130211,511
130211510,130211,510
130211508,130211,508
130211507,130211,507
130211504,130211,504
130211503,130211,503
130211501,130211,501
130211202,130211,202
130211201,130211,201
130211513,130211,513
130211502,130211,502
130211819,130211,819
130211808,130211,808
130211830,130211,830
130211831,130211,831
130211832,130211,832
130211833,130211,833
130211834,130211,834
130211835,130211,835
130211836,130211,836
130211829,130211,829
130211837,130211,837
130211841,130211,841
130211842,130211,842
130211843,130211,843
130211844,130211,844
913021101,130211,1
913021102,130211,2
913021103,130211,3
130211838,130211,838
130211807,130211,807
130211828,130211,828
130211826,130211,826
130211809,130211,809
130211810,130211,810
130211811,130211,811
130211812,130211,812
130211813,130211,813
130211814,130211,814
130211815,130211,815
130211827,130211,827
130211816,130211,816
130211818,130211,818
130211820,130211,820
130211821,130211,821
130211822,130211,822
130211823,130211,823
130211824,130211,824
130211825,130211,825
130211817,130211,817
130211806,130211,806
130221949,130221,949
130221501,130221,501
130221706,130221,706
913022101,130221,1
130221705,130221,705
130221704,130221,704
130221703,130221,703
130221702,130221,702
130221701,130221,701
130221604,130221,604
130221603,130221,603
130221941,130221,941
130221602,130221,602
130221511,130221,511
130221510,130221,510
130221509,130221,509
130221508,130221,508
130221507,130221,507
130221506,130221,506
130221505,130221,505
130221504,130221,504
130221503,130221,503
130221502,130221,502
130221601,130221,601
913022102,130221,2
913023101,130231,1
913023102,130231,2
130231701,130231,701
130231720,130231,720
130231514,130231,514
130231513,130231,513
130231512,130231,512
130231511,130231,511
130231510,130231,510
130231509,130231,509
130231515,130231,515
130231508,130231,508
130231506,130231,506
130231505,130231,505
130231504,130231,504
130231503,130231,503
130231502,130231,502
130231501,130231,501
130231507,130231,507
130231721,130231,721
130231516,130231,516
130231518,130231,518
130231719,130231,719
130231718,130231,718
130231717,130231,717
130231716,130231,716
130231715,130231,715
130231710,130231,710
130231517,130231,517
130231709,130231,709
130231707,130231,707
130231706,130231,706
130231702,130231,702
130231521,130231,521
130231520,130231,520
130231519,130231,519
130231708,130231,708
913024102,130241,2
913024101,130241,1
913024103,130241,3
130241206,130241,206
130241703,130241,703
130241516,130241,516
130241518,130241,518
130241519,130241,519
130241520,130241,520
130241521,130241,521
130241522,130241,522
130241523,130241,523
130241524,130241,524
130241525,130241,525
130241515,130241,515
130241526,130241,526
130241705,130241,705
130241706,130241,706
130241707,130241,707
130241708,130241,708
130241709,130241,709
130241710,130241,710
130241714,130241,714
130241715,130241,715
130241910,130241,910
130241704,130241,704
130241514,130241,514
130241517,130241,517
130241512,130241,512
130241201,130241,201
130241402,130241,402
130241403,130241,403
130241405,130241,405
130241406,130241,406
130241407,130241,407
130241408,130241,408
130241501,130241,501
130241513,130241,513
130241503,130241,503
130241502,130241,502
130241510,130241,510
130241505,130241,505
130241506,130241,506
130241507,130241,507
130241508,130241,508
130241509,130241,509
130241504,130241,504
130241511,130241,511
130301701,130301,701
130301702,130301,702
130301703,130301,703
130301704,130301,704
130301802,130301,802
130301602,130301,602
130301910,130301,910
130301991,130301,991
130301801,130301,801
130301601,130301,601
130301707,130301,707
130301501,130301,501
913030102,130301,2
130301502,130301,502
130301201,130301,201
130301202,130301,202
913030101,130301,1
130301403,130301,403
130301404,130301,404
130301405,130301,405
130301402,130301,402
130302403,130302,403
130302001,130302,1
130302201,130302,201
130302202,130302,202
130302203,130302,203
130302401,130302,401
130302402,130302,402
130302404,130302,404
130302406,130302,406
130302801,130302,801
913030202,130302,2
913030203,130302,3
130302941,130302,941
130302705,130302,705
130302704,130302,704
130302703,130302,703
130302702,130302,702
130302701,130302,701
913030201,130302,1
130302609,130302,609
130302608,130302,608
130302607,130302,607
130302610,130302,610
130302605,130302,605
130302407,130302,407
130302408,130302,408
130302606,130302,606
130302410,130302,410
130302411,130302,411
130302409,130302,409
130302502,130302,502
130302601,130302,601
130302602,130302,602
130302603,130302,603
130302604,130302,604
130302501,130302,501
130302405,130302,405
130303612,130303,612
130303701,130303,701
130303702,130303,702
130303703,130303,703
130303704,130303,704
130303705,130303,705
130303706,130303,706
130303707,130303,707
130303709,130303,709
913030301,130303,1
913030302,130303,2
130303804,130303,804
130303803,130303,803
130303802,130303,802
130303801,130303,801
130303711,130303,711
130303611,130303,611
130303708,130303,708
130303610,130303,610
130303505,130303,505
130303608,130303,608
130303201,130303,201
130303202,130303,202
130303203,130303,203
130303204,130303,204
130303205,130303,205
130303207,130303,207
130303501,130303,501
130303502,130303,502
130303503,130303,503
130303609,130303,609
130303504,130303,504
130303507,130303,507
130303508,130303,508
130303601,130303,601
130303602,130303,602
130303603,130303,603
130303604,130303,604
130303605,130303,605
130303606,130303,606
130303607,130303,607
130303506,130303,506
130303710,130303,710
913030501,130305,1
130305101,130305,101
130305202,130305,202
130305910,130305,910
130305603,130305,603
130305602,130305,602
130305601,130305,601
130306402,130306,402
130306401,130306,401
130306201,130306,201
130306405,130306,405
130306001,130306,1
130306403,130306,403
130306002,130306,2
130306406,130306,406
130306404,130306,404
130307702,130307,702
130307701,130307,701
130307607,130307,607
130307606,130307,606
130307605,130307,605
130307604,130307,604
130307603,130307,603
130307602,130307,602
130307601,130307,601
130307506,130307,506
130307703,130307,703
130307704,130307,704
130307705,130307,705
130307706,130307,706
130307801,130307,801
130307804,130307,804
130307805,130307,805
130307806,130307,806
130307807,130307,807
130307940,130307,940
130307505,130307,505
130307504,130307,504
130307403,130307,403
130307502,130307,502
130307503,130307,503
913030701,130307,1
130307203,130307,203
130307204,130307,204
130307205,130307,205
130307206,130307,206
913030702,130307,2
130307402,130307,402
130307404,130307,404
130307405,130307,405
130307501,130307,501
130307401,130307,401
130308712,130308,712
130308709,130308,709
130308708,130308,708
130308614,130308,614
130308615,130308,615
130308616,130308,616
130308701,130308,701
130308702,130308,702
130308703,130308,703
130308704,130308,704
130308705,130308,705
130308713,130308,713
130308617,130308,617
130308714,130308,714
130308509,130308,509
130308716,130308,716
130308717,130308,717
130308718,130308,718
130308719,130308,719
130308613,130308,613
130308721,130308,721
130308722,130308,722
130308801,130308,801
130308802,130308,802
130308803,130308,803
130308804,130308,804
130308807,130308,807
130308809,130308,809
130308715,130308,715
130308612,130308,612
130308201,130308,201
130308610,130308,610
913030803,130308,3
913030802,130308,2
913030801,130308,1
130308501,130308,501
130308611,130308,611
130308503,130308,503
130308504,130308,504
130308505,130308,505
130308506,130308,506
130308507,130308,507
130308508,130308,508
130308502,130308,502
130308510,130308,510
130308601,130308,601
130308602,130308,602
130308603,130308,603
130308604,130308,604
130308605,130308,605
130308606,130308,606
130308607,130308,607
130308608,130308,608
130308609,130308,609
130309602,130309,602
130309603,130309,603
130309604,130309,604
130309605,130309,605
130309606,130309,606
130309607,130309,607
130309704,130309,704
130309701,130309,701
130309702,130309,702
130309703,130309,703
130309801,130309,801
130309705,130309,705
130309601,130309,601
130309608,130309,608
130309503,130309,503
130309609,130309,609
130309501,130309,501
913030903,130309,3
913030902,130309,2
913030901,130309,1
130309611,130309,611
130309502,130309,502
130309401,130309,401
130309201,130309,201
130309403,130309,403
130309404,130309,404
130309405,130309,405
130309406,130309,406
130309407,130309,407
130309402,130309,402
130309610,130309,610
913040101,130401,1
913040102,130401,2
130401502,130401,502
130401001,130401,1
130401605,130401,605
130401606,130401,606
130401607,130401,607
130401608,130401,608
130401609,130401,609
130401611,130401,611
130401604,130401,604
130401612,130401,612
130401702,130401,702
130401703,130401,703
130401704,130401,704
130401705,130401,705
130401805,130401,805
130401920,130401,920
130401701,130401,701
130401603,130401,603
130401610,130401,610
130401601,130401,601
130401602,130401,602
130401202,130401,202
130401401,130401,401
130401402,130401,402
130401403,130401,403
130401404,130401,404
130401405,130401,405
130401410,130401,410
130401201,130401,201
130401413,130401,413
130401414,130401,414
130401501,130401,501
130401503,130401,503
130401504,130401,504
130401412,130401,412
130402406,130402,406
130402407,130402,407
130402408,130402,408
130402409,130402,409
130402410,130402,410
130402411,130402,411
130402413,130402,413
130402414,130402,414
130402503,130402,503
130402502,130402,502
130402504,130402,504
130402505,130402,505
130402506,130402,506
130402507,130402,507
130402508,130402,508
130402501,130402,501
130402405,130402,405
130402001,130402,1
130402403,130402,403
913040202,130402,2
913040201,130402,1
130402601,130402,601
130402201,130402,201
130402203,130402,203
130402204,130402,204
130402205,130402,205
130402404,130402,404
130402206,130402,206
130402208,130402,208
130402209,130402,209
130402210,130402,210
130402211,130402,211
130402212,130402,212
130402401,130402,401
130402402,130402,402
130402207,130402,207
130402602,130402,602
130402606,130402,606
130402604,130402,604
130402603,130402,603
130402810,130402,810
130402809,130402,809
130402806,130402,806
130402802,130402,802
130402801,130402,801
130402706,130402,706
130402803,130402,803
130402704,130402,704
130402703,130402,703
130402702,130402,702
130402701,130402,701
130402607,130402,607
130402605,130402,605
130402705,130402,705
130421703,130421,703
130421602,130421,602
130421603,130421,603
130421604,130421,604
130421605,130421,605
130421701,130421,701
130421702,130421,702
130421704,130421,704
913042101,130421,1
130421802,130421,802
130421803,130421,803
130421804,130421,804
130421807,130421,807
130421940,130421,940
130421601,130421,601
913042102,130421,2
913042103,130421,3
130421801,130421,801
130421506,130421,506
130421503,130421,503
130421504,130421,504
130421201,130421,201
130421202,130421,202
130421203,130421,203
130421401,130421,401
130421505,130421,505
130421403,130421,403
130421404,130421,404
130421405,130421,405
130421402,130421,402
130421407,130421,407
130421408,130421,408
130421409,130421,409
130421410,130421,410
130421411,130421,411
130421406,130421,406
130421412,130421,412
130421501,130421,501
130421502,130421,502
130481602,130481,602
130481201,130481,201
130481501,130481,501
130481601,130481,601
130482501,130482,501
130483501,130483,501
130483601,130483,601
913050102,130501,2
913050101,130501,1
913050103,130501,3
130501910,130501,910
130501004,130501,4
130501601,130501,601
130501602,130501,602
130501603,130501,603
130501604,130501,604
130501605,130501,605
130501607,130501,607
130501608,130501,608
130501609,130501,609
130501610,130501,610
130501611,130501,611
130501612,130501,612
130501613,130501,613
130501509,130501,509
130501614,130501,614
130501616,130501,616
130501701,130501,701
130501702,130501,702
130501703,130501,703
130501704,130501,704
130501705,130501,705
130501801,130501,801
130501803,130501,803
130501806,130501,806
130501807,130501,807
130501808,130501,808
130501809,130501,809
130501615,130501,615
130501508,130501,508
130501606,130501,606
130501506,130501,506
130501001,130501,1
130501002,130501,2
130501003,130501,3
130501005,130501,5
130501006,130501,6
130501007,130501,7
130501507,130501,507
130501009,130501,9
130501010,130501,10
130501205,130501,205
130501206,130501,206
130501207,130501,207
130501401,130501,401
130501402,130501,402
130501008,130501,8
130501404,130501,404
130501403,130501,403
130501505,130501,505
130501504,130501,504
130501503,130501,503
130501501,130501,501
130501411,130501,411
130501502,130501,502
130501410,130501,410
130501408,130501,408
130501407,130501,407
130501406,130501,406
130501405,130501,405
130502606,130502,606
130502601,130502,601
130502602,130502,602
130502603,130502,603
130502604,130502,604
130502502,130502,502
130502607,130502,607
913050201,130502,1
130502701,130502,701
130502702,130502,702
130502703,130502,703
130502910,130502,910
913050202,130502,2
130502501,130502,501
130502608,130502,608
130502412,130502,412
130502605,130502,605
130502410,130502,410
130502411,130502,411
130502102,130502,102
130502001,130502,1
130502109,130502,109
130502202,130502,202
130502203,130502,203
130502204,130502,204
130502201,130502,201
130502402,130502,402
130502403,130502,403
130502404,130502,404
130502407,130502,407
130502408,130502,408
130502409,130502,409
130502401,130502,401
130601608,130601,608
130601710,130601,710
130601609,130601,609
130601701,130601,701
130601703,130601,703
130601704,130601,704
130601705,130601,705
130601709,130601,709
130601711,130601,711
130601949,130601,949
130601713,130601,713
130601801,130601,801
130601802,130601,802
130601803,130601,803
130601804,130601,804
130601920,130601,920
130601607,130601,607
913060101,130601,1
913060102,130601,2
913060103,130601,3
130601712,130601,712
130601606,130601,606
130601702,130601,702
130601604,130601,604
130601203,130601,203
130601202,130601,202
130601201,130601,201
130601001,130601,1
130601605,130601,605
130601204,130601,204
130601402,130601,402
130601403,130601,403
130601404,130601,404
130601405,130601,405
130601406,130601,406
130601401,130601,401
130601408,130601,408
130601501,130601,501
130601502,130601,502
130601503,130601,503
130601504,130601,504
130601603,130601,603
130601505,130601,505
130601602,130601,602
130601601,130601,601
130601507,130601,507
130601506,130601,506
130601407,130601,407
130681603,130681,603
130681601,130681,601
130681502,130681,502
130681501,130681,501
130681602,130681,602
913070102,130701,2
913070101,130701,1
913070103,130701,3
130701410,130701,410
130701412,130701,412
130701411,130701,411
130701409,130701,409
130701001,130701,2
130701407,130701,407
130701406,130701,406
130701405,130701,405
130701404,130701,404
130701403,130701,403
130701402,130701,402
130701401,130701,401
130701205,130701,205
130701204,130701,204
130701203,130701,203
130701202,130701,202
130701408,130701,408
130701413,130701,413
130701414,130701,414
130701603,130701,603
130701704,130701,704
130701705,130701,705
130701706,130701,706
130701709,130701,709
130701710,130701,710
130701711,130701,711
130701712,130701,712
130701713,130701,713
130701801,130701,801
130701802,130701,802
130701803,130701,803
130701804,130701,804
130701805,130701,805
130701806,130701,806
130701807,130701,807
130701608,130701,608
130701607,130701,607
130701606,130701,606
130701605,130701,605
130701503,130701,503
130701502,130701,502
130701501,130701,501
130701422,130701,422
130701421,130701,421
130701506,130701,506
130701420,130701,420
130701808,130701,808
130701419,130701,419
130701417,130701,417
130701416,130701,416
130701415,130701,415
130701507,130701,507
130701601,130701,601
130701602,130701,602
130701604,130701,604
130701418,130701,418
130701504,130701,504
130701505,130701,505
130781501,130781,501
130781601,130781,601
130781602,130781,602
130781603,130781,603
130782502,130782,502
130782503,130782,503
130782801,130782,801
130783605,130783,605
130783604,130783,604
130783603,130783,603
130783602,130783,602
130783601,130783,601
130801923,130801,923
130801403,130801,403
130801921,130801,921
130801922,130801,922
130801401,130801,401
130801113,130801,113
130801402,130801,402
130801111,130801,111
130801112,130801,112
130901410,130901,410
130901409,130901,409
130901408,130901,408
130901407,130901,407
130901406,130901,406
130901405,130901,405
130901404,130901,404
130901403,130901,403
130901402,130901,402
130901401,130901,401
130901203,130901,203
130901201,130901,201
130901002,130901,2
130901001,130901,1
913090101,130901,1
913090102,130901,2
913090103,130901,3
130901411,130901,411
130901204,130901,204
130901412,130901,412
130901414,130901,414
130901709,130901,709
130901702,130901,702
130901703,130901,703
130901704,130901,704
130901705,130901,705
130901708,130901,708
130901806,130901,806
130901710,130901,710
130901701,130901,701
130901711,130901,711
130901713,130901,713
130901801,130901,801
130901802,130901,802
130901803,130901,803
130901804,130901,804
130901805,130901,805
130901413,130901,413
130901712,130901,712
130901613,130901,613
130901612,130901,612
130901611,130901,611
130901501,130901,501
130901502,130901,502
130901503,130901,503
130901504,130901,504
130901505,130901,505
130901506,130901,506
130901601,130901,601
130901602,130901,602
130901603,130901,603
130901604,130901,604
130901605,130901,605
130901606,130901,606
130901607,130901,607
130901608,130901,608
130901609,130901,609
130901610,130901,610
130901807,130901,807
913098101,130981,1
130981501,130981,501
130981601,130981,601
130981602,130981,602
131001604,131001,604
131001701,131001,701
131001702,131001,702
131001703,131001,703
131001704,131001,704
131001801,131001,801
131001803,131001,803
131001602,131001,602
131001601,131001,601
913100102,131001,2
913100101,131001,1
131001505,131001,505
131001603,131001,603
131001503,131001,503
131001202,131001,202
131001501,131001,501
131001203,131001,203
131001204,131001,204
131001401,131001,401
131001402,131001,402
131001403,131001,403
131001404,131001,404
131001405,131001,405
131001502,131001,502
131001406,131001,406
131001408,131001,408
131001409,131001,409
131001410,131001,410
131001411,131001,411
131001412,131001,412
131001413,131001,413
131001414,131001,414
131001407,131001,407
131001201,131001,201
131001504,131001,504
131002502,131002,502
131002404,131002,404
131002405,131002,405
131002406,131002,406
131002701,131002,701
131002702,131002,702
131002703,131002,703
131002704,131002,704
131002803,131002,803
913100201,131002,1
913100202,131002,2
131002804,131002,804
131002805,131002,805
131002941,131002,941
131002501,131002,501
131002407,131002,407
131002403,131002,403
131002402,131002,402
131002801,131002,801
131002206,131002,206
131002503,131002,503
131002401,131002,401
131002505,131002,505
131002506,131002,506
131002507,131002,507
131002508,131002,508
131002601,131002,601
131002602,131002,602
131002504,131002,504
131002603,131002,603
131002604,131002,604
131002201,131002,201
131002202,131002,202
131002203,131002,203
131002204,131002,204
131002205,131002,205
131101502,131101,502
131101503,131101,503
131101504,131101,504
131101505,131101,505
131101601,131101,601
131101602,131101,602
131101603,131101,603
131101604,131101,604
131101605,131101,605
131101608,131101,608
131101607,131101,607
131101501,131101,501
131101609,131101,609
131101610,131101,610
131101611,131101,611
131101612,131101,612
131101613,131101,613
131101701,131101,701
131101606,131101,606
131101416,131101,416
131101205,131101,205
131101414,131101,414
913110101,131101,1
913110102,131101,2
131101202,131101,202
131101203,131101,203
131101204,131101,204
131101206,131101,206
131101207,131101,207
131101401,131101,401
131101402,131101,402
131101415,131101,415
131101403,131101,403
131101405,131101,405
131101406,131101,406
131101407,131101,407
131101408,131101,408
131101409,131101,409
131101410,131101,410
131101411,131101,411
131101412,131101,412
131101413,131101,413
131101404,131101,404
131101703,131101,703
131101702,131101,702
131101705,131101,705
131101940,131101,940
131101910,131101,910
131101805,131101,805
131101704,131101,704
131101802,131101,802
131101801,131101,801
131101804,131101,804
913120102,131201,2
913120103,131201,3
131201603,131201,603
131201941,131201,941
131201910,131201,910
131201802,131201,802
131201801,131201,801
913120101,131201,1
131201606,131201,606
131201605,131201,605
131201604,131201,604
131201602,131201,602
131201607,131201,607
131201503,131201,503
131201601,131201,601
131201202,131201,202
131201203,131201,203
131201401,131201,401
131201402,131201,402
131201201,131201,201
131201404,131201,404
131201405,131201,405
131201406,131201,406
131201501,131201,501
131201502,131201,502
131201403,131201,403
131202604,131202,604
131202605,131202,605
131202606,131202,606
131202607,131202,607
131202608,131202,608
131202609,131202,609
131202614,131202,614
131202611,131202,611
131202612,131202,612
131202613,131202,613
131202701,131202,701
131202702,131202,702
131202703,131202,703
131202801,131202,801
131202920,131202,920
131202949,131202,949
131202610,131202,610
131202603,131202,603
131202406,131202,406
913120201,131202,1
131202001,131202,1
131202602,131202,602
131202118,131202,118
131202202,131202,202
131202203,131202,203
131202204,131202,204
131202205,131202,205
131202401,131202,401
131202117,131202,117
131202403,131202,403
131202404,131202,404
131202405,131202,405
131202501,131202,501
131202502,131202,502
131202601,131202,601
913120202,131202,2
131202402,131202,402
131211705,131211,705
131211704,131211,704
131211703,131211,703
131211702,131211,702
131211701,131211,701
131211605,131211,605
131211601,131211,601
131211603,131211,603
131211602,131211,602
131211503,131211,503
131211502,131211,502
131211501,131211,501
131211604,131211,604
131211801,131211,801
131212602,131212,602
131212707,131212,707
131212805,131212,805
131212802,131212,802
131212801,131212,801
131212706,131212,706
131212705,131212,705
131212702,131212,702
131212703,131212,703
131212601,131212,601
131212505,131212,505
131212504,131212,504
131212503,131212,503
131212502,131212,502
131212501,131212,501
131212603,131212,603
131213708,131213,708
131213701,131213,701
131213702,131213,702
131213709,131213,709
131213607,131213,607
131213802,131213,802
131213804,131213,804
131213805,131213,805
131213608,131213,608
131213801,131213,801
131213606,131213,606
131213601,131213,601
131213502,131213,502
131213604,131213,604
131213603,131213,603
131213602,131213,602
131213505,131213,505
131213504,131213,504
131213503,131213,503
131213605,131213,605
131213501,131213,501
131301612,131301,612
131301611,131301,611
131301610,131301,610
131301607,131301,607
131301608,131301,608
131301613,131301,613
131301609,131301,609
131301709,131301,709
131301701,131301,701
131301707,131301,707
131301706,131301,706
131301703,131301,703
131301702,131301,702
131301614,131301,614
131301618,131301,618
131301617,131301,617
131301606,131301,606
131301708,131301,708
131301605,131301,605
131301201,131301,201
131301603,131301,603
131301616,131301,616
131301202,131301,202
131301501,131301,501
131301502,131301,502
131301503,131301,503
131301504,131301,504
131301505,131301,505
131301604,131301,604
131301506,131301,506
131301508,131301,508
131301509,131301,509
131301510,131301,510
131301511,131301,511
131301512,131301,512
131301601,131301,601
131301602,131301,602
131301507,131301,507
131301615,131301,615
131302514,131302,514
131302501,131302,501
131302613,131302,613
131302614,131302,614
131302615,131302,615
131302616,131302,616
131302617,131302,617
131302618,131302,618
131302619,131302,619
131302620,131302,620
131302621,131302,621
131302622,131302,622
131302623,131302,623
131302624,131302,624
131302625,131302,625
131302612,131302,612
131302626,131302,626
131302628,131302,628
131302629,131302,629
131302630,131302,630
131302701,131302,701
131302703,131302,703
131302704,131302,704
131302707,131302,707
131302710,131302,710
131302711,131302,711
131302714,131302,714
131302715,131302,715
131302716,131302,716
131302801,131302,801
131302627,131302,627
131302611,131302,611
131302610,131302,610
131302517,131302,517
131302504,131302,504
131302505,131302,505
131302506,131302,506
131302507,131302,507
131302508,131302,508
131302509,131302,509
131302510,131302,510
131302511,131302,511
131302512,131302,512
131302513,131302,513
131302515,131302,515
131302516,131302,516
131302609,131302,609
131302503,131302,503
131302518,131302,518
131302520,131302,520
131302521,131302,521
131302522,131302,522
131302523,131302,523
131302524,131302,524
131302601,131302,601
131302602,131302,602
131302603,131302,603
131302604,131302,604
131302605,131302,605
131302606,131302,606
131302607,131302,607
131302608,131302,608
131302519,131302,519
131302502,131302,502
913140101,131401,1
913140102,131401,2
131401401,131401,401
131401604,131401,604
131401407,131401,407
131401408,131401,408
131401409,131401,409
131401411,131401,411
131401501,131401,501
131401502,131401,502
131401601,131401,601
131401602,131401,602
131401603,131401,603
131401605,131401,605
131401606,131401,606
131401701,131401,701
131401702,131401,702
131401703,131401,703
131401704,131401,704
131401801,131401,801
131401910,131401,910
131401406,131401,406
131401405,131401,405
131401410,131401,410
131401403,131401,403
131401001,131401,3
131401002,131401,5
131401003,131401,6
131401004,131401,7
131401101,131401,101
131401404,131401,404
131401125,131401,125
131401126,131401,126
131401127,131401,127
131401124,131401,124
131401129,131401,129
131401201,131401,201
131401202,131401,202
131401203,131401,203
131401204,131401,204
131401205,131401,205
131401402,131401,402
131401128,131401,128
131402515,131402,515
131402607,131402,607
131402606,131402,606
131402605,131402,605
131402604,131402,604
131402516,131402,516
131402602,131402,602
131402601,131402,601
131402608,131402,608
131402603,131402,603
131402609,131402,609
131402705,131402,705
131402611,131402,611
131402612,131402,612
131402613,131402,613
131402614,131402,614
131402615,131402,615
131402616,131402,616
131402617,131402,617
131402702,131402,702
131402704,131402,704
913140203,131402,3
131402514,131402,514
131402610,131402,610
131402513,131402,513
131402402,131402,402
131402511,131402,511
131402201,131402,201
131402202,131402,202
131402203,131402,203
131402401,131402,401
131402707,131402,707
131402403,131402,403
131402404,131402,404
131402405,131402,405
131402406,131402,406
131402407,131402,407
131402512,131402,512
131402408,131402,408
131402410,131402,410
131402501,131402,501
131402502,131402,502
131402504,131402,504
131402505,131402,505
131402506,131402,506
131402507,131402,507
131402508,131402,508
131402509,131402,509
131402510,131402,510
131402409,131402,409
913140201,131402,1
131402708,131402,708
131402711,131402,714
131402710,131402,713
131402920,131402,920
131402814,131402,814
131402813,131402,813
131402812,131402,812
131402811,131402,811
131402810,131402,810
131402809,131402,809
913140202,131402,2
131402807,131402,807
131402808,131402,808
131402714,131402,717
131402716,131402,720
131402713,131402,716
131402802,131402,802
131402803,131402,803
131402801,131402,801
131402806,131402,806
131411202,131411,202
131411201,131411,201
131411137,131411,137
131411120,131411,120
131411119,131411,119
131411118,131411,118
131411117,131411,117
131411116,131411,116
131411114,131411,114
131411115,131411,115
131411013,131411,13
131411012,131411,12
131411011,131411,11
131411010,131411,10
131411009,131411,9
131411008,131411,8
131411004,131411,4
131411002,131411,2
131411001,131411,1
131411014,131411,14
131411015,131411,15
131481601,131481,601
131481602,131481,602
131481603,131481,603
131481604,131481,604
913148201,131482,1
131482604,131482,604
131482601,131482,601
131482602,131482,602
131482603,131482,603
131501501,131501,501
131501804,131501,804
131501803,131501,803
131501801,131501,801
131501705,131501,705
131501703,131501,703
131501702,131501,702
131501701,131501,701
131501612,131501,612
131501611,131501,611
131501610,131501,610
131501609,131501,609
131501704,131501,704
131501607,131501,607
131501502,131501,502
131501608,131501,608
131501503,131501,503
131501504,131501,504
131501506,131501,506
131501507,131501,507
131501505,131501,505
131501602,131501,602
131501603,131501,603
131501604,131501,604
131501606,131501,606
131501605,131501,605
131501601,131501,601
131502705,131502,705
131502704,131502,704
131502703,131502,703
131502702,131502,702
131502701,131502,701
131502608,131502,608
131502606,131502,606
131502605,131502,605
131502604,131502,604
131502603,131502,603
131502601,131502,601
131502505,131502,505
131502503,131502,503
131502607,131502,607
131502602,131502,602
131503701,131503,701
131503601,131503,601
131503702,131503,702
131503602,131503,602
131504601,131504,601
131504602,131504,602
131504701,131504,701
131504607,131504,607
131504606,131504,606
131504603,131504,603
131504604,131504,604
131504605,131504,605
131505707,131505,707
131505706,131505,706
131505705,131505,705
131505704,131505,704
131505703,131505,703
131505701,131505,701
131505611,131505,611
131505610,131505,610
131505702,131505,702
131505608,131505,608
131505607,131505,607
131505606,131505,606
131505605,131505,605
131505604,131505,604
131505603,131505,603
131505602,131505,602
131505601,131505,601
131505609,131505,609
131701609,131701,609
131701610,131701,610
131701611,131701,611
131701612,131701,612
131701801,131701,801
131701702,131701,702
131701706,131701,706
131701608,131701,608
131701701,131701,701
131701607,131701,607
131701802,131701,802
131701605,131701,605
131701604,131701,604
131701603,131701,603
131701602,131701,602
131701601,131701,601
131701503,131701,503
131701502,131701,502
131701501,131701,501
131701202,131701,202
131701201,131701,201
131701606,131701,606
131702608,131702,608
131702701,131702,701
131702704,131702,704
131702801,131702,801
131702708,131702,708
131702711,131702,711
131702712,131702,712
131702607,131702,607
131702707,131702,707
131702606,131702,606
131702706,131702,706
131702604,131702,604
131702603,131702,603
131702602,131702,602
131702601,131702,601
131702506,131702,506
131702505,131702,505
131702504,131702,504
131702503,131702,503
131702502,131702,502
131702605,131702,605
131801607,131801,607
131801606,131801,606
131801604,131801,604
131801505,131801,505
131801602,131801,602
131801601,131801,601
913180103,131801,3
131801603,131801,603
131801609,131801,609
131801706,131801,706
131801611,131801,611
131801704,131801,704
131801705,131801,705
131801801,131801,801
131801802,131801,802
131801910,131801,910
913180101,131801,1
913180102,131801,2
131801504,131801,504
131801610,131801,610
131801503,131801,503
131801608,131801,608
131801501,131801,501
131801001,131801,1
131801002,131801,2
131801502,131801,502
131801003,131801,3
131801004,131801,4
131801005,131801,5
131801006,131801,6
131801007,131801,7
131801008,131801,8
131801009,131801,9
131801010,131801,10
131801605,131801,605
131801201,131801,201
131801011,131801,11
131801406,131801,406
131801407,131801,407
131801404,131801,404
131801405,131801,405
131801403,131801,403
131801402,131801,402
131801401,131801,401
131802507,131802,507
131802506,131802,506
131802505,131802,505
131802504,131802,504
131802503,131802,503
131802502,131802,502
131802501,131802,501
131802430,131802,430
131802429,131802,429
131802428,131802,428
131802427,131802,427
131802426,131802,426
131802508,131802,508
131802601,131802,601
131802602,131802,602
131802603,131802,603
131802604,131802,604
131802425,131802,425
131802704,131802,704
131802705,131802,705
131802706,131802,706
131802707,131802,707
131802708,131802,708
131802802,131802,802
131802910,131802,910
131802920,131802,920
131802949,131802,949
913180203,131802,3
913180201,131802,1
913180202,131802,2
131802703,131802,703
131802457,131802,457
131802422,131802,422
131802001,131802,1
131802002,131802,2
131802201,131802,201
131802202,131802,202
131802203,131802,203
131802423,131802,423
131802205,131802,205
131802206,131802,206
131802207,131802,207
131802208,131802,208
131802401,131802,401
131802402,131802,402
131802403,131802,403
131802405,131802,405
131802406,131802,406
131802204,131802,204
131802408,131802,408
131802421,131802,421
131802420,131802,420
131802419,131802,419
131802407,131802,407
131802418,131802,418
131802417,131802,417
131802416,131802,416
131802424,131802,424
131802414,131802,414
131802413,131802,413
131802409,131802,409
131802412,131802,412
131802410,131802,410
131802411,131802,411
131802415,131802,415
913180303,131803,3
913180302,131803,2
913180301,131803,1
131803406,131803,406
131803408,131803,408
131803407,131803,407
131803405,131803,405
131803403,131803,403
131803402,131803,402
131803401,131803,401
131803208,131803,208
131803206,131803,206
131803205,131803,205
131803204,131803,204
131803203,131803,203
131803202,131803,202
131803201,131803,201
131803404,131803,404
131803207,131803,207
131803409,131803,409
131803603,131803,603
131803611,131803,611
131803610,131803,610
131803502,131803,502
131803609,131803,609
131803608,131803,608
131803607,131803,607
131803606,131803,606
131803605,131803,605
131803604,131803,604
131803503,131803,503
131803602,131803,602
131803601,131803,601
131803508,131803,508
131803507,131803,507
131803506,131803,506
131803612,131803,612
131803505,131803,505
131803613,131803,613
131803615,131803,615
131803410,131803,410
131803411,131803,411
131803412,131803,412
131803501,131803,501
131803940,131803,940
131803806,131803,806
131803614,131803,614
131803805,131803,805
131803802,131803,802
131803705,131803,705
131803704,131803,704
131803703,131803,703
131803702,131803,702
131803701,131803,701
131803803,131803,803
131803504,131803,504
131804704,131804,704
131804707,131804,707
131804701,131804,701
131804708,131804,708
131804709,131804,709
131804710,131804,710
131804711,131804,711
131804809,131804,809
131804705,131804,705
131804601,131804,601
131804706,131804,706
131804409,131804,409
131804408,131804,408
131804407,131804,407
131804810,131804,810
131804406,131804,406
131804001,131804,1
131804002,131804,2
131804401,131804,401
131804402,131804,402
131804403,131804,403
131804501,131804,501
131804404,131804,404
131804405,131804,405
913180401,131804,1
913188101,131881,1
131881601,131881,601
131881602,131881,602
131881603,131881,603
131881604,131881,604
131901411,131901,411
131901504,131901,504
131901505,131901,505
131901506,131901,506
131901601,131901,601
131901602,131901,602
131901603,131901,603
131901604,131901,604
131901605,131901,605
131901412,131901,412
131901503,131901,503
131901608,131901,608
131901701,131901,701
131901702,131901,702
131901703,131901,703
131901704,131901,704
131901705,131901,705
131901801,131901,801
131901804,131901,804
913190103,131901,3
913190102,131901,2
913190101,131901,1
131901606,131901,606
131901502,131901,502
131901607,131901,607
131901416,131901,415
131901410,131901,410
131901409,131901,409
131901408,131901,408
131901407,131901,407
131901406,131901,406
131901501,131901,501
131901405,131901,405
131901404,131901,404
131901403,131901,403
131901402,131901,402
131901401,131901,401
131901203,131901,203
131901202,131901,202
131901201,131901,201
131901123,131901,123
131901413,131901,413
131901414,131901,414
131901415,131901,415
131901003,131901,3
131901001,131901,1
131901002,131901,2
131901122,131901,122
131901007,131901,7
131901004,131901,4
131901005,131901,5
131901006,131901,6
131902608,131902,608
131902606,131902,606
131902949,131902,949
131902806,131902,806
131902805,131902,805
131902804,131902,804
131902802,131902,802
131902702,131902,702
131902701,131902,701
131902609,131902,609
131902607,131902,607
131902703,131902,703
131902604,131902,604
913190202,131902,2
131902603,131902,603
131902602,131902,602
131902601,131902,601
131902505,131902,505
131902504,131902,504
131902503,131902,503
131902502,131902,502
131902206,131902,206
131902205,131902,205
131902204,131902,204
131902203,131902,203
131902202,131902,202
131902201,131902,201
913190201,131902,1
131902501,131902,501
131902605,131902,605
131981201,131981,201
131981801,131981,801
131981603,131981,603
131981602,131981,602
131981601,131981,601
131981502,131981,502
131981501,131981,501
131981202,131981,202
131982603,131982,603
131982602,131982,602
131982601,131982,601
131982604,131982,604
131982501,131982,501
132201611,132201,611
132201610,132201,610
132201609,132201,609
132201608,132201,608
132201607,132201,607
132201606,132201,606
132201605,132201,605
132201613,132201,613
132201604,132201,604
132201603,132201,603
132201602,132201,602
132201612,132201,612
132201614,132201,614
132201710,132201,714
132201601,132201,601
132201616,132201,616
132201617,132201,617
132201618,132201,618
132201701,132201,701
132201702,132201,702
132201706,132201,706
913220101,132201,1
913220102,132201,2
132201709,132201,709
913220103,132201,3
132201707,132201,707
132201615,132201,615
132201513,132201,513
132201512,132201,512
132201511,132201,511
132201711,132201,715
132201801,132201,801
132201803,132201,803
132201804,132201,804
132201805,132201,805
132201806,132201,806
132201811,132201,811
132201812,132201,812
132201910,132201,910
132201201,132201,201
132201202,132201,202
132201203,132201,203
132201808,132201,808
132201205,132201,205
132201510,132201,510
132201509,132201,509
132201508,132201,508
132201507,132201,507
132201506,132201,506
132201204,132201,204
132201708,132201,708
132201502,132201,502
132201501,132201,501
132201505,132201,505
132201503,132201,503
132201504,132201,504
132202501,132202,501
132202601,132202,601
132202605,132202,605
132202604,132202,604
132202603,132202,603
132202602,132202,602
132203601,132203,601
132203501,132203,501
132211503,132211,503
913221101,132211,1
913221102,132211,2
913221103,132211,3
132211501,132211,501
132211502,132211,502
132211504,132211,504
132211506,132211,506
132211505,132211,505
132211949,132211,949
132211808,132211,808
132211806,132211,806
132211802,132211,802
132211801,132211,801
132211706,132211,706
132211705,132211,705
132211704,132211,704
132211703,132211,703
132211804,132211,804
132211701,132211,701
132211605,132211,605
132211604,132211,604
132211603,132211,603
132211602,132211,602
132211601,132211,601
132211507,132211,507
132211508,132211,508
132211702,132211,702
132212601,132212,601
132213702,132213,702
132213701,132213,701
132213603,132213,603
132213602,132213,602
132213601,132213,601
132221802,132221,802
132221801,132221,801
132221706,132221,706
132221705,132221,705
132221704,132221,704
132221703,132221,703
132221702,132221,702
132221601,132221,601
132221602,132221,602
132221509,132221,509
132221701,132221,701
132221507,132221,507
132221506,132221,506
132221505,132221,505
132221504,132221,504
132221503,132221,503
132221502,132221,502
132221501,132221,501
132221201,132221,201
913222101,132221,1
913222102,132221,2
132221508,132221,508
139001851,139001,851
139001850,139001,850
139001606,139001,606
139001605,139001,605
139001604,139001,604
139001603,139001,603
139001602,139001,602
139001601,139001,601
139002754,139002,754
139002753,139002,753
139002752,139002,752
139002751,139002,751
139002616,139002,616
139002615,139002,615
139002614,139002,614
139002613,139002,613
139002612,139002,612
139002611,139002,611
139002610,139002,610
139002504,139002,504
139002608,139002,608
139002607,139002,607
139002606,139002,606
139002605,139002,605
139002604,139002,604
139002603,139002,603
139002602,139002,602
139002601,139002,601
139002503,139002,503
139002502,139002,502
139002501,139002,501
139002609,139002,609
139002755,139002,755
139004753,139004,753
139004752,139004,752
139004754,139004,754
139004613,139004,613
139004612,139004,612
139004611,139004,611
139004610,139004,610
139004609,139004,609
139004608,139004,608
139004607,139004,607
139004606,139004,606
139004751,139004,751
139004604,139004,604
139004603,139004,603
139004602,139004,602
139004601,139004,601
139004505,139004,505
139004504,139004,504
139004503,139004,503
139004502,139004,502
139004501,139004,501
139004605,139004,605
139005607,139005,607
139005606,139005,606
139005605,139005,605
139005604,139005,604
139005602,139005,602
139005601,139005,601
139005501,139005,501
139005603,139005,603
139902901,139902,901
139902401,139902,401
139902402,139902,402
139902403,139902,403
139902404,139902,404
139902405,139902,405
139902406,139902,406
139902407,139902,407
139902902,139902,902
139903902,139903,902
139903403,139903,403
139903405,139903,405
139903404,139903,404
139903406,139903,406
139903407,139903,407
139903401,139903,401
139903402,139903,402
139904901,139904,901
139905902,139905,902
139905901,139905,901
139905406,139905,406
139905407,139905,407
139905404,139905,404
139905403,139905,403
139905402,139905,402
139905401,139905,401
139905405,139905,405
139906401,139906,401
139906402,139906,402
139906403,139906,403
139906404,139906,404
139906405,139906,405
139906406,139906,406
139906408,139906,408
139906407,139906,407
139906410,139906,410
139906901,139906,901
139906902,139906,902
139906409,139906,409
139907901,139907,901
139907412,139907,412
139907411,139907,411
139907410,139907,410
139907409,139907,409
139907408,139907,408
139907407,139907,407
139907405,139907,405
139907404,139907,404
139907403,139907,403
139907402,139907,402
139907401,139907,401
139907202,139907,202
139907201,139907,201
139907406,139907,406
139907910,139907,910
914011102,140111,2
140111201,140111,201
140111505,140111,505
140111506,140111,506
140111601,140111,601
140111602,140111,602
140111603,140111,603
140111604,140111,604
140111605,140111,605
140111606,140111,606
140111607,140111,607
140111608,140111,608
140111701,140111,701
140111801,140111,801
140111802,140111,802
140111930,140111,930
140111931,140111,931
914011104,140111,4
914011103,140111,3
914011101,140111,1
140111503,140111,503
140111504,140111,504
140111501,140111,501
140111202,140111,202
140111203,140111,203
140111204,140111,204
140111205,140111,205
140111206,140111,206
140111207,140111,207
140111502,140111,502
140111209,140111,209
140111208,140111,208
140111402,140111,402
140111403,140111,403
140111404,140111,404
140111405,140111,405
140111406,140111,406
140111407,140111,407
140111408,140111,408
140111409,140111,409
140111401,140111,401
140111702,140111,702
914012103,140121,3
914012102,140121,2
914012101,140121,1
140121416,140121,416
140121207,140121,207
140121402,140121,402
140121403,140121,403
140121404,140121,404
140121405,140121,405
140121406,140121,406
140121407,140121,407
140121408,140121,408
140121409,140121,409
140121410,140121,410
140121411,140121,411
140121412,140121,412
140121413,140121,413
140121414,140121,414
140121415,140121,415
140121417,140121,417
140121418,140121,418
140121419,140121,419
140121420,140121,420
140121421,140121,421
140121422,140121,422
140121423,140121,423
140121424,140121,424
140121901,140121,901
140121902,140121,902
140121903,140121,903
140121401,140121,401
140121208,140121,208
140121905,140121,905
140121206,140121,206
140121904,140121,904
140121001,140121,1
140121906,140121,906
140121002,140121,2
140121003,140121,3
140121004,140121,4
140121005,140121,5
140121910,140121,910
140121102,140121,102
140121201,140121,201
140121202,140121,202
140121203,140121,203
140121204,140121,204
140121205,140121,205
140121101,140121,101
140122406,140122,406
140122502,140122,502
140122704,140122,704
140122703,140122,703
140122702,140122,702
140122404,140122,404
140122609,140122,609
140122608,140122,608
140122402,140122,402
140122201,140122,201
140122101,140122,101
140122701,140122,701
140122501,140122,501
140122401,140122,401
914012202,140122,2
914012201,140122,1
140122601,140122,601
140122602,140122,602
140122604,140122,604
140122605,140122,605
140122603,140122,603
140122607,140122,607
140122504,140122,504
140122503,140122,503
140122606,140122,606
140123606,140123,606
140123705,140123,705
140123704,140123,704
140123703,140123,703
140123702,140123,702
140123701,140123,701
140123706,140123,706
140123607,140123,607
140123605,140123,605
140123503,140123,503
140123603,140123,603
140123602,140123,602
140123601,140123,601
140123502,140123,502
140123501,140123,501
140123402,140123,402
140123401,140123,401
914012302,140123,2
914012301,140123,1
140123604,140123,604
140124851,140124,851
140124850,140124,850
140124601,140124,601
140124403,140124,403
140124404,140124,404
140124402,140124,402
140124401,140124,401
914012401,140124,1
140124501,140124,501
140131406,140131,406
140131407,140131,407
140131408,140131,408
140131409,140131,409
140131414,140131,414
140131601,140131,601
140131503,140131,503
140131504,140131,504
140131505,140131,505
140131506,140131,506
140131501,140131,501
140131405,140131,405
140131403,140131,403
140131402,140131,402
140131401,140131,401
140131209,140131,209
140131208,140131,208
140131207,140131,207
140131206,140131,206
140131205,140131,205
140131204,140131,204
140131203,140131,203
140131202,140131,202
140131201,140131,201
140131404,140131,404
140131602,140131,602
140131502,140131,502
140131604,140131,604
914013101,140131,1
914013102,140131,2
914013103,140131,3
140131603,140131,603
140131706,140131,706
140131705,140131,705
140131704,140131,704
140131801,140131,801
140131701,140131,701
140131605,140131,605
140131702,140131,702
140131607,140131,607
140131608,140131,608
140131606,140131,606
140131609,140131,609
140131610,140131,610
140141603,140141,603
140141610,140141,610
140141605,140141,605
140141606,140141,606
140141607,140141,607
140141608,140141,608
140141609,140141,609
140141604,140141,604
140141701,140141,701
140141943,140141,943
140141703,140141,703
140141704,140141,704
140141801,140141,801
140141802,140141,802
140141920,140141,920
140141941,140141,941
140141602,140141,602
914014101,140141,1
914014102,140141,2
914014103,140141,3
140141702,140141,702
140141601,140141,601
140141501,140141,501
140141505,140141,505
140141201,140141,201
140141202,140141,202
140141203,140141,203
140141204,140141,204
140141205,140141,205
140141208,140141,208
140141401,140141,401
140141402,140141,402
140141403,140141,403
140141404,140141,404
140141506,140141,506
140141406,140141,406
140141405,140141,405
140141408,140141,408
140141410,140141,410
140141411,140141,411
140141412,140141,412
140141413,140141,413
140141414,140141,414
140141415,140141,415
140141416,140141,416
140141502,140141,502
140141503,140141,503
140141504,140141,504
140141407,140141,407
140141409,140141,409
914020101,140201,1
914020102,140201,2
914020103,140201,3
140201419,140201,419
140201001,140201,1
140201416,140201,416
140201910,140201,910
140201801,140201,801
140201703,140201,703
140201702,140201,702
140201701,140201,701
140201609,140201,609
140201608,140201,608
140201607,140201,607
140201606,140201,606
140201605,140201,605
140201604,140201,604
140201603,140201,603
140201602,140201,602
140201415,140201,415
140201601,140201,601
140201505,140201,505
140201504,140201,504
140201503,140201,503
140201502,140201,502
140201501,140201,501
140201429,140201,429
140201428,140201,428
140201427,140201,427
140201426,140201,426
140201425,140201,425
140201424,140201,424
140201423,140201,423
140201422,140201,422
140201420,140201,420
140201506,140201,506
140201418,140201,418
140201414,140201,414
140201412,140201,412
140201101,140201,101
140201102,140201,102
140201103,140201,103
140201104,140201,104
140201105,140201,105
140201106,140201,106
140201107,140201,107
140201108,140201,108
140201109,140201,109
140201110,140201,110
140201111,140201,111
140201112,140201,112
140201201,140201,201
140201202,140201,202
140201413,140201,413
140201203,140201,203
140201205,140201,205
140201411,140201,411
140201410,140201,410
140201409,140201,409
140201408,140201,408
140201407,140201,407
140201204,140201,204
140201406,140201,406
140201404,140201,404
140201403,140201,403
140201402,140201,402
140201401,140201,401
140201206,140201,206
140201405,140201,405
914020302,140203,2
914020301,140203,1
914020303,140203,3
140203202,140203,202
140203608,140203,608
140203501,140203,501
140203502,140203,502
140203503,140203,503
140203505,140203,505
140203506,140203,506
140203601,140203,601
140203602,140203,602
140203603,140203,603
140203604,140203,604
140203605,140203,605
140203606,140203,606
140203607,140203,607
140203702,140203,702
140203703,140203,703
140203706,140203,706
140203801,140203,801
140203910,140203,910
140203414,140203,414
140203413,140203,413
140203504,140203,504
140203411,140203,411
140203101,140203,101
140203201,140203,201
140203203,140203,203
140203204,140203,204
140203205,140203,205
140203412,140203,412
140203206,140203,206
140203207,140203,207
140203402,140203,402
140203401,140203,401
140203404,140203,404
140203405,140203,405
140203406,140203,406
140203407,140203,407
140203408,140203,408
140203409,140203,409
140203410,140203,410
140203403,140203,403
140210611,140210,611
140210609,140210,609
140210610,140210,610
140210612,140210,612
140210851,140210,851
140210701,140210,701
140210702,140210,702
140210850,140210,850
140210608,140210,608
140210613,140210,613
140210607,140210,607
140210202,140210,202
140210605,140210,605
140210604,140210,604
140210603,140210,603
140210602,140210,602
140210601,140210,601
140210502,140210,502
140210501,140210,501
140210201,140210,201
140210606,140210,606
140211705,140211,705
140211704,140211,704
140211702,140211,702
140211701,140211,701
140211706,140211,706
140211617,140211,617
140211616,140211,616
140211615,140211,615
140211614,140211,614
140211618,140211,618
140211708,140211,708
140211703,140211,703
140211802,140211,802
140211803,140211,803
140211804,140211,804
140211805,140211,805
140211806,140211,806
140211807,140211,807
140211808,140211,808
140211809,140211,809
140211810,140211,810
140211949,140211,949
140211613,140211,613
140211801,140211,801
140211612,140211,612
140211601,140211,601
140211610,140211,610
140211611,140211,611
140211201,140211,201
140211501,140211,501
140211503,140211,503
140211504,140211,504
140211505,140211,505
140211506,140211,506
140211507,140211,507
140211508,140211,508
140211509,140211,509
140211510,140211,510
140211502,140211,502
140211512,140211,512
140211511,140211,511
140211608,140211,608
140211606,140211,606
140211605,140211,605
140211607,140211,607
140211603,140211,603
140211602,140211,602
140211513,140211,513
140211604,140211,604
140211609,140211,609
140301605,140301,605
140301510,140301,510
140301606,140301,606
140301604,140301,604
140301603,140301,603
140301602,140301,602
140301601,140301,601
140301511,140301,511
140301505,140301,505
140301508,140301,508
140301507,140301,507
140301506,140301,506
140301504,140301,504
140301503,140301,503
140301502,140301,502
140301501,140301,501
140301607,140301,607
140301436,140301,436
140301509,140301,509
140301608,140301,608
140301620,140301,620
140301610,140301,610
140301435,140301,435
914030104,140301,4
914030103,140301,3
914030102,140301,2
914030101,140301,1
140301910,140301,910
140301801,140301,801
140301703,140301,703
140301702,140301,702
140301701,140301,701
140301619,140301,619
140301618,140301,618
140301617,140301,617
140301616,140301,616
140301615,140301,615
140301614,140301,614
140301613,140301,613
140301612,140301,612
140301611,140301,611
140301609,140301,609
140301434,140301,434
140301209,140301,209
140301432,140301,432
140301407,140301,407
140301406,140301,406
140301405,140301,405
140301404,140301,404
140301403,140301,403
140301402,140301,402
140301401,140301,401
140301210,140301,210
140301408,140301,408
140301001,140301,1
140301207,140301,207
140301206,140301,206
140301205,140301,205
140301204,140301,204
140301201,140301,201
140301202,140301,202
140301203,140301,203
140301433,140301,433
140301208,140301,208
140301410,140301,410
140301409,140301,409
140301412,140301,412
140301431,140301,431
140301430,140301,430
140301429,140301,429
140301428,140301,428
140301427,140301,427
140301426,140301,426
140301425,140301,425
140301424,140301,424
140301411,140301,411
140301422,140301,422
140301423,140301,423
140301420,140301,420
140301419,140301,419
140301418,140301,418
140301417,140301,417
140301416,140301,416
140301415,140301,415
140301414,140301,414
140301413,140301,413
140301421,140301,421
140302501,140302,501
140302403,140302,403
140302404,140302,404
140302402,140302,402
140302201,140302,201
140302203,140302,203
140302101,140302,101
140302002,140302,2
140302001,140302,1
140302401,140302,401
140302102,140302,102
140302202,140302,202
914031103,140311,3
914031102,140311,2
140311410,140311,410
140311419,140311,419
140311418,140311,418
140311417,140311,417
140311416,140311,416
140311415,140311,415
140311413,140311,413
140311412,140311,412
140311411,140311,411
914031101,140311,1
140311420,140311,420
140311408,140311,408
140311407,140311,407
140311001,140311,1
140311002,140311,2
140311201,140311,201
140311202,140311,202
140311203,140311,203
140311204,140311,204
140311205,140311,205
140311206,140311,206
140311207,140311,207
140311401,140311,401
140311402,140311,402
140311403,140311,403
140311404,140311,404
140311405,140311,405
140311406,140311,406
140311409,140311,409
140311421,140311,421
140311422,140311,422
140311605,140311,605
140311502,140311,502
140311501,140311,501
140311496,140311,496
140311495,140311,495
140311494,140311,494
140311493,140311,493
140311492,140311,492
140311491,140311,491
140311490,140311,490
140311489,140311,489
140311503,140311,503
140311488,140311,488
140311485,140311,485
140311484,140311,484
140311483,140311,483
140311482,140311,482
140311481,140311,481
140311480,140311,480
140311479,140311,479
140311478,140311,478
140311477,140311,477
140311476,140311,476
140311486,140311,486
140311504,140311,504
140311505,140311,505
140311506,140311,506
140311801,140311,801
140311705,140311,705
140311702,140311,702
140311701,140311,701
140311616,140311,616
140311615,140311,615
140311614,140311,614
140311613,140311,613
140311612,140311,612
140311611,140311,611
140311610,140311,610
140311609,140311,609
140311608,140311,608
140311607,140311,607
140311606,140311,606
140311604,140311,604
140311603,140311,603
140311602,140311,602
140311601,140311,601
140311510,140311,510
140311509,140311,509
140311508,140311,508
140311507,140311,507
140311475,140311,475
140311474,140311,474
140311487,140311,487
140311472,140311,472
140311445,140311,445
140311444,140311,444
140311443,140311,443
140311442,140311,442
140311441,140311,441
140311440,140311,440
140311439,140311,439
140311438,140311,438
140311437,140311,437
140311473,140311,473
140311435,140311,435
140311434,140311,434
140311433,140311,433
140311432,140311,432
140311431,140311,431
140311430,140311,430
140311429,140311,429
140311428,140311,428
140311427,140311,427
140311426,140311,426
140311425,140311,425
140311424,140311,424
140311423,140311,423
140311446,140311,446
140311447,140311,447
140311436,140311,436
140311449,140311,449
140311448,140311,448
140311471,140311,471
140311470,140311,470
140311469,140311,469
140311468,140311,468
140311467,140311,467
140311466,140311,466
140311465,140311,465
140311463,140311,463
140311462,140311,462
140311461,140311,461
140311464,140311,464
140311451,140311,451
140311459,140311,459
140311458,140311,458
140311457,140311,457
140311456,140311,456
140311455,140311,455
140311454,140311,454
140311453,140311,453
140311452,140311,452
140311460,140311,460
140311450,140311,450
140321612,140321,612
140321611,140321,611
140321610,140321,610
140321609,140321,609
140321608,140321,608
140321604,140321,604
140321606,140321,606
140321605,140321,605
914032102,140321,2
140321603,140321,603
140321607,140321,607
914032101,140321,1
140321930,140321,930
140321614,140321,614
140321615,140321,615
140321701,140321,701
140321702,140321,702
140321704,140321,704
140321705,140321,705
140321801,140321,801
140321802,140321,802
140321803,140321,803
140321910,140321,910
140321602,140321,602
140321931,140321,931
140321613,140321,613
140321601,140321,601
140321402,140321,402
140321509,140321,509
140321201,140321,201
140321510,140321,510
140321203,140321,203
140321206,140321,206
140321401,140321,401
140321403,140321,403
140321404,140321,404
140321405,140321,405
140321406,140321,406
140321407,140321,407
140321408,140321,408
140321202,140321,202
140321410,140321,410
140321409,140321,409
140321508,140321,508
140321506,140321,506
140321505,140321,505
140321504,140321,504
140321507,140321,507
140321503,140321,503
140321502,140321,502
140321501,140321,501
140321412,140321,412
140321411,140321,411
140331613,140331,613
140331702,140331,702
140331701,140331,701
140331618,140331,618
140331617,140331,617
140331616,140331,616
140331615,140331,615
140331614,140331,614
140331703,140331,703
140331612,140331,612
140331606,140331,606
140331610,140331,610
140331609,140331,609
140331608,140331,608
140331607,140331,607
140331605,140331,605
140331604,140331,604
140331603,140331,603
140331704,140331,704
140331602,140331,602
140331611,140331,611
140331506,140331,506
140331507,140331,507
140331601,140331,601
140331201,140331,201
140331202,140331,202
140331501,140331,501
140331502,140331,502
140331503,140331,503
140331504,140331,504
140331505,140331,505
140332612,140332,612
140332619,140332,619
140332620,140332,620
140332701,140332,701
140332702,140332,702
140332941,140332,941
140332705,140332,705
140332706,140332,706
140332801,140332,801
140332618,140332,618
140332703,140332,703
140332617,140332,617
140332616,140332,616
140332615,140332,615
140332611,140332,611
140332610,140332,610
140332609,140332,609
140332608,140332,608
140332607,140332,607
140332606,140332,606
140332605,140332,605
140332604,140332,604
140332613,140332,613
140332603,140332,603
140332601,140332,601
140332506,140332,506
140332614,140332,614
140332504,140332,504
140332503,140332,503
140332502,140332,502
140332501,140332,501
140332201,140332,201
140332602,140332,602
140332505,140332,505
140341501,140341,501
140341001,140341,1
914034103,140341,3
140341502,140341,502
140341503,140341,503
140341504,140341,504
140341505,140341,505
140341601,140341,601
140341602,140341,602
914034102,140341,2
140341603,140341,603
140341606,140341,606
140341607,140341,607
140341608,140341,608
140341701,140341,701
140341920,140341,920
140341417,140341,417
140341418,140341,418
140341604,140341,604
914034101,140341,1
140341605,140341,605
140341413,140341,413
140341201,140341,201
140341202,140341,202
140341416,140341,416
140341203,140341,203
140341204,140341,204
140341401,140341,401
140341402,140341,402
140341403,140341,403
140341205,140341,205
140341405,140341,405
140341412,140341,412
140341406,140341,406
140341407,140341,407
140341411,140341,411
140341408,140341,408
140341409,140341,409
140341404,140341,404
140341410,140341,410
140351602,140351,602
140351601,140351,601
140351508,140351,508
140351504,140351,504
140351505,140351,505
140351503,140351,503
140351502,140351,502
140351603,140351,603
140351501,140351,501
140351506,140351,506
140351604,140351,604
140351701,140351,701
140351606,140351,606
140351607,140351,607
140351608,140351,608
140351609,140351,609
140351610,140351,610
140351611,140351,611
140351702,140351,702
140351705,140351,705
140351801,140351,801
140351802,140351,802
140351417,140351,417
140351605,140351,605
140351416,140351,416
140351210,140351,210
140351414,140351,414
140351201,140351,201
140351202,140351,202
140351203,140351,203
140351204,140351,204
140351205,140351,205
140351206,140351,206
140351207,140351,207
140351208,140351,208
140351209,140351,209
140351211,140351,211
140351212,140351,212
140351213,140351,213
140351401,140351,401
140351402,140351,402
140351403,140351,403
140351404,140351,404
140351405,140351,405
140351406,140351,406
140351407,140351,407
140351408,140351,408
140351409,140351,409
140351410,140351,410
140351411,140351,411
140351412,140351,412
140351413,140351,413
140351415,140351,415
140351803,140351,803
140351949,140351,949
140351805,140351,805
914035101,140351,1
914035102,140351,2
914035103,140351,3
140351804,140351,804
140352501,140352,501
140352601,140352,601
140352602,140352,602
140352604,140352,604
140352801,140352,801
914035201,140352,1
140361605,140361,605
140361604,140361,604
140361603,140361,603
140361602,140361,602
140361504,140361,504
140361507,140361,507
140361506,140361,506
140361505,140361,505
140361606,140361,606
140361601,140361,601
140361607,140361,607
140361802,140361,802
140361702,140361,702
140361703,140361,703
140361704,140361,704
140361801,140361,801
140361803,140361,803
140361804,140361,804
140361805,140361,805
140361941,140361,941
914036103,140361,3
914036102,140361,2
914036101,140361,1
140361701,140361,701
140361503,140361,503
140361501,140361,501
140361414,140361,414
140361201,140361,201
140361202,140361,202
140361203,140361,203
140361204,140361,204
140361206,140361,206
140361207,140361,207
140361208,140361,208
140361209,140361,209
140361210,140361,210
140361211,140361,211
140361212,140361,212
140361502,140361,502
140361214,140361,214
140361213,140361,213
140361401,140361,401
140361413,140361,413
140361412,140361,412
140361411,140361,411
140361410,140361,410
140361409,140361,409
140361408,140361,408
140361407,140361,407
140361205,140361,205
140361406,140361,406
140361405,140361,405
140361404,140361,404
140361403,140361,403
140361402,140361,402
140361215,140361,215
914037102,140371,2
914037103,140371,3
914037101,140371,1
140371930,140371,930
140371601,140371,601
140371504,140371,504
140371505,140371,505
140371506,140371,506
140371507,140371,507
140371508,140371,508
140371602,140371,602
140371603,140371,603
140371604,140371,604
140371605,140371,605
140371606,140371,606
140371607,140371,607
140371608,140371,608
140371609,140371,609
140371610,140371,610
140371701,140371,701
140371702,140371,702
140371801,140371,801
140371802,140371,802
140371931,140371,931
140371502,140371,502
140371501,140371,501
140371503,140371,503
140371408,140371,408
140371001,140371,1
140371201,140371,201
140371202,140371,202
140371203,140371,203
140371413,140371,413
140371205,140371,205
140371206,140371,206
140371401,140371,401
140371204,140371,204
140371403,140371,403
140371404,140371,404
140371405,140371,405
140371406,140371,406
140371407,140371,407
140371402,140371,402
140401606,140401,606
140401609,140401,609
140401605,140401,605
140401604,140401,604
140401603,140401,603
140401602,140401,602
140401601,140401,601
140401607,140401,607
140401608,140401,608
140401610,140401,610
140401505,140401,505
140401612,140401,612
140401701,140401,701
140401702,140401,702
140401703,140401,703
140401507,140401,507
140401801,140401,801
140401910,140401,910
140401940,140401,940
140401942,140401,942
140401949,140401,949
140401611,140401,611
140401506,140401,506
140401406,140401,406
140401504,140401,504
914040103,140401,3
914040102,140401,2
914040101,140401,1
140401201,140401,201
140401203,140401,203
140401204,140401,204
140401401,140401,401
140401402,140401,402
140401403,140401,403
140401202,140401,202
140401405,140401,405
140401407,140401,407
140401408,140401,408
140401409,140401,409
140401501,140401,501
140401502,140401,502
140401503,140401,503
140401404,140401,404
140411406,140411,406
140411501,140411,501
140411502,140411,502
140411503,140411,503
140411504,140411,504
140411602,140411,602
140411506,140411,506
140411601,140411,601
140411603,140411,603
140411405,140411,405
140411704,140411,704
140411505,140411,505
140411404,140411,404
140411202,140411,202
140411402,140411,402
140411401,140411,401
140411207,140411,207
140411206,140411,206
140411205,140411,205
140411204,140411,204
140411203,140411,203
140411201,140411,201
914041102,140411,2
914041101,140411,1
140411705,140411,705
140411403,140411,403
140412604,140412,604
140412603,140412,603
914041201,140412,1
140412601,140412,601
140412602,140412,602
140413201,140413,201
140413601,140413,601
140413602,140413,602
140413603,140413,603
140413604,140413,604
140413605,140413,605
140413606,140413,606
914041301,140413,1
140421203,140421,203
140421001,140421,1
140421002,140421,2
140421201,140421,201
914042101,140421,1
140421202,140421,202
140431401,140431,401
140431511,140431,511
140431512,140431,512
140431513,140431,513
140431601,140431,601
140431602,140431,602
140431603,140431,603
140431604,140431,604
140431605,140431,605
140431606,140431,606
140431510,140431,510
140431701,140431,701
140431704,140431,704
140431705,140431,705
140431801,140431,801
140431910,140431,910
140431920,140431,920
140431402,140431,402
914043101,140431,1
914043102,140431,2
914043103,140431,3
140431702,140431,702
140431509,140431,509
140431206,140431,206
140431507,140431,507
140431508,140431,508
140431403,140431,403
140431207,140431,207
140431208,140431,208
140431204,140431,204
140431203,140431,203
140431202,140431,202
140431404,140431,404
140431405,140431,405
140431201,140431,201
140431407,140431,407
140431408,140431,408
140431409,140431,409
140431501,140431,501
140431502,140431,502
140431503,140431,503
140431504,140431,504
140431505,140431,505
140431506,140431,506
140431406,140431,406
140431205,140431,205
140441604,140441,604
140441508,140441,508
140441601,140441,601
140441602,140441,602
140441603,140441,603
914044102,140441,2
140441801,140441,801
140441802,140441,802
140441920,140441,920
914044101,140441,1
140441507,140441,507
140441701,140441,701
140441506,140441,506
140441605,140441,605
140441504,140441,504
140441505,140441,505
140441402,140441,402
140441401,140441,401
140441204,140441,204
140441203,140441,203
140441201,140441,201
140441403,140441,403
140441404,140441,404
140441202,140441,202
140441406,140441,406
140441407,140441,407
140441408,140441,408
140441409,140441,409
140441410,140441,410
140441501,140441,501
140441502,140441,502
140441405,140441,405
140441503,140441,503
140501608,140501,608
140501609,140501,609
140501610,140501,610
140501611,140501,611
140501910,140501,910
140501801,140501,801
140501810,140501,810
140501607,140501,607
914050101,140501,1
914050102,140501,2
140501702,140501,702
140501606,140501,606
140501701,140501,701
140501604,140501,604
140501401,140501,401
140501403,140501,403
140501404,140501,404
140501405,140501,405
140501406,140501,406
140501407,140501,407
140501409,140501,409
140501605,140501,605
140501410,140501,410
140501603,140501,603
140501602,140501,602
140501601,140501,601
140501503,140501,503
140501502,140501,502
140501501,140501,501
140501413,140501,413
140501412,140501,412
140501411,140501,411
140511001,140511,1
914051102,140511,2
914051101,140511,1
140511803,140511,803
140511802,140511,802
140511801,140511,801
140511703,140511,703
140511701,140511,701
140511501,140511,501
140511502,140511,502
140511503,140511,503
140511504,140511,504
140511702,140511,702
140511506,140511,506
140511505,140511,505
140511602,140511,602
140511603,140511,603
140511604,140511,604
140511606,140511,606
140511607,140511,607
140511601,140511,601
140511605,140511,605
914052101,140521,1
140521605,140521,605
140521606,140521,606
140521201,140521,201
140521501,140521,501
140521502,140521,502
140521503,140521,503
140521504,140521,504
140521505,140521,505
140521506,140521,506
140521507,140521,507
140521508,140521,508
140521601,140521,601
140521602,140521,602
914052102,140521,2
140521603,140521,603
140521604,140521,604
140521706,140521,706
140521705,140521,705
140521703,140521,703
140521607,140521,607
140521707,140521,707
140531603,140531,603
140531605,140531,605
140531606,140531,606
140531607,140531,607
140531608,140531,608
140531609,140531,609
140531704,140531,704
140531705,140531,705
140531708,140531,708
140531710,140531,710
140531801,140531,801
140531802,140531,802
140531803,140531,803
140531804,140531,804
140531805,140531,805
140531806,140531,806
140531910,140531,910
140531930,140531,930
140531931,140531,931
140531709,140531,709
140531401,140531,401
140531701,140531,701
140531501,140531,501
140531601,140531,601
140531402,140531,402
140531519,140531,519
140531518,140531,518
140531517,140531,517
140531516,140531,516
140531515,140531,515
140531514,140531,514
140531513,140531,513
140531512,140531,512
140531511,140531,511
140531510,140531,510
140531520,140531,520
914053101,140531,1
140531509,140531,509
140531502,140531,502
140531503,140531,503
140531504,140531,504
140531505,140531,505
140531602,140531,602
140531604,140531,604
140531507,140531,507
140531508,140531,508
914053102,140531,2
140531506,140531,506
140541613,140541,613
140541612,140541,612
140541611,140541,611
140541610,140541,610
140541609,140541,609
140541608,140541,608
140541607,140541,607
140541606,140541,606
140541605,140541,605
140541604,140541,604
140541601,140541,601
140541509,140541,509
140541508,140541,508
140541507,140541,507
140541801,140541,801
140541505,140541,505
140541504,140541,504
140541503,140541,503
140541502,140541,502
140541501,140541,501
140541602,140541,602
140541506,140541,506
140541603,140541,603
914054101,140541,1
914054102,140541,2
140551941,140551,941
140551510,140551,510
140551601,140551,601
140551801,140551,801
140551704,140551,704
140551703,140551,703
140551702,140551,702
140551701,140551,701
140551610,140551,610
140551609,140551,609
140551608,140551,608
140551607,140551,607
140551606,140551,606
140551605,140551,605
140551604,140551,604
140551509,140551,509
140551508,140551,508
140551506,140551,506
140551603,140551,603
914055101,140551,1
914055102,140551,2
914055103,140551,3
140551507,140551,507
140551201,140551,201
140551602,140551,602
140551502,140551,502
140551503,140551,503
140551504,140551,504
140551505,140551,505
140551501,140551,501
140561801,140561,801
140561803,140561,803
140561704,140561,704
914056102,140561,2
914056101,140561,1
140561802,140561,802
140561703,140561,703
140561401,140561,401
140561608,140561,608
140561609,140561,609
140561610,140561,610
140561611,140561,611
140561605,140561,605
140561604,140561,604
140561705,140561,705
140561607,140561,607
140561603,140561,603
140561602,140561,602
140561606,140561,606
140561510,140561,510
140561509,140561,509
140561501,140561,501
140561502,140561,502
140561508,140561,508
140561503,140561,503
140561504,140561,504
140561507,140561,507
140561505,140561,505
140561506,140561,506
140561601,140561,601
140571001,140571,1
914080101,140801,1
914080102,140801,2
140801605,140801,605
140801606,140801,606
140801604,140801,604
140801603,140801,603
140801602,140801,602
140801513,140801,513
140801512,140801,512
914080103,140801,3
140801601,140801,601
140801703,140801,703
140801803,140801,803
140801802,140801,802
140801801,140801,801
140801511,140801,511
140801701,140801,701
140801615,140801,615
140801614,140801,614
140801613,140801,613
140801612,140801,612
140801611,140801,611
140801610,140801,610
140801609,140801,609
140801910,140801,910
140801510,140801,510
140801502,140801,502
140801508,140801,508
140801001,140801,1
140801002,140801,2
140801003,140801,3
140801004,140801,4
140801005,140801,5
140801006,140801,6
140801007,140801,7
140801008,140801,8
140801009,140801,9
140801010,140801,10
140801101,140801,101
140801102,140801,102
140801103,140801,103
140801105,140801,105
140801106,140801,106
140801107,140801,107
140801201,140801,201
140801507,140801,507
140801506,140801,506
140801505,140801,505
140801504,140801,504
140801503,140801,503
140801501,140801,501
140801509,140801,509
140801406,140801,406
140801404,140801,404
140801403,140801,403
140801402,140801,402
140801401,140801,401
140801203,140801,203
140801202,140801,202
140801405,140801,405
140801608,140801,608
140801607,140801,607
140811602,140811,602
140811612,140811,612
140811611,140811,611
140811610,140811,610
140811609,140811,609
140811608,140811,608
140811607,140811,607
140811606,140811,606
140811605,140811,605
140811604,140811,604
140811603,140811,603
140811601,140811,601
140811526,140811,526
140811525,140811,525
140811524,140811,524
140811522,140811,522
140811521,140811,521
140811520,140811,520
140811519,140811,519
140811518,140811,518
140811517,140811,517
140811516,140811,516
140811703,140811,703
140811514,140811,514
140811704,140811,704
140811711,140811,711
914081101,140811,1
914081102,140811,2
140811931,140811,931
140811930,140811,930
140811910,140811,910
140811815,140811,815
140811814,140811,814
140811813,140811,813
140811812,140811,812
140811811,140811,811
140811810,140811,810
140811809,140811,809
140811808,140811,808
140811805,140811,805
140811804,140811,804
140811803,140811,803
140811802,140811,802
140811801,140811,801
140811714,140811,714
140811713,140811,713
140811712,140811,712
140811705,140811,705
140811513,140811,513
140811515,140811,515
140811511,140811,511
140811405,140811,405
140811404,140811,404
140811403,140811,403
140811402,140811,402
140811401,140811,401
140811210,140811,210
140811512,140811,512
140811406,140811,406
140811208,140811,208
140811206,140811,206
140811205,140811,205
140811204,140811,204
140811203,140811,203
140811202,140811,202
140811201,140811,201
140811001,140811,1
140811207,140811,207
140811407,140811,407
140811209,140811,209
140811409,140811,409
140811408,140811,408
140811510,140811,510
140811509,140811,509
140811508,140811,508
140811507,140811,507
140811505,140811,505
140811504,140811,504
140811506,140811,506
140811502,140811,502
140811501,140811,501
140811413,140811,413
140811412,140811,412
140811411,140811,411
140811410,140811,410
140811503,140811,503
140821603,140821,603
140821501,140821,501
140821502,140821,502
140821503,140821,503
140821202,140821,202
140821605,140821,605
140821604,140821,604
140821602,140821,602
914082102,140821,2
140821509,140821,509
140821508,140821,508
140821507,140821,507
140821506,140821,506
140821505,140821,505
140821504,140821,504
140821407,140821,407
914082101,140821,1
140821601,140821,601
140821406,140821,406
140821606,140821,606
140821404,140821,404
140821205,140821,205
140821206,140821,206
140821207,140821,207
140821208,140821,208
140821209,140821,209
140821210,140821,210
140821211,140821,211
140821212,140821,212
140821213,140821,213
140821405,140821,405
140821214,140821,214
140821216,140821,216
140821217,140821,217
140821607,140821,607
140821201,140821,201
140821218,140821,218
140821219,140821,219
140821401,140821,401
140821402,140821,402
140821403,140821,403
140821215,140821,215
140821608,140821,608
140821204,140821,204
140821610,140821,610
140821609,140821,609
140821851,140821,851
140821850,140821,850
140821801,140821,801
140821707,140821,707
140821706,140821,706
140821705,140821,705
140821703,140821,703
140821702,140821,702
140821620,140821,620
140821910,140821,910
140821203,140821,203
140821619,140821,619
140821612,140821,612
140821614,140821,614
140821615,140821,615
140821616,140821,616
140821617,140821,617
140821613,140821,613
140821618,140821,618
140821611,140821,611
140831604,140831,604
140831603,140831,603
140831602,140831,602
140831613,140831,613
140831601,140831,601
140831606,140831,606
140831607,140831,607
140831608,140831,608
140831609,140831,609
140831610,140831,610
140831611,140831,611
140831612,140831,612
140831605,140831,605
140831707,140831,707
140831702,140831,702
140831705,140831,705
140831801,140831,801
140831802,140831,802
140831803,140831,803
140831804,140831,804
140831805,140831,805
140831514,140831,514
140831806,140831,806
140831807,140831,807
140831808,140831,808
140831809,140831,809
140831949,140831,949
140831614,140831,614
140831513,140831,513
140831701,140831,701
140831511,140831,511
140831512,140831,512
914083102,140831,2
914083101,140831,1
140831001,140831,1
140831201,140831,201
140831202,140831,202
140831203,140831,203
140831204,140831,204
140831205,140831,205
140831401,140831,401
140831402,140831,402
140831403,140831,403
140831404,140831,404
914083103,140831,3
140831406,140831,406
140831405,140831,405
140831510,140831,510
140831509,140831,509
140831508,140831,508
140831506,140831,506
140831507,140831,507
140831504,140831,504
140831503,140831,503
140831502,140831,502
140831501,140831,501
140831407,140831,407
140831505,140831,505
140841607,140841,607
140841609,140841,609
140841608,140841,608
140841606,140841,606
140841513,140841,513
140841604,140841,604
140841603,140841,603
140841602,140841,602
140841601,140841,601
140841605,140841,605
140841610,140841,610
140841708,140841,708
140841701,140841,701
140841702,140841,702
140841703,140841,703
140841707,140841,707
140841709,140841,709
140841710,140841,710
140841711,140841,711
140841801,140841,801
140841802,140841,802
140841940,140841,940
140841942,140841,942
140841512,140841,512
140841611,140841,611
140841511,140841,511
140841403,140841,403
140841509,140841,509
914084101,140841,1
914084102,140841,2
140841201,140841,201
140841202,140841,202
140841203,140841,203
140841204,140841,204
140841205,140841,205
140841206,140841,206
140841207,140841,207
140841208,140841,208
140841209,140841,209
140841210,140841,210
140841401,140841,401
140841402,140841,402
140841404,140841,404
140841405,140841,405
140841406,140841,406
140841501,140841,501
140841502,140841,502
140841503,140841,503
140841504,140841,504
140841505,140841,505
140841506,140841,506
140841507,140841,507
140841508,140841,508
140841510,140841,510
140841949,140841,949
140851501,140851,501
914085102,140851,2
140851602,140851,602
140851603,140851,603
140851604,140851,604
140851605,140851,605
140851606,140851,606
140851607,140851,607
140851701,140851,701
140851702,140851,702
140851703,140851,703
140851708,140851,708
140851709,140851,709
140851710,140851,710
140851801,140851,801
140851601,140851,601
140851802,140851,802
140851804,140851,804
140851805,140851,805
140851806,140851,806
140851807,140851,807
140851808,140851,808
140851809,140851,809
140851810,140851,810
140851811,140851,811
140851812,140851,812
140851813,140851,813
140851814,140851,814
140851815,140851,815
140851920,140851,920
140851803,140851,803
140851519,140851,519
140851707,140851,707
140851517,140851,517
140851201,140851,201
140851202,140851,202
140851518,140851,518
140851204,140851,204
140851205,140851,205
140851206,140851,206
140851401,140851,401
140851402,140851,402
140851403,140851,403
140851404,140851,404
140851405,140851,405
140851406,140851,406
140851407,140851,407
140851502,140851,502
140851203,140851,203
140851504,140851,504
140851503,140851,503
140851516,140851,516
140851515,140851,515
140851514,140851,514
140851513,140851,513
140851512,140851,512
140851511,140851,511
914085101,140851,1
140851509,140851,509
140851508,140851,508
140851507,140851,507
140851506,140851,506
140851510,140851,510
140851505,140851,505
914090101,140901,1
140901001,140901,1
140901201,140901,201
141001505,141001,505
141001506,141001,506
141001507,141001,507
141001510,141001,510
141001509,141001,509
141001504,141001,504
141001511,141001,511
141001512,141001,512
141001508,141001,508
141001503,141001,503
141001407,141001,407
141001501,141001,501
141001408,141001,408
141001406,141001,406
141001405,141001,405
141001404,141001,404
141001403,141001,403
141001401,141001,401
141001201,141001,201
141001513,141001,513
141001502,141001,502
141001402,141001,402
141001514,141001,514
141001602,141001,602
141001601,141001,601
914100102,141001,2
914100101,141001,1
141001802,141001,802
141001707,141001,707
141001706,141001,706
141001705,141001,705
141001704,141001,704
141001703,141001,703
141001801,141001,801
141001611,141001,611
141001610,141001,610
141001609,141001,609
141001608,141001,608
141001607,141001,607
141001606,141001,606
141001605,141001,605
141001604,141001,604
141001612,141001,612
141001603,141001,603
141002617,141002,617
141002616,141002,616
141002615,141002,615
141002614,141002,614
141002613,141002,613
141002609,141002,609
141002611,141002,611
141002610,141002,610
141002608,141002,608
141002607,141002,607
141002619,141002,619
141002612,141002,612
141002620,141002,620
141002802,141002,802
141002622,141002,622
141002623,141002,623
141002701,141002,701
141002702,141002,702
141002703,141002,703
141002704,141002,704
141002705,141002,705
141002801,141002,801
141002606,141002,606
141002910,141002,910
914100203,141002,3
914100202,141002,2
914100201,141002,1
141002621,141002,621
141002605,141002,605
141002510,141002,510
141002603,141002,603
141002201,141002,201
141002202,141002,202
141002203,141002,203
141002204,141002,204
141002205,141002,205
141002206,141002,206
141002401,141002,401
141002402,141002,402
141002403,141002,403
141002404,141002,404
141002405,141002,405
141002406,141002,406
141002604,141002,604
141002408,141002,408
141002407,141002,407
141002501,141002,501
141002602,141002,602
141002601,141002,601
141002513,141002,513
141002512,141002,512
141002511,141002,511
141002409,141002,409
141002509,141002,509
141002618,141002,618
141002507,141002,507
141002506,141002,506
141002505,141002,505
141002504,141002,504
141002503,141002,503
141002502,141002,502
141002508,141002,508
914100302,141003,2
914100301,141003,1
914100303,141003,3
141003609,141003,609
141003619,141003,619
141003606,141003,606
141003607,141003,607
141003608,141003,608
141003610,141003,610
141003612,141003,612
141003613,141003,613
141003614,141003,614
141003615,141003,615
141003616,141003,616
141003617,141003,617
141003618,141003,618
141003620,141003,620
141003605,141003,605
141003621,141003,621
141003623,141003,623
141003701,141003,701
141003702,141003,702
141003703,141003,703
141003704,141003,704
141003705,141003,705
141003801,141003,801
141003802,141003,802
141003803,141003,803
141003804,141003,804
141003940,141003,940
141003949,141003,949
141003622,141003,622
141003604,141003,604
141003611,141003,611
141003602,141003,602
141003201,141003,201
141003401,141003,401
141003402,141003,402
141003403,141003,403
141003404,141003,404
141003405,141003,405
141003406,141003,406
141003603,141003,603
141003408,141003,408
141003409,141003,409
141003410,141003,410
141003501,141003,501
141003502,141003,502
141003503,141003,503
141003407,141003,407
141003504,141003,504
141003601,141003,601
141003514,141003,514
141003513,141003,513
141003512,141003,512
141003510,141003,510
141003511,141003,511
141003508,141003,508
141003507,141003,507
141003506,141003,506
141003505,141003,505
141003509,141003,509
141004616,141004,616
141004612,141004,612
141004615,141004,615
141004614,141004,614
141004613,141004,613
141004611,141004,611
141004604,141004,604
141004609,141004,609
141004608,141004,608
141004607,141004,607
141004606,141004,606
141004605,141004,605
141004617,141004,617
141004610,141004,610
141004618,141004,618
914100403,141004,3
141004620,141004,620
141004621,141004,621
141004622,141004,622
141004623,141004,623
141004701,141004,701
141004702,141004,702
141004703,141004,703
141004704,141004,704
141004705,141004,705
141004706,141004,706
141004801,141004,801
141004802,141004,802
141004603,141004,603
914100402,141004,2
141004619,141004,619
141004601,141004,601
141004602,141004,602
141004408,141004,408
141004201,141004,201
141004401,141004,401
141004402,141004,402
141004403,141004,403
141004404,141004,404
141004405,141004,405
141004406,141004,406
141004407,141004,407
141004521,141004,521
141004501,141004,501
141004503,141004,503
141004504,141004,504
141004505,141004,505
141004506,141004,506
141004502,141004,502
141004508,141004,508
141004520,141004,520
141004519,141004,519
141004507,141004,507
141004517,141004,517
141004516,141004,516
141004515,141004,515
141004518,141004,518
141004513,141004,513
141004512,141004,512
141004511,141004,511
141004510,141004,510
141004509,141004,509
141004514,141004,514
914100401,141004,1
149902902,149902,902
149902401,149902,401
149902402,149902,402
149902403,149902,403
149902404,149902,404
149902405,149902,405
149902406,149902,406
149902407,149902,407
149902901,149902,901
149903407,149903,407
149903901,149903,901
149903406,149903,406
149903401,149903,401
149903404,149903,404
149903403,149903,403
149903402,149903,402
149903405,149903,405
149904901,149904,901
149905902,149905,902
149905901,149905,901
149905407,149905,407
149905406,149905,406
149905405,149905,405
149905404,149905,404
149905403,149905,403
149905402,149905,402
149905401,149905,401
149906902,149906,902
149906901,149906,901
149906410,149906,410
149906409,149906,409
149906408,149906,408
149906407,149906,407
149906404,149906,404
149906405,149906,405
149906403,149906,403
149906402,149906,402
149906401,149906,401
149906406,149906,406
300202109,300202,109
300202118,300202,118
300202117,300202,117
300202116,300202,116
300202115,300202,115
300202114,300202,114
300202112,300202,112
300202111,300202,111
300202110,300202,110
300202108,300202,108
300202119,300202,119
300202106,300202,106
300202105,300202,105
300202104,300202,104
300202103,300202,103
300202102,300202,102
300202101,300202,101
300202003,300202,3
300202002,300202,2
300202001,300202,1
300202107,300202,107
300202120,300202,120
300202121,300202,121
300202602,300202,602
300202123,300202,123
300202124,300202,124
300202127,300202,127
300202128,300202,128
300202129,300202,129
300202130,300202,130
300202131,300202,131
300202601,300202,601
300202603,300202,603
300202604,300202,604
300202122,300202,122
300203108,300203,108
300203107,300203,107
300203105,300203,105
300203106,300203,106
300203103,300203,103
300203109,300203,109
300203104,300203,104
300203110,300203,110
300203117,300203,117
300203112,300203,112
300203113,300203,113
300203114,300203,114
300203115,300203,115
300203116,300203,116
300203102,300203,102
300203118,300203,118
300203111,300203,111
300203101,300203,101
300203037,300203,37
300203036,300203,36
300203001,300203,1
300203002,300203,2
300203008,300203,8
300203017,300203,17
300203025,300203,25
300203026,300203,26
300203027,300203,27
300203028,300203,28
300203018,300203,18
300203030,300203,30
300203031,300203,31
300203032,300203,32
300203033,300203,33
300203034,300203,34
300203029,300203,29
300203035,300203,35
300401172,300401,172
300401173,300401,173
300401174,300401,174
300401175,300401,175
300401504,300401,504
300401501,300401,501
300401505,300401,505
300401506,300401,506
300401171,300401,171
300401176,300401,176
300401170,300401,170
300401603,300401,603
300401168,300401,168
300401167,300401,167
300401166,300401,166
300401165,300401,165
300401164,300401,164
300401163,300401,163
300401162,300401,162
300401161,300401,161
300401160,300401,160
300401507,300401,507
300401169,300401,169
300401601,300401,601
300401606,300401,606
300401911,300401,911
300401605,300401,605
300401159,300401,159
300401607,300401,607
300401608,300401,608
300401609,300401,609
300401610,300401,610
300401611,300401,611
300401612,300401,612
300401613,300401,613
300401614,300401,614
300401615,300401,615
300401701,300401,701
300401702,300401,702
300401703,300401,703
300401704,300401,704
300401705,300401,705
300401706,300401,706
300401707,300401,707
300401709,300401,707
300401801,300401,801
300401802,300401,802
300401804,300401,804
300401910,300401,910
300401602,300401,602
300401158,300401,158
300401149,300401,149
300401156,300401,156
300401127,300401,127
300401126,300401,126
300401125,300401,125
300401124,300401,124
300401115,300401,115
300401111,300401,111
300401109,300401,109
300401108,300401,108
300401107,300401,107
300401105,300401,105
300401104,300401,104
300401102,300401,102
300401101,300401,101
300401011,300401,11
300401010,300401,10
300401009,300401,9
300401008,300401,8
300401007,300401,7
300401006,300401,6
300401005,300401,5
300401004,300401,4
300401003,300401,3
300401002,300401,2
300401128,300401,128
300401157,300401,157
300401604,300401,604
300401140,300401,140
300401131,300401,131
300401132,300401,132
300401133,300401,133
300401134,300401,134
300401135,300401,135
300401136,300401,136
300401137,300401,137
300401138,300401,138
300401139,300401,139
300401129,300401,129
300401130,300401,130
300401141,300401,141
300401143,300401,143
300401144,300401,144
300401145,300401,145
300401146,300401,146
300401147,300401,147
300401148,300401,148
300401151,300401,151
300401152,300401,152
300401153,300401,153
300401154,300401,154
300401155,300401,155
300401142,300401,142
300402991,300402,991
300402901,300402,901
300501001,300501,1
820101201,820101,201
820101959,820101,959
820101901,820101,901
820101991,820101,991
820101968,820101,968
820101967,820101,967
820101966,820101,966
820101965,820101,965
820101964,820101,964
820101963,820101,963
820101962,820101,962
820101960,820101,960
820101958,820101,958
820101961,820101,961
820101956,820101,956
820101955,820101,955
820101954,820101,954
820101953,820101,953
820101952,820101,952
820101951,820101,951
820101910,820101,910
820101903,820101,903
820101902,820101,902
820101957,820101,957
830101920,830101,920
830101921,830101,921
830101922,830101,922
830102922,830102,922
830102920,830102,920
830102921,830102,921