100001,Adventure/Prefab/UniqueProp/Character/CompositeDotView2501001
100002,Adventure/Prefab/UniqueProp/Character/CompositeDotView2501001
100003,Adventure/Prefab/UniqueProp/Character/CompositeDotView2501001
100004,Adventure/Prefab/UniqueProp/Character/CompositeDotView2501001
100005,Adventure/Prefab/UniqueProp/ChallengeObject/Object_USB
100006,Adventure/Prefab/UniqueProp/ChallengeObject/Object_USB
100007,Adventure/Prefab/UniqueProp/ChallengeObject/SequenceInvisibleObject
100008,Adventure/Prefab/UniqueProp/Character/CompositeDotView4013001
100009,Adventure/Prefab/UniqueProp/ChallengeObject/Object_USB
100010,Adventure/Prefab/UniqueProp/ChallengeObject/Object_USB
100011,Adventure/Prefab/UniqueProp/ChallengeObject/SequenceInvisibleObject
100012,Adventure/Prefab/UniqueProp/Character/CompositeDotView4012001
100013,Adventure/Prefab/UniqueProp/Character/CompositeDotView4001001
100014,Adventure/Prefab/UniqueProp/Character/CompositeDotView4003001
100015,Adventure/Prefab/UniqueProp/Character/CompositeDotView4006001
100016,Adventure/Prefab/UniqueProp/Character/CompositeDotView4005001
100019,Adventure/Prefab/UniqueProp/Character/CompositeDotView4008001
100020,Adventure/Prefab/UniqueProp/ChallengeObject/Object_USB
100021,Adventure/Prefab/UniqueProp/Character/CompositeDotView4012001
100022,Adventure/Prefab/UniqueProp/Character/CompositeDotView2511004
100023,Adventure/Prefab/UniqueProp/Character/CompositeDotView4014001
100024,Adventure/Prefab/UniqueProp/Character/CompositeDotView4005001
100025,Adventure/Prefab/UniqueProp/Character/CompositeDotView4018001
100026,Adventure/Prefab/UniqueProp/Character/CompositeDotView4011001
100027,Adventure/Prefab/UniqueProp/Character/CompositeDotView3011001
100028,Adventure/Prefab/UniqueProp/ChallengeObject/Object_BrokenKitchosuitcase
100029,Adventure/Prefab/UniqueProp/ChallengeObject/SequenceInvisibleObject
100030,Adventure/Prefab/UniqueProp/ChallengeObject/Object_BrokenDrone
100031,Adventure/Prefab/UniqueProp/ChallengeObject/Object_BrokenMetalBox
100032,Adventure/Prefab/UniqueProp/Character/CompositeDotView3013001
100033,Adventure/Prefab/UniqueProp/ChallengeObject/Object_RoseRed
100034,Adventure/Prefab/UniqueProp/ChallengeObject/Object_RoseRed
100035,Adventure/Prefab/UniqueProp/ChallengeObject/Object_RoseRed
100036,Adventure/Prefab/UniqueProp/ChallengeObject/Object_RoseYellow
100037,Adventure/Prefab/UniqueProp/Character/CompositeDotView4010001
100038,Adventure/Prefab/UniqueProp/Character/CompositeDotView4011001
100039,Adventure/Prefab/UniqueProp/Character/CompositeDotView4014001
100040,Adventure/Prefab/UniqueProp/Character/CompositeDotView4012001
100041,Adventure/Prefab/UniqueProp/Character/CompositeDotView4013001
100042,Adventure/Prefab/UniqueProp/Character/CompositeDotView3012001
100043,Adventure/Prefab/UniqueProp/Character/CompositeDotView2091003
100044,Adventure/Prefab/UniqueProp/Character/CompositeDotView2092003
100045,Adventure/Prefab/UniqueProp/Character/CompositeDotView2091003
100046,Adventure/Prefab/UniqueProp/Character/CompositeDotView2092003
100047,Adventure/Prefab/UniqueProp/Character/CompositeDotView2091003
100048,Adventure/Prefab/UniqueProp/Character/CompositeDotView2092003
100049,Adventure/Prefab/UniqueProp/ChallengeObject/SequenceInvisibleObject
100050,Adventure/Prefab/UniqueProp/Character/CompositeDotView3001001
100051,Adventure/Prefab/UniqueProp/ChallengeObject/Object_RecipeBook
100052,Adventure/Prefab/UniqueProp/ChallengeObject/Object_Bag
100054,Adventure/Prefab/UniqueProp/Character/CompositeDotView3010001
100055,Adventure/Prefab/UniqueProp/Character/CompositeDotView2501001
100056,Adventure/Prefab/UniqueProp/Character/CompositeDotView2501001
100057,Adventure/Prefab/UniqueProp/Character/CompositeDotView2501001
100058,Adventure/Prefab/UniqueProp/Character/CompositeDotView2501001
100059,Adventure/Prefab/UniqueProp/Character/CompositeDotView2501001
100060,Adventure/Prefab/UniqueProp/Character/CompositeDotView2501001
100061,Adventure/Prefab/UniqueProp/ChallengeObject/SequenceInvisibleObject
100069,Adventure/Prefab/UniqueProp/Character/CompositeDotView3004001
100070,Adventure/Prefab/UniqueProp/Character/CompositeDotView3005001
100071,Adventure/Prefab/UniqueProp/Character/CompositeDotView3004001
100072,Adventure/Prefab/UniqueProp/Character/CompositeDotView3005001
100073,Adventure/Prefab/UniqueProp/Character/CompositeDotView3011001
100088,Adventure/Prefab/UniqueProp/Character/CompositeDotView3012001
100089,Adventure/Prefab/UniqueProp/Character/CompositeDotView3001001
100090,Adventure/Prefab/UniqueProp/ChallengeObject/SequenceInvisibleObject
100091,Adventure/Prefab/UniqueProp/Character/CompositeDotView3010001
100092,Adventure/Prefab/UniqueProp/Character/CompositeDotView4013001
100093,Adventure/Prefab/UniqueProp/Character/CompositeDotView4012001
100094,Adventure/Prefab/UniqueProp/Character/CompositeDotView3016001
100098,Adventure/Prefab/UniqueProp/Character/CompositeDotView3014001
100102,Adventure/Prefab/UniqueProp/Character/CompositeDotView3015001
100106,Adventure/Prefab/UniqueProp/Character/CompositeDotView2501001
100107,Adventure/Prefab/UniqueProp/Character/CompositeDotView4012001
100108,Adventure/Prefab/UniqueProp/Character/CompositeDotView4013001
100109,Adventure/Prefab/UniqueProp/Character/CompositeDotView4013001
100110,Adventure/Prefab/UniqueProp/ChallengeObject/Object_USB
100111,Adventure/Prefab/UniqueProp/ChallengeObject/Object_USB
100113,Adventure/Prefab/UniqueProp/Character/CompositeDotView4004001
100114,Adventure/Prefab/UniqueProp/Character/CompositeDotView4008001
100115,Adventure/Prefab/UniqueProp/Character/CompositeDotView4012001
100116,Adventure/Prefab/UniqueProp/Character/CompositeDotView4010001
100117,Adventure/Prefab/UniqueProp/Character/CompositeDotView4011001
100118,Adventure/Prefab/UniqueProp/Character/CompositeDotView4011001
100119,Adventure/Prefab/UniqueProp/Character/CompositeDotView4005001
100120,Adventure/Prefab/UniqueProp/Character/CompositeDotView4001001
100121,Adventure/Prefab/UniqueProp/Character/CompositeDotView3002001
100122,Adventure/Prefab/UniqueProp/Character/CompositeDotView3003001
100123,Adventure/Prefab/UniqueProp/Character/CompositeDotView3014001
100124,Adventure/Prefab/UniqueProp/Character/CompositeDotView2501001
100125,Adventure/Prefab/UniqueProp/Character/CompositeDotView2501001
100126,Adventure/Prefab/UniqueProp/ChallengeObject/Object_JunkItem
100127,Adventure/Prefab/UniqueProp/ChallengeObject/Object_JunkItem
100128,Adventure/Prefab/UniqueProp/Character/CompositeDotView3006001
100129,Adventure/Prefab/UniqueProp/Character/CompositeDotView2091003
100130,Adventure/Prefab/UniqueProp/Character/CompositeDotView2092003
100131,Adventure/Prefab/UniqueProp/Character/CompositeDotView3006001
100132,Adventure/Prefab/UniqueProp/Character/CompositeDotView2091003
100133,Adventure/Prefab/UniqueProp/Character/CompositeDotView2092003
100134,Adventure/Prefab/UniqueProp/Character/CompositeDotView4006001
100135,Adventure/Prefab/UniqueProp/Character/CompositeDotView4003001
100136,Adventure/Prefab/UniqueProp/ChallengeObject/Object_TrashA
100137,Adventure/Prefab/UniqueProp/ChallengeObject/Object_TrashB
100138,Adventure/Prefab/UniqueProp/ChallengeObject/Object_TrashC
100139,Adventure/Prefab/UniqueProp/Character/CompositeDotView4012001
100140,Adventure/Prefab/UniqueProp/Character/CompositeDotView4008001
100141,Adventure/Prefab/UniqueProp/Character/CompositeDotView4013001
100142,Adventure/Prefab/UniqueProp/Character/CompositeDotView4015001
100143,Adventure/Prefab/UniqueProp/ChallengeObject/Object_BouquetA
100144,Adventure/Prefab/UniqueProp/ChallengeObject/Object_Bag
100145,Adventure/Prefab/UniqueProp/ChallengeObject/Object_RoseYellow
100146,Adventure/Prefab/UniqueProp/ChallengeObject/Object_RoseYellow
100147,Adventure/Prefab/UniqueProp/ChallengeObject/Object_RoseSkyblue
100148,Adventure/Prefab/UniqueProp/ChallengeObject/Object_RoseSkyblue
100149,Adventure/Prefab/UniqueProp/ChallengeObject/Object_RoseSkyblue
100150,Adventure/Prefab/UniqueProp/Character/CompositeDotView4011001
100151,Adventure/Prefab/UniqueProp/ChallengeObject/Object_PackFood
100152,Adventure/Prefab/UniqueProp/Character/CompositeDotView4008001
100153,Adventure/Prefab/UniqueProp/Character/CompositeDotView4003001
100154,Adventure/Prefab/UniqueProp/Character/CompositeDotView4001001
100155,Adventure/Prefab/UniqueProp/Character/CompositeDotView4002001
100156,Adventure/Prefab/UniqueProp/Character/CompositeDotView4010001
100157,Adventure/Prefab/UniqueProp/ChallengeObject/Object_PaperA
100158,Adventure/Prefab/UniqueProp/Character/CompositeDotView4008001
100159,Adventure/Prefab/UniqueProp/Character/CompositeDotView4011001
100160,Adventure/Prefab/UniqueProp/Character/CompositeDotView2242001
100161,Adventure/Prefab/UniqueProp/Character/CompositeDotView2091001
100162,Adventure/Prefab/UniqueProp/Character/CompositeDotView4006001
100163,Adventure/Prefab/UniqueProp/Character/CompositeDotView4004001
100164,Adventure/Prefab/UniqueProp/Character/CompositeDotView4013001
100165,Adventure/Prefab/UniqueProp/Character/CompositeDotView4012001
100166,Adventure/Prefab/UniqueProp/ChallengeObject/Object_PaperB
100167,Adventure/Prefab/UniqueProp/ChallengeObject/Object_PaperC
100168,Adventure/Prefab/UniqueProp/ChallengeObject/Object_PaperD
100169,Adventure/Prefab/UniqueProp/Character/CompositeDotView4005001
100170,Adventure/Prefab/UniqueProp/Character/CompositeDotView4008001
100171,Adventure/Prefab/UniqueProp/ChallengeObject/Object_BrokenHologramDevice
100172,Adventure/Prefab/UniqueProp/ChallengeObject/Object_BrokenHologramDevice
100173,Adventure/Prefab/UniqueProp/ChallengeObject/Object_BrokenHologramDevice
100174,Adventure/Prefab/UniqueProp/Character/CompositeDotView2501001
100175,Adventure/Prefab/UniqueProp/Character/CompositeDotView2501001
100176,Adventure/Prefab/UniqueProp/Character/CompositeDotView2501001
100180,Adventure/Prefab/UniqueProp/ChallengeObject/SequenceInvisibleObject
100181,Adventure/Prefab/UniqueProp/ChallengeObject/SequenceInvisibleObject
100182,Adventure/Prefab/UniqueProp/ChallengeObject/SequenceInvisibleObject
100183,Adventure/Prefab/UniqueProp/ChallengeObject/Object_RoseRed
100184,Adventure/Prefab/UniqueProp/ChallengeObject/Object_RoseYellow
100185,Adventure/Prefab/UniqueProp/ChallengeObject/Object_RoseSkyblue
100186,Adventure/Prefab/UniqueProp/Character/CompositeDotView3011001
101001,Adventure/Prefab/UniqueProp/Character/CompositeDotView3010002
104001,Adventure/Prefab/UniqueProp/ChallengeObject/FlavorInvisibleObject_BoxFront
104002,Adventure/Prefab/UniqueProp/ChallengeObject/FlavorInvisibleObject_BoxFront
104003,Adventure/Prefab/UniqueProp/ChallengeObject/FlavorInvisibleObject_BoxFront
104004,Adventure/Prefab/UniqueProp/ChallengeObject/FlavorInvisibleObject_BoxFront
104005,Adventure/Prefab/UniqueProp/ChallengeObject/FlavorInvisibleObject_BoxFront
104006,Adventure/Prefab/UniqueProp/ChallengeObject/FlavorInvisibleObject_BoxFront
104007,Adventure/Prefab/UniqueProp/ChallengeObject/FlavorInvisibleObject_BoxFront
104008,Adventure/Prefab/UniqueProp/Character/CompositeDotView4014001
104009,Adventure/Prefab/UniqueProp/Character/CompositeDotView4012001
104010,Adventure/Prefab/UniqueProp/Character/CompositeDotView4012001
104011,Adventure/Prefab/UniqueProp/Character/CompositeDotView4010001
104012,Adventure/Prefab/UniqueProp/Character/CompositeDotView4011001
104013,Adventure/Prefab/UniqueProp/Character/CompositeDotView4013001
104014,Adventure/Prefab/UniqueProp/Character/CompositeDotView4015001
104015,Adventure/Prefab/UniqueProp/ChallengeObject/FlavorInvisibleObject_BoxFront
104016,Adventure/Prefab/UniqueProp/ChallengeObject/FlavorInvisibleObject_BoxFront
104017,Adventure/Prefab/UniqueProp/ChallengeObject/FlavorInvisibleObject_BoxFront
104018,Adventure/Prefab/UniqueProp/ChallengeObject/FlavorInvisibleObject_BoxFront
104019,Adventure/Prefab/UniqueProp/ChallengeObject/FlavorInvisibleObject_BoxFront
104020,Adventure/Prefab/UniqueProp/ChallengeObject/FlavorInvisibleObject_BoxFront
104021,Adventure/Prefab/UniqueProp/ChallengeObject/FlavorInvisibleObject_BoxFront
104022,Adventure/Prefab/UniqueProp/Character/CompositeDotView4010001
104023,Adventure/Prefab/UniqueProp/Character/CompositeDotView4012001
104024,Adventure/Prefab/UniqueProp/Character/CompositeDotView4013001
104025,Adventure/Prefab/UniqueProp/Character/CompositeDotView4012001
104026,Adventure/Prefab/UniqueProp/Character/CompositeDotView4011001
104027,Adventure/Prefab/UniqueProp/Character/CompositeDotView4012001
104028,Adventure/Prefab/UniqueProp/Character/CompositeDotView4011001
104029,Adventure/Prefab/UniqueProp/Character/CompositeDotView4012001
104030,Adventure/Prefab/UniqueProp/Character/CompositeDotView4013001
104031,Adventure/Prefab/UniqueProp/Character/CompositeDotView4015001
104032,Adventure/Prefab/UniqueProp/Character/CompositeDotView4010001
104033,Adventure/Prefab/UniqueProp/Character/CompositeDotView4014001
104034,Adventure/Prefab/UniqueProp/Character/CompositeDotView4013001
104035,Adventure/Prefab/UniqueProp/Character/CompositeDotView4012001
104036,Adventure/Prefab/UniqueProp/Character/CompositeDotView4012001
104037,Adventure/Prefab/UniqueProp/Character/CompositeDotView4010001
104038,Adventure/Prefab/UniqueProp/Character/CompositeDotView4013001
104039,Adventure/Prefab/UniqueProp/Character/CompositeDotView4013001
104040,Adventure/Prefab/UniqueProp/Character/CompositeDotView4015001
104041,Adventure/Prefab/UniqueProp/Character/CompositeDotView4012001
104042,Adventure/Prefab/UniqueProp/Character/CompositeDotView4011001
104043,Adventure/Prefab/UniqueProp/Character/CompositeDotView4013001
104044,Adventure/Prefab/UniqueProp/Character/CompositeDotView4014001
104045,Adventure/Prefab/UniqueProp/Character/CompositeDotView4011001
104046,Adventure/Prefab/UniqueProp/Character/CompositeDotView4012001
104047,Adventure/Prefab/UniqueProp/Character/CompositeDotView4013001
104048,Adventure/Prefab/UniqueProp/Character/CompositeDotView4015001
104049,Adventure/Prefab/UniqueProp/Character/CompositeDotView4014001
104050,Adventure/Prefab/UniqueProp/Character/CompositeDotView4013001
104051,Adventure/Prefab/UniqueProp/Character/CompositeDotView4013001
104052,Adventure/Prefab/UniqueProp/Character/CompositeDotView4012001
104053,Adventure/Prefab/UniqueProp/Character/CompositeDotView4015001
104054,Adventure/Prefab/UniqueProp/Character/CompositeDotView4013001
104055,Adventure/Prefab/UniqueProp/Character/CompositeDotView4013001
104057,Adventure/Prefab/UniqueProp/Character/CompositeDotView4011001
104058,Adventure/Prefab/UniqueProp/Character/CompositeDotView4013001
104060,Adventure/Prefab/UniqueProp/Character/CompositeDotView4010001
104061,Adventure/Prefab/UniqueProp/Character/CompositeDotView4012001
104062,Adventure/Prefab/UniqueProp/Character/CompositeDotView4014001
104063,Adventure/Prefab/UniqueProp/Character/CompositeDotView4015001
104064,Adventure/Prefab/UniqueProp/Character/CompositeDotView4012001
104065,Adventure/Prefab/UniqueProp/Character/CompositeDotView4014001
104066,Adventure/Prefab/UniqueProp/Character/CompositeDotView4013001
104067,Adventure/Prefab/UniqueProp/Character/CompositeDotView4012001
104068,Adventure/Prefab/UniqueProp/Character/CompositeDotView4015001
104069,Adventure/Prefab/UniqueProp/Character/CompositeDotView4013001
104070,Adventure/Prefab/UniqueProp/Character/CompositeDotView4013001
104071,Adventure/Prefab/UniqueProp/Character/CompositeDotView4012001
104072,Adventure/Prefab/UniqueProp/Character/CompositeDotView4015001
104073,Adventure/Prefab/UniqueProp/Character/CompositeDotView4014001
104075,Adventure/Prefab/UniqueProp/Character/CompositeDotView4010001
104076,Adventure/Prefab/UniqueProp/Character/CompositeDotView4012001
104077,Adventure/Prefab/UniqueProp/ChallengeObject/FlavorInvisibleObject_BoxFront
104078,Adventure/Prefab/UniqueProp/ChallengeObject/FlavorInvisibleObject_BoxFront
104079,Adventure/Prefab/UniqueProp/ChallengeObject/FlavorInvisibleObject_BoxFront
104080,Adventure/Prefab/UniqueProp/ChallengeObject/FlavorInvisibleObject_BoxFront
104081,Adventure/Prefab/UniqueProp/ChallengeObject/FlavorInvisibleObject_BoxFront
104084,Adventure/Prefab/UniqueProp/ChallengeObject/FlavorInvisibleObject_BoxFront
104085,Adventure/Prefab/UniqueProp/ChallengeObject/FlavorInvisibleObject_BoxFront
104086,Adventure/Prefab/UniqueProp/ChallengeObject/FlavorInvisibleObject_BoxFront
104087,Adventure/Prefab/UniqueProp/ChallengeObject/FlavorInvisibleObject_BoxFront
104088,Adventure/Prefab/UniqueProp/ChallengeObject/FlavorInvisibleObject_BoxFront
104089,Adventure/Prefab/UniqueProp/ChallengeObject/FlavorInvisibleObject_BoxFront
104090,Adventure/Prefab/UniqueProp/ChallengeObject/FlavorInvisibleObject_BoxFront
104091,Adventure/Prefab/UniqueProp/ChallengeObject/FlavorInvisibleObject_BoxFront
104095,Adventure/Prefab/UniqueProp/Character/CompositeDotView4013001
104096,Adventure/Prefab/UniqueProp/Character/CompositeDotView4012001
104097,Adventure/Prefab/UniqueProp/Character/CompositeDotView4015001
104098,Adventure/Prefab/UniqueProp/Character/CompositeDotView4014001
104099,Adventure/Prefab/UniqueProp/Character/CompositeDotView4013001
104100,Adventure/Prefab/UniqueProp/Character/CompositeDotView4012001
104101,Adventure/Prefab/UniqueProp/Character/CompositeDotView4012001
104102,Adventure/Prefab/UniqueProp/Character/CompositeDotView4013001
104103,Adventure/Prefab/UniqueProp/Character/CompositeDotView4014001
104104,Adventure/Prefab/UniqueProp/Character/CompositeDotView4018001
104105,Adventure/Prefab/UniqueProp/Character/CompositeDotView4018001
104106,Adventure/Prefab/UniqueProp/Character/CompositeDotView4018001
104107,Adventure/Prefab/UniqueProp/Character/CompositeDotView4018001
104108,Adventure/Prefab/UniqueProp/Character/CompositeDotView4018001
104109,Adventure/Prefab/UniqueProp/Character/CompositeDotView4018001
104110,Adventure/Prefab/UniqueProp/Character/CompositeDotView4014001
104111,Adventure/Prefab/UniqueProp/Character/CompositeDotView4012001
104112,Adventure/Prefab/UniqueProp/Character/CompositeDotView4012001
104113,Adventure/Prefab/UniqueProp/Character/CompositeDotView4013001
104114,Adventure/Prefab/UniqueProp/Character/CompositeDotView4012001
104115,Adventure/Prefab/UniqueProp/Character/CompositeDotView4004001
104116,Adventure/Prefab/UniqueProp/Character/CompositeDotView4004001
104117,Adventure/Prefab/UniqueProp/Character/CompositeDotView4004001
104118,Adventure/Prefab/UniqueProp/Character/CompositeDotView4004001
104119,Adventure/Prefab/UniqueProp/Character/CompositeDotView4004001
104120,Adventure/Prefab/UniqueProp/Character/CompositeDotView4004001
104121,Adventure/Prefab/UniqueProp/Character/CompositeDotView4003001
104122,Adventure/Prefab/UniqueProp/Character/CompositeDotView4003001
104123,Adventure/Prefab/UniqueProp/Character/CompositeDotView4003001
104124,Adventure/Prefab/UniqueProp/Character/CompositeDotView4008001
104125,Adventure/Prefab/UniqueProp/Character/CompositeDotView4014001
104126,Adventure/Prefab/UniqueProp/Character/CompositeDotView4013001
104127,Adventure/Prefab/UniqueProp/Character/CompositeDotView4012001
104128,Adventure/Prefab/UniqueProp/Character/CompositeDotView4015001
104129,Adventure/Prefab/UniqueProp/Character/CompositeDotView4013001
104130,Adventure/Prefab/UniqueProp/Character/CompositeDotView4012001
104131,Adventure/Prefab/UniqueProp/Character/CompositeDotView4013001
104132,Adventure/Prefab/UniqueProp/Character/CompositeDotView4012001
104133,Adventure/Prefab/UniqueProp/ChallengeObject/FlavorInvisibleObject_BoxFront
104134,Adventure/Prefab/UniqueProp/ChallengeObject/FlavorInvisibleObject_BoxFront
104135,Adventure/Prefab/UniqueProp/ChallengeObject/FlavorInvisibleObject_BoxFront
104136,Adventure/Prefab/UniqueProp/ChallengeObject/FlavorInvisibleObject_BoxFront
104137,Adventure/Prefab/UniqueProp/ChallengeObject/FlavorInvisibleObject_BoxFront
104138,Adventure/Prefab/UniqueProp/ChallengeObject/FlavorInvisibleObject_BoxFront
104139,Adventure/Prefab/UniqueProp/ChallengeObject/FlavorInvisibleObject_BoxFront
104140,Adventure/Prefab/UniqueProp/ChallengeObject/FlavorInvisibleObject_BoxFront
104141,Adventure/Prefab/UniqueProp/ChallengeObject/FlavorInvisibleObject_BoxFront
104144,Adventure/Prefab/UniqueProp/ChallengeObject/FlavorInvisibleObject_BoxFront
104145,Adventure/Prefab/UniqueProp/ChallengeObject/FlavorInvisibleObject_BoxFront
104146,Adventure/Prefab/UniqueProp/ChallengeObject/FlavorInvisibleObject_BoxFront
104150,Adventure/Prefab/UniqueProp/ChallengeObject/FlavorInvisibleObject_BoxFront
104154,Adventure/Prefab/UniqueProp/ChallengeObject/FlavorInvisibleObject_BoxFront
104155,Adventure/Prefab/UniqueProp/ChallengeObject/FlavorInvisibleObject_BoxFront
104156,Adventure/Prefab/UniqueProp/ChallengeObject/FlavorInvisibleObject_BoxFront
104157,Adventure/Prefab/UniqueProp/ChallengeObject/FlavorInvisibleObject_BoxFront
104158,Adventure/Prefab/UniqueProp/ChallengeObject/FlavorInvisibleObject_BoxFront
104159,Adventure/Prefab/UniqueProp/ChallengeObject/FlavorInvisibleObject_BoxFront
104160,Adventure/Prefab/UniqueProp/ChallengeObject/FlavorInvisibleObject_BoxFront
104161,Adventure/Prefab/UniqueProp/ChallengeObject/FlavorInvisibleObject_BoxFront
104162,Adventure/Prefab/UniqueProp/ChallengeObject/FlavorInvisibleObject_BoxFront
104163,Adventure/Prefab/UniqueProp/ChallengeObject/FlavorInvisibleObject_BoxFront
104164,Adventure/Prefab/UniqueProp/ChallengeObject/FlavorInvisibleObject_BoxFront
104165,Adventure/Prefab/UniqueProp/ChallengeObject/FlavorInvisibleObject_BoxFront
104166,Adventure/Prefab/UniqueProp/ChallengeObject/FlavorInvisibleObject_BoxFront
104167,Adventure/Prefab/UniqueProp/ChallengeObject/FlavorInvisibleObject_BoxFront
104168,Adventure/Prefab/UniqueProp/ChallengeObject/FlavorInvisibleObject_BoxFront
104169,Adventure/Prefab/UniqueProp/ChallengeObject/FlavorInvisibleObject_BoxFront
104170,Adventure/Prefab/UniqueProp/ChallengeObject/FlavorInvisibleObject_BoxFront
104171,Adventure/Prefab/UniqueProp/ChallengeObject/FlavorInvisibleObject_Sphere_1.7
104172,Adventure/Prefab/UniqueProp/ChallengeObject/FlavorInvisibleObject_Sphere_1.7
104173,Adventure/Prefab/UniqueProp/ChallengeObject/FlavorInvisibleObject_BoxFront
104174,Adventure/Prefab/UniqueProp/ChallengeObject/FlavorInvisibleObject_Sphere_Large
104175,Adventure/Prefab/UniqueProp/ChallengeObject/FlavorInvisibleObject_BoxFront
104176,Adventure/Prefab/UniqueProp/ChallengeObject/FlavorInvisibleObject_Sphere_Large
104177,Adventure/Prefab/UniqueProp/ChallengeObject/FlavorInvisibleObject_BoxFront
104178,Adventure/Prefab/UniqueProp/ChallengeObject/FlavorInvisibleObject_BoxFront
104179,Adventure/Prefab/UniqueProp/ChallengeObject/FlavorInvisibleObject_BoxFront
104180,Adventure/Prefab/UniqueProp/ChallengeObject/FlavorInvisibleObject_BoxFront
104181,Adventure/Prefab/UniqueProp/ChallengeObject/FlavorInvisibleObject_BoxFront
104182,Adventure/Prefab/UniqueProp/ChallengeObject/FlavorInvisibleObject_BoxFront
104183,Adventure/Prefab/UniqueProp/ChallengeObject/FlavorInvisibleObject_BoxFront
104184,Adventure/Prefab/UniqueProp/ChallengeObject/FlavorInvisibleObject_Sphere
104186,Adventure/Prefab/UniqueProp/ChallengeObject/FlavorInvisibleObject_BoxFront
104187,Adventure/Prefab/UniqueProp/ChallengeObject/FlavorInvisibleObject_Sphere
104188,Adventure/Prefab/UniqueProp/ChallengeObject/FlavorInvisibleObject_BoxFront
104189,Adventure/Prefab/UniqueProp/ChallengeObject/FlavorInvisibleObject_BoxFront
104190,Adventure/Prefab/UniqueProp/ChallengeObject/FlavorInvisibleObject_BoxFront
104191,Adventure/Prefab/UniqueProp/ChallengeObject/FlavorInvisibleObject_BoxFront
104192,Adventure/Prefab/UniqueProp/ChallengeObject/FlavorInvisibleObject_BoxFront
104193,Adventure/Prefab/UniqueProp/ChallengeObject/FlavorInvisibleObject_BoxFront
104194,Adventure/Prefab/UniqueProp/ChallengeObject/FlavorInvisibleObject_BoxFront
104195,Adventure/Prefab/UniqueProp/ChallengeObject/FlavorInvisibleObject_BoxFront
104196,Adventure/Prefab/UniqueProp/ChallengeObject/FlavorInvisibleObject_BoxFront
104197,Adventure/Prefab/UniqueProp/ChallengeObject/FlavorInvisibleObject_Sphere_Large
104198,Adventure/Prefab/UniqueProp/ChallengeObject/FlavorInvisibleObject_BoxFront
104199,Adventure/Prefab/UniqueProp/ChallengeObject/FlavorInvisibleObject_BoxFront
104200,Adventure/Prefab/UniqueProp/ChallengeObject/FlavorInvisibleObject_BoxFront
104201,Adventure/Prefab/UniqueProp/ChallengeObject/FlavorInvisibleObject_BoxFront
104203,Adventure/Prefab/UniqueProp/ChallengeObject/FlavorInvisibleObject_BoxFront
104208,Adventure/Prefab/UniqueProp/ChallengeObject/FlavorInvisibleObject_BoxFront
104209,Adventure/Prefab/UniqueProp/ChallengeObject/FlavorInvisibleObject_BoxFront
104212,Adventure/Prefab/UniqueProp/ChallengeObject/FlavorInvisibleObject_BoxFront
104213,Adventure/Prefab/UniqueProp/ChallengeObject/FlavorInvisibleObject_Sphere_Large
104214,Adventure/Prefab/UniqueProp/Character/CompositeDotView4013001
104215,Adventure/Prefab/UniqueProp/Character/CompositeDotView4012001
104216,Adventure/Prefab/UniqueProp/Character/CompositeDotView4014001
104217,Adventure/Prefab/UniqueProp/Character/CompositeDotView4013001
104218,Adventure/Prefab/UniqueProp/Character/CompositeDotView4013001
104219,Adventure/Prefab/UniqueProp/Character/CompositeDotView4013001
104220,Adventure/Prefab/UniqueProp/Character/CompositeDotView4013001
104221,Adventure/Prefab/UniqueProp/Character/CompositeDotView4013001
104222,Adventure/Prefab/UniqueProp/Character/CompositeDotView4013001
104223,Adventure/Prefab/UniqueProp/Character/CompositeDotView4010001
104224,Adventure/Prefab/UniqueProp/Character/CompositeDotView4010001
104225,Adventure/Prefab/UniqueProp/Character/CompositeDotView4010001
104226,Adventure/Prefab/UniqueProp/Character/CompositeDotView4012001
104227,Adventure/Prefab/UniqueProp/Character/CompositeDotView4012001
104228,Adventure/Prefab/UniqueProp/Character/CompositeDotView4012001
104229,Adventure/Prefab/UniqueProp/Character/CompositeDotView4012001
104230,Adventure/Prefab/UniqueProp/Character/CompositeDotView2091001
104231,Adventure/Prefab/UniqueProp/Character/CompositeDotView2092001
104232,Adventure/Prefab/UniqueProp/Character/CompositeDotView2092001
104233,Adventure/Prefab/UniqueProp/Character/CompositeDotView4011001
104234,Adventure/Prefab/UniqueProp/Character/CompositeDotView4011001
104235,Adventure/Prefab/UniqueProp/Character/CompositeDotView4011001
104236,Adventure/Prefab/UniqueProp/Character/CompositeDotView4014001
104237,Adventure/Prefab/UniqueProp/Character/CompositeDotView4014001
104238,Adventure/Prefab/UniqueProp/Character/CompositeDotView4015001
104239,Adventure/Prefab/UniqueProp/Character/CompositeDotView4015001
104240,Adventure/Prefab/UniqueProp/Character/CompositeDotView4005001
104241,Adventure/Prefab/UniqueProp/Character/CompositeDotView4006001
104242,Adventure/Prefab/UniqueProp/Character/CompositeDotView4007001
104243,Adventure/Prefab/UniqueProp/Character/CompositeDotView4008001
104244,Adventure/Prefab/UniqueProp/Character/CompositeDotView2091001
104245,Adventure/Prefab/UniqueProp/Character/CompositeDotView2091001
104246,Adventure/Prefab/UniqueProp/Character/CompositeDotView4011001
104247,Adventure/Prefab/UniqueProp/Character/CompositeDotView4010001
104248,Adventure/Prefab/UniqueProp/Character/CompositeDotView4012001
104249,Adventure/Prefab/UniqueProp/Character/CompositeDotView4013001
104250,Adventure/Prefab/UniqueProp/Character/CompositeDotView4015001
104251,Adventure/Prefab/UniqueProp/Character/CompositeDotView4005001
104252,Adventure/Prefab/UniqueProp/Character/CompositeDotView4008001
104253,Adventure/Prefab/UniqueProp/Character/CompositeDotView4012001
104254,Adventure/Prefab/UniqueProp/Character/CompositeDotView4013001
104255,Adventure/Prefab/UniqueProp/Character/CompositeDotView4015001
104256,Adventure/Prefab/UniqueProp/Character/CompositeDotView4015001
104257,Adventure/Prefab/UniqueProp/Character/CompositeDotView4005001
104258,Adventure/Prefab/UniqueProp/Character/CompositeDotView4005001
104259,Adventure/Prefab/UniqueProp/Character/CompositeDotView4006001
104260,Adventure/Prefab/UniqueProp/Character/CompositeDotView4006001
104261,Adventure/Prefab/UniqueProp/Character/CompositeDotView4012001
104262,Adventure/Prefab/UniqueProp/Character/CompositeDotView4013001
104263,Adventure/Prefab/UniqueProp/Character/CompositeDotView4015001
104264,Adventure/Prefab/UniqueProp/Character/CompositeDotView4015001
104265,Adventure/Prefab/UniqueProp/Character/CompositeDotView4015001
104266,Adventure/Prefab/UniqueProp/Character/CompositeDotView4015001
104267,Adventure/Prefab/UniqueProp/Character/CompositeDotView2091001
104268,Adventure/Prefab/UniqueProp/Character/CompositeDotView2091001
104269,Adventure/Prefab/UniqueProp/Character/CompositeDotView4012001
104270,Adventure/Prefab/UniqueProp/Character/CompositeDotView4013001
104271,Adventure/Prefab/UniqueProp/Character/CompositeDotView4012001
104272,Adventure/Prefab/UniqueProp/Character/CompositeDotView4015001
104273,Adventure/Prefab/UniqueProp/ChallengeObject/FlavorInvisibleObject_BoxFront
104274,Adventure/Prefab/UniqueProp/ChallengeObject/FlavorInvisibleObject_BoxFront
104275,Adventure/Prefab/UniqueProp/ChallengeObject/FlavorInvisibleObject_BoxFront
104276,Adventure/Prefab/UniqueProp/ChallengeObject/FlavorInvisibleObject_BoxFront
104277,Adventure/Prefab/UniqueProp/ChallengeObject/FlavorInvisibleObject_BoxFront
104278,Adventure/Prefab/UniqueProp/ChallengeObject/FlavorInvisibleObject_BoxFront
104279,Adventure/Prefab/UniqueProp/ChallengeObject/FlavorInvisibleObject_BoxFront
104280,Adventure/Prefab/UniqueProp/ChallengeObject/FlavorInvisibleObject_BoxFront
104281,Adventure/Prefab/UniqueProp/ChallengeObject/FlavorInvisibleObject_BoxFront
104282,Adventure/Prefab/UniqueProp/ChallengeObject/FlavorInvisibleObject_BoxFront
104283,Adventure/Prefab/UniqueProp/ChallengeObject/FlavorInvisibleObject_BoxFront
104284,Adventure/Prefab/UniqueProp/ChallengeObject/FlavorInvisibleObject_BoxFront
104285,Adventure/Prefab/UniqueProp/ChallengeObject/FlavorInvisibleObject_BoxFront
104286,Adventure/Prefab/UniqueProp/ChallengeObject/FlavorInvisibleObject_BoxFront
104287,Adventure/Prefab/UniqueProp/ChallengeObject/FlavorInvisibleObject_BoxFront
105001,Adventure/Prefab/UniqueProp/TreasureItem/TreasureBox_Fantasy_3
105002,Adventure/Prefab/UniqueProp/TreasureItem/TreasureBox_Fantasy_2
105003,Adventure/Prefab/UniqueProp/TreasureItem/TreasureBox_Fantasy_1
105004,Adventure/Prefab/UniqueProp/TreasureItem/TreasureBox_Fantasy_1
105005,Adventure/Prefab/UniqueProp/TreasureItem/TreasureBox_Fantasy_1
105006,Adventure/Prefab/UniqueProp/TreasureItem/TreasureBox_Fantasy_2
105007,Adventure/Prefab/UniqueProp/TreasureItem/TreasureBox_Fantasy_1
105008,Adventure/Prefab/UniqueProp/TreasureItem/TreasureBox_Fantasy_1
105009,Adventure/Prefab/UniqueProp/TreasureItem/TreasureBox_Fantasy_3
105011,Adventure/Prefab/UniqueProp/TreasureItem/TreasureBox_Fantasy_1
105013,Adventure/Prefab/UniqueProp/TreasureItem/TreasureBox_Fantasy_2
105017,Adventure/Prefab/UniqueProp/TreasureItem/TreasureBox_Fantasy_1
105018,Adventure/Prefab/UniqueProp/TreasureItem/TreasureBox_Fantasy_2
105019,Adventure/Prefab/UniqueProp/TreasureItem/TreasureBox_Fantasy_1
105020,Adventure/Prefab/UniqueProp/TreasureItem/TreasureBox_Fantasy_1
105021,Adventure/Prefab/UniqueProp/TreasureItem/TreasureBox_Fantasy_1
105022,Adventure/Prefab/UniqueProp/TreasureItem/TreasureBox_Fantasy_1
105023,Adventure/Prefab/UniqueProp/TreasureItem/TreasureBox_Fantasy_1
105024,Adventure/Prefab/UniqueProp/TreasureItem/TreasureBox_Fantasy_2
105025,Adventure/Prefab/UniqueProp/TreasureItem/TreasureBox_Fantasy_2
105026,Adventure/Prefab/UniqueProp/TreasureItem/TreasureBox_Fantasy_1
105027,Adventure/Prefab/UniqueProp/TreasureItem/TreasureBox_Fantasy_1
105028,Adventure/Prefab/UniqueProp/TreasureItem/TreasureBox_Fantasy_3
105029,Adventure/Prefab/UniqueProp/TreasureItem/TreasureBox_Fantasy_1
105030,Adventure/Prefab/UniqueProp/TreasureItem/TreasureBox_Fantasy_1
105031,Adventure/Prefab/UniqueProp/TreasureItem/TreasureBox_Fantasy_2
105032,Adventure/Prefab/UniqueProp/TreasureItem/TreasureBox_Fantasy_1
105033,Adventure/Prefab/UniqueProp/TreasureItem/TreasureBox_Fantasy_2
105034,Adventure/Prefab/UniqueProp/TreasureItem/TreasureBox_Fantasy_2
105035,Adventure/Prefab/UniqueProp/TreasureItem/TreasureBox_Fantasy_1
105036,Adventure/Prefab/UniqueProp/TreasureItem/TreasureBox_Fantasy_1
105037,Adventure/Prefab/UniqueProp/TreasureItem/TreasureBox_Fantasy_2
105038,Adventure/Prefab/UniqueProp/TreasureItem/TreasureBox_Fantasy_1
105039,Adventure/Prefab/UniqueProp/TreasureItem/TreasureBox_Fantasy_2
105040,Adventure/Prefab/UniqueProp/TreasureItem/TreasureBox_Fantasy_2
105041,Adventure/Prefab/UniqueProp/TreasureItem/TreasureBox_Fantasy_2
105042,Adventure/Prefab/UniqueProp/TreasureItem/TreasureBox_Fantasy_1
105043,Adventure/Prefab/UniqueProp/TreasureItem/TreasureBox_Fantasy_1
105044,Adventure/Prefab/UniqueProp/TreasureItem/TreasureBox_Fantasy_1
105045,Adventure/Prefab/UniqueProp/TreasureItem/TreasureBox_Fantasy_2
105047,Adventure/Prefab/UniqueProp/TreasureItem/TreasureBox_Fantasy_1
105048,Adventure/Prefab/UniqueProp/TreasureItem/TreasureBox_Fantasy_1
105049,Adventure/Prefab/UniqueProp/TreasureItem/TreasureBox_Fantasy_1
105050,Adventure/Prefab/UniqueProp/TreasureItem/TreasureBox_Fantasy_1
105051,Adventure/Prefab/UniqueProp/TreasureItem/TreasureBox_Fantasy_1
105052,Adventure/Prefab/UniqueProp/TreasureItem/TreasureBox_Fantasy_2
105053,Adventure/Prefab/UniqueProp/TreasureItem/TreasureBox_Fantasy_3
105054,Adventure/Prefab/UniqueProp/TreasureItem/TreasureBox_Fantasy_1
105055,Adventure/Prefab/UniqueProp/TreasureItem/TreasureBox_Fantasy_1
105056,Adventure/Prefab/UniqueProp/TreasureItem/TreasureBox_Fantasy_1
105057,Adventure/Prefab/UniqueProp/TreasureItem/TreasureBox_Fantasy_2
105058,Adventure/Prefab/UniqueProp/TreasureItem/TreasureBox_Fantasy_1
105059,Adventure/Prefab/UniqueProp/TreasureItem/TreasureBox_Fantasy_1
105060,Adventure/Prefab/UniqueProp/TreasureItem/TreasureBox_Fantasy_3
105062,Adventure/Prefab/UniqueProp/TreasureItem/TreasureBox_Fantasy_1
105064,Adventure/Prefab/UniqueProp/TreasureItem/TreasureBox_Fantasy_2
105065,Adventure/Prefab/UniqueProp/TreasureItem/TreasureBox_Fantasy_1
105068,Adventure/Prefab/UniqueProp/TreasureItem/TreasureBox_Fantasy_1
105069,Adventure/Prefab/UniqueProp/TreasureItem/TreasureBox_Fantasy_1
105070,Adventure/Prefab/UniqueProp/TreasureItem/TreasureBox_Fantasy_1
105071,Adventure/Prefab/UniqueProp/TreasureItem/TreasureBox_Fantasy_1
105072,Adventure/Prefab/UniqueProp/TreasureItem/TreasureBox_Fantasy_1
105073,Adventure/Prefab/UniqueProp/TreasureItem/TreasureBox_Fantasy_2
105074,Adventure/Prefab/UniqueProp/TreasureItem/TreasureBox_Fantasy_1
105077,Adventure/Prefab/UniqueProp/TreasureItem/TreasureBox_Fantasy_1
105078,Adventure/Prefab/UniqueProp/TreasureItem/TreasureBox_Fantasy_1
105079,Adventure/Prefab/UniqueProp/TreasureItem/TreasureBox_Fantasy_1
105080,Adventure/Prefab/UniqueProp/TreasureItem/TreasureBox_Fantasy_1
105081,Adventure/Prefab/UniqueProp/TreasureItem/TreasureBox_Fantasy_1
105082,Adventure/Prefab/UniqueProp/TreasureItem/TreasureBox_Fantasy_1
105083,Adventure/Prefab/UniqueProp/TreasureItem/TreasureBox_Fantasy_2
105084,Adventure/Prefab/UniqueProp/TreasureItem/TreasureBox_Fantasy_2
105085,Adventure/Prefab/UniqueProp/TreasureItem/TreasureBox_Fantasy_1
105086,Adventure/Prefab/UniqueProp/TreasureItem/TreasureBox_Fantasy_1
105088,Adventure/Prefab/UniqueProp/TreasureItem/TreasureBox_Fantasy_1
105089,Adventure/Prefab/UniqueProp/TreasureItem/TreasureBox_Fantasy_1
105090,Adventure/Prefab/UniqueProp/TreasureItem/TreasureBox_Fantasy_1
105091,Adventure/Prefab/UniqueProp/TreasureItem/TreasureBox_Fantasy_1
105092,Adventure/Prefab/UniqueProp/TreasureItem/TreasureBox_Fantasy_1
105093,Adventure/Prefab/UniqueProp/TreasureItem/TreasureBox_Fantasy_1
105094,Adventure/Prefab/UniqueProp/TreasureItem/TreasureBox_Fantasy_1
105095,Adventure/Prefab/UniqueProp/TreasureItem/TreasureBox_Fantasy_1
105097,Adventure/Prefab/UniqueProp/TreasureItem/TreasureBox_Fantasy_1
105098,Adventure/Prefab/UniqueProp/TreasureItem/TreasureBox_Fantasy_2
105099,Adventure/Prefab/UniqueProp/TreasureItem/TreasureBox_Fantasy_1
105100,Adventure/Prefab/UniqueProp/TreasureItem/TreasureBox_Fantasy_2
105101,Adventure/Prefab/UniqueProp/TreasureItem/TreasureBox_Fantasy_2
105102,Adventure/Prefab/UniqueProp/TreasureItem/TreasureBox_Fantasy_2
105103,Adventure/Prefab/UniqueProp/TreasureItem/TreasureBox_Fantasy_1
105104,Adventure/Prefab/UniqueProp/TreasureItem/TreasureBox_Fantasy_1
105105,Adventure/Prefab/UniqueProp/TreasureItem/TreasureBox_Fantasy_2
105106,Adventure/Prefab/UniqueProp/TreasureItem/TreasureBox_Fantasy_1
105107,Adventure/Prefab/UniqueProp/TreasureItem/TreasureBox_Fantasy_1
105108,Adventure/Prefab/UniqueProp/TreasureItem/TreasureBox_Fantasy_2
105109,Adventure/Prefab/UniqueProp/TreasureItem/TreasureBox_Fantasy_1
105110,Adventure/Prefab/UniqueProp/TreasureItem/TreasureBox_Fantasy_1
105111,Adventure/Prefab/UniqueProp/TreasureItem/TreasureBox_Fantasy_1
105112,Adventure/Prefab/UniqueProp/TreasureItem/TreasureBox_Fantasy_1
105113,Adventure/Prefab/UniqueProp/TreasureItem/TreasureBox_Fantasy_1
105114,Adventure/Prefab/UniqueProp/TreasureItem/TreasureBox_Fantasy_2
105115,Adventure/Prefab/UniqueProp/TreasureItem/TreasureBox_Fantasy_1
105116,Adventure/Prefab/UniqueProp/TreasureItem/TreasureBox_Fantasy_2
105117,Adventure/Prefab/UniqueProp/TreasureItem/TreasureBox_Fantasy_1
105118,Adventure/Prefab/UniqueProp/TreasureItem/TreasureBox_Fantasy_2
105119,Adventure/Prefab/UniqueProp/TreasureItem/TreasureBox_Fantasy_1
105120,Adventure/Prefab/UniqueProp/TreasureItem/TreasureBox_Fantasy_1
105121,Adventure/Prefab/UniqueProp/TreasureItem/TreasureBox_Fantasy_3
105122,Adventure/Prefab/UniqueProp/TreasureItem/TreasureBox_Fantasy_1
105123,Adventure/Prefab/UniqueProp/TreasureItem/TreasureBox_Fantasy_1
105124,Adventure/Prefab/UniqueProp/TreasureItem/TreasureBox_Fantasy_2
105125,Adventure/Prefab/UniqueProp/TreasureItem/TreasureBox_Fantasy_1
105126,Adventure/Prefab/UniqueProp/TreasureItem/TreasureBox_Fantasy_1
105127,Adventure/Prefab/UniqueProp/TreasureItem/TreasureBox_Fantasy_2
105128,Adventure/Prefab/UniqueProp/TreasureItem/TreasureBox_Fantasy_2
105129,Adventure/Prefab/UniqueProp/TreasureItem/TreasureBox_Fantasy_1
105130,Adventure/Prefab/UniqueProp/TreasureItem/TreasureBox_Fantasy_1
105131,Adventure/Prefab/UniqueProp/TreasureItem/TreasureBox_Fantasy_1
105132,Adventure/Prefab/UniqueProp/TreasureItem/TreasureBox_Fantasy_2
105133,Adventure/Prefab/UniqueProp/TreasureItem/TreasureBox_Fantasy_1
105134,Adventure/Prefab/UniqueProp/TreasureItem/TreasureBox_Fantasy_2
105135,Adventure/Prefab/UniqueProp/TreasureItem/TreasureBox_Fantasy_1
105136,Adventure/Prefab/UniqueProp/TreasureItem/TreasureBox_Fantasy_1
105137,Adventure/Prefab/UniqueProp/TreasureItem/TreasureBox_Fantasy_2
105138,Adventure/Prefab/UniqueProp/TreasureItem/TreasureBox_Fantasy_1
105139,Adventure/Prefab/UniqueProp/TreasureItem/TreasureBox_Fantasy_2
105140,Adventure/Prefab/UniqueProp/TreasureItem/TreasureBox_Fantasy_1
105141,Adventure/Prefab/UniqueProp/TreasureItem/TreasureBox_Fantasy_2
105142,Adventure/Prefab/UniqueProp/TreasureItem/TreasureBox_Fantasy_1
105143,Adventure/Prefab/UniqueProp/TreasureItem/TreasureBox_Fantasy_1
105144,Adventure/Prefab/UniqueProp/TreasureItem/TreasureBox_Fantasy_1
105145,Adventure/Prefab/UniqueProp/TreasureItem/TreasureBox_Fantasy_1
105146,Adventure/Prefab/UniqueProp/TreasureItem/TreasureBox_Fantasy_1
105147,Adventure/Prefab/UniqueProp/TreasureItem/TreasureBox_Fantasy_1
105148,Adventure/Prefab/UniqueProp/TreasureItem/TreasureBox_Fantasy_1
105149,Adventure/Prefab/UniqueProp/TreasureItem/TreasureBox_Fantasy_3
105153,Adventure/Prefab/UniqueProp/TreasureItem/TreasureBox_Fantasy_2
105154,Adventure/Prefab/UniqueProp/TreasureItem/TreasureBox_Fantasy_1
105155,Adventure/Prefab/UniqueProp/TreasureItem/TreasureBox_Fantasy_1
105156,Adventure/Prefab/UniqueProp/TreasureItem/TreasureBox_Fantasy_1
105157,Adventure/Prefab/UniqueProp/TreasureItem/TreasureBox_Fantasy_1
105158,Adventure/Prefab/UniqueProp/TreasureItem/TreasureBox_Fantasy_1
105159,Adventure/Prefab/UniqueProp/TreasureItem/TreasureBox_Fantasy_2
105161,Adventure/Prefab/UniqueProp/TreasureItem/TreasureBox_Fantasy_1
105163,Adventure/Prefab/UniqueProp/TreasureItem/TreasureBox_Fantasy_1
105164,Adventure/Prefab/UniqueProp/TreasureItem/TreasureBox_Fantasy_2
105165,Adventure/Prefab/UniqueProp/TreasureItem/TreasureBox_Fantasy_2
105166,Adventure/Prefab/UniqueProp/TreasureItem/TreasureBox_Fantasy_2
105167,Adventure/Prefab/UniqueProp/TreasureItem/TreasureBox_Fantasy_2
105168,Adventure/Prefab/UniqueProp/TreasureItem/TreasureBox_Fantasy_2
105169,Adventure/Prefab/UniqueProp/TreasureItem/TreasureBox_Fantasy_3
105170,Adventure/Prefab/UniqueProp/TreasureItem/TreasureBox_Fantasy_2
105171,Adventure/Prefab/UniqueProp/TreasureItem/TreasureBox_Fantasy_2
105172,Adventure/Prefab/UniqueProp/TreasureItem/TreasureBox_Fantasy_2
105173,Adventure/Prefab/UniqueProp/TreasureItem/TreasureBox_Fantasy_2
105174,Adventure/Prefab/UniqueProp/TreasureItem/TreasureBox_Fantasy_2
105175,Adventure/Prefab/UniqueProp/TreasureItem/TreasureBox_Fantasy_2
105176,Adventure/Prefab/UniqueProp/TreasureItem/TreasureBox_Fantasy_3
105177,Adventure/Prefab/UniqueProp/TreasureItem/TreasureBox_Fantasy_2
105178,Adventure/Prefab/UniqueProp/TreasureItem/TreasureBox_Fantasy_2
105179,Adventure/Prefab/UniqueProp/TreasureItem/TreasureBox_Fantasy_2
105180,Adventure/Prefab/UniqueProp/TreasureItem/TreasureBox_Fantasy_2
105181,Adventure/Prefab/UniqueProp/TreasureItem/TreasureBox_Fantasy_2
105182,Adventure/Prefab/UniqueProp/TreasureItem/TreasureBox_Fantasy_2
105183,Adventure/Prefab/UniqueProp/TreasureItem/TreasureBox_Fantasy_2
105184,Adventure/Prefab/UniqueProp/TreasureItem/TreasureBox_Fantasy_3
105185,Adventure/Prefab/UniqueProp/TreasureItem/TreasureBox_Fantasy_2
105186,Adventure/Prefab/UniqueProp/TreasureItem/TreasureBox_Fantasy_3
105187,Adventure/Prefab/UniqueProp/TreasureItem/TreasureBox_Fantasy_2
105188,Adventure/Prefab/UniqueProp/TreasureItem/TreasureBox_Fantasy_2
105189,Adventure/Prefab/UniqueProp/TreasureItem/TreasureBox_Fantasy_2
105190,Adventure/Prefab/UniqueProp/TreasureItem/TreasureBox_Fantasy_2
105191,Adventure/Prefab/UniqueProp/TreasureItem/TreasureBox_Fantasy_2
105192,Adventure/Prefab/UniqueProp/TreasureItem/TreasureBox_Fantasy_2
105193,Adventure/Prefab/UniqueProp/TreasureItem/TreasureBox_Fantasy_2
105195,Adventure/Prefab/UniqueProp/TreasureItem/TreasureBox_Fantasy_1
105196,Adventure/Prefab/UniqueProp/TreasureItem/TreasureBox_Fantasy_1
105197,Adventure/Prefab/UniqueProp/TreasureItem/TreasureBox_Fantasy_1
105198,Adventure/Prefab/UniqueProp/TreasureItem/TreasureBox_Fantasy_1
105199,Adventure/Prefab/UniqueProp/TreasureItem/TreasureBox_Fantasy_1
105200,Adventure/Prefab/UniqueProp/TreasureItem/TreasureBox_Fantasy_1
105201,Adventure/Prefab/UniqueProp/TreasureItem/TreasureBox_Fantasy_1
105202,Adventure/Prefab/UniqueProp/TreasureItem/TreasureBox_Fantasy_1
105203,Adventure/Prefab/UniqueProp/TreasureItem/TreasureBox_Fantasy_1
105204,Adventure/Prefab/UniqueProp/TreasureItem/TreasureBox_Fantasy_1
105205,Adventure/Prefab/UniqueProp/TreasureItem/TreasureBox_Fantasy_1
105206,Adventure/Prefab/UniqueProp/TreasureItem/TreasureBox_Fantasy_1
105207,Adventure/Prefab/UniqueProp/TreasureItem/TreasureBox_Fantasy_1
105208,Adventure/Prefab/UniqueProp/TreasureItem/TreasureBox_Fantasy_1
105209,Adventure/Prefab/UniqueProp/TreasureItem/TreasureBox_Fantasy_1
105210,Adventure/Prefab/UniqueProp/TreasureItem/TreasureBox_Fantasy_1
105211,Adventure/Prefab/UniqueProp/TreasureItem/TreasureBox_Fantasy_1
105212,Adventure/Prefab/UniqueProp/TreasureItem/TreasureBox_Fantasy_1
105213,Adventure/Prefab/UniqueProp/TreasureItem/TreasureBox_Fantasy_1
105214,Adventure/Prefab/UniqueProp/TreasureItem/TreasureBox_Fantasy_1
105215,Adventure/Prefab/UniqueProp/TreasureItem/TreasureBox_Fantasy_1
105216,Adventure/Prefab/UniqueProp/TreasureItem/TreasureBox_Fantasy_2
105217,Adventure/Prefab/UniqueProp/TreasureItem/TreasureBox_Fantasy_2
105218,Adventure/Prefab/UniqueProp/TreasureItem/TreasureBox_Fantasy_2
105220,Adventure/Prefab/UniqueProp/TreasureItem/TreasureBox_Fantasy_2
105221,Adventure/Prefab/UniqueProp/TreasureItem/TreasureBox_Fantasy_2
105222,Adventure/Prefab/UniqueProp/TreasureItem/TreasureBox_Fantasy_2
105223,Adventure/Prefab/UniqueProp/TreasureItem/TreasureBox_Fantasy_2
105224,Adventure/Prefab/UniqueProp/TreasureItem/TreasureBox_Fantasy_2
105225,Adventure/Prefab/UniqueProp/TreasureItem/TreasureBox_Fantasy_2
105226,Adventure/Prefab/UniqueProp/TreasureItem/TreasureBox_Fantasy_2
105227,Adventure/Prefab/UniqueProp/TreasureItem/TreasureBox_Fantasy_2
105228,Adventure/Prefab/UniqueProp/TreasureItem/TreasureBox_Fantasy_2
105229,Adventure/Prefab/UniqueProp/TreasureItem/TreasureBox_Fantasy_2
105230,Adventure/Prefab/UniqueProp/TreasureItem/TreasureBox_Fantasy_2
105231,Adventure/Prefab/UniqueProp/TreasureItem/TreasureBox_Fantasy_2
105232,Adventure/Prefab/UniqueProp/TreasureItem/TreasureBox_Fantasy_2
105233,Adventure/Prefab/UniqueProp/TreasureItem/TreasureBox_Fantasy_2
105234,Adventure/Prefab/UniqueProp/TreasureItem/TreasureBox_Fantasy_2
105235,Adventure/Prefab/UniqueProp/TreasureItem/TreasureBox_Fantasy_2
106005,
108001,Adventure/Prefab/UniqueProp/ChallengeObject/SequenceInvisibleObject
108002,Adventure/Prefab/UniqueProp/ChallengeObject/SequenceInvisibleObject
108003,Adventure/Prefab/UniqueProp/ChallengeObject/SequenceInvisibleObject
108004,Adventure/Prefab/UniqueProp/ChallengeObject/SequenceInvisibleObject
108005,Adventure/Prefab/UniqueProp/ChallengeObject/SequenceInvisibleObject
108006,Adventure/Prefab/UniqueProp/ChallengeObject/SequenceInvisibleObject
108007,Adventure/Prefab/UniqueProp/ChallengeObject/SequenceInvisibleObject
108008,Adventure/Prefab/UniqueProp/ChallengeObject/SequenceInvisibleObject
108015,Adventure/Prefab/UniqueProp/Gimmick/Gimmick_Graybox_Container_Move
108016,Adventure/Prefab/UniqueProp/Gimmick/GimmickSwitch_City10_FrontBack
108017,Adventure/Prefab/UniqueProp/Gimmick/Gimmick_Graybox_Container_Move
108018,Adventure/Prefab/UniqueProp/Gimmick/GimmickSwitch_City10_FrontBack
108019,Adventure/Prefab/UniqueProp/Gimmick/Gimmick_Graybox_Container_Move
108020,Adventure/Prefab/UniqueProp/Gimmick/GimmickSwitch_City10_FrontBack
108021,Adventure/Prefab/UniqueProp/Gimmick/Gimmick_Graybox_Container_Move
108022,Adventure/Prefab/UniqueProp/Gimmick/GimmickSwitch_City10_FrontBack
108024,Adventure/Prefab/UniqueProp/Gimmick/GimmickSwitch_City10_Rotate
108032,Adventure/Prefab/UniqueProp/Gimmick/GimmickSwitch_City10_RedBlue
108033,Adventure/Prefab/UniqueProp/Gimmick/GimmickSwitch_City10_RedBlue
108034,Adventure/Prefab/UniqueProp/Gimmick/GimmickSwitch_City10_RedBlue
108035,Adventure/Prefab/UniqueProp/Gimmick/Gimmick_MarinGimmickBridge_Blue
108036,Adventure/Prefab/UniqueProp/Gimmick/Gimmick_MarinGimmickBridge_Blue
108037,Adventure/Prefab/UniqueProp/Gimmick/Gimmick_MarinGimmickBridge_Red
108038,Adventure/Prefab/UniqueProp/Gimmick/Gimmick_MarinGimmickBridge_Red
108039,Adventure/Prefab/UniqueProp/Gimmick/Gimmick_MarinGimmickBridge_Yellow
108040,Adventure/Prefab/UniqueProp/Gimmick/GimmickSwitch_City10_RedBlue
108041,Adventure/Prefab/UniqueProp/Gimmick/GimmickSwitch_City10_RedBlue
108042,Adventure/Prefab/UniqueProp/Gimmick/GimmickSwitch_City10_OffYellow
108043,Adventure/Prefab/UniqueProp/Gimmick/Gimmick_MarinGimmickBridge_Blue
108044,Adventure/Prefab/UniqueProp/Gimmick/Gimmick_MarinGimmickBridge_Blue
108045,Adventure/Prefab/UniqueProp/Gimmick/Gimmick_MarinGimmickBridge_Red
108046,Adventure/Prefab/UniqueProp/Gimmick/Gimmick_MarinGimmickBridge_Yellow
108047,Adventure/Prefab/UniqueProp/Gimmick/GimmickSwitch_City10_RedBlue
108048,Adventure/Prefab/UniqueProp/Gimmick/GimmickSwitch_City10_RedBlue
108049,Adventure/Prefab/UniqueProp/Gimmick/GimmickSwitch_City10_RedBlue
108050,Adventure/Prefab/UniqueProp/Gimmick/GimmickSwitch_City10_OffYellow
108051,Adventure/Prefab/UniqueProp/Gimmick/GimmickSwitch_City10_OffYellow
108052,Adventure/Prefab/UniqueProp/Gimmick/Gimmick_MarinGimmickBridge_Blue
108053,Adventure/Prefab/UniqueProp/Gimmick/Gimmick_MarinGimmickBridge_Blue
108054,Adventure/Prefab/UniqueProp/Gimmick/Gimmick_MarinGimmickBridge_Blue
108055,Adventure/Prefab/UniqueProp/Gimmick/Gimmick_MarinGimmickBridge_Red
108056,Adventure/Prefab/UniqueProp/Gimmick/Gimmick_MarinGimmickBridge_Red
108057,Adventure/Prefab/UniqueProp/Gimmick/Gimmick_MarinGimmickBridge_Red
108058,Adventure/Prefab/UniqueProp/Gimmick/Gimmick_MarinGimmickBridge_Red
108059,Adventure/Prefab/UniqueProp/Gimmick/Gimmick_MarinGimmickBridge_Yellow
108060,Adventure/Prefab/UniqueProp/Gimmick/Gimmick_MarinGimmickBridge_Yellow
108061,Adventure/Prefab/UniqueProp/Gimmick/GimmickSwitch_City10_OffYellow
108062,Adventure/Prefab/UniqueProp/Gimmick/GimmickRotatePier_Tway
108063,Adventure/Prefab/UniqueProp/Gimmick/GimmickSwitch_City10_Clockwise
108064,Adventure/Prefab/UniqueProp/Gimmick/Gimmick_GrayBox_Cube
108065,Adventure/Prefab/UniqueProp/Gimmick/GimmickSwitch_City00_DroneRepair
108066,Adventure/Prefab/UniqueProp/Gimmick/GimmickSwitch_City00_InvisibleSequenceObject
108067,Adventure/Prefab/UniqueProp/Gimmick/GimmickRotatePier_Straight
108068,Adventure/Prefab/UniqueProp/Gimmick/GimmickRotatePier_Curve
108069,Adventure/Prefab/UniqueProp/Gimmick/GimmickSwitch_City10_Clockwise
108070,Adventure/Prefab/UniqueProp/Gimmick/GimmickSwitch_City10_Clockwise
108071,Adventure/Prefab/UniqueProp/Gimmick/GimmickSwitch_City10_Clockwise
108072,Adventure/Prefab/UniqueProp/Gimmick/Gimmick_GrayBox_Cube
108073,Adventure/Prefab/UniqueProp/Gimmick/GimmickSwitch_City00_DroneRepair
108074,Adventure/Prefab/UniqueProp/Gimmick/GimmickSwitch_City00_InvisibleSequenceObject
108075,Adventure/Prefab/UniqueProp/Gimmick/Gimmick_GrayBox_Cube
108076,Adventure/Prefab/UniqueProp/Gimmick/GimmickSwitch_City00_DroneRepair
108077,Adventure/Prefab/UniqueProp/Gimmick/GimmickSwitch_City00_InvisibleSequenceObject
108078,Adventure/Prefab/UniqueProp/Gimmick/GimmickRotatePier_Stair
108079,Adventure/Prefab/UniqueProp/Gimmick/GimmickSwitch_City10_Clockwise
108080,Adventure/Prefab/UniqueProp/Gimmick/GimmickSwitch_City10_Clockwise
108081,Adventure/Prefab/UniqueProp/Gimmick/Gimmick_GrayBox_Cube
108082,Adventure/Prefab/UniqueProp/Gimmick/GimmickSwitch_City00_DroneRepair
108083,Adventure/Prefab/UniqueProp/Gimmick/GimmickSwitch_City00_InvisibleSequenceObject
108084,Adventure/Prefab/UniqueProp/Gimmick/Gimmick_GrayBox_Cube
108085,Adventure/Prefab/UniqueProp/Gimmick/GimmickSwitch_City00_DroneRepair
108086,Adventure/Prefab/UniqueProp/Gimmick/GimmickSwitch_City00_InvisibleSequenceObject
108088,Adventure/Prefab/UniqueProp/Gimmick/GimmickWall
108089,Adventure/Prefab/UniqueProp/Gimmick/GimmickWall
108090,Adventure/Prefab/UniqueProp/Gimmick/GimmickSwitch_City00_PowerRepair
108091,Adventure/Prefab/UniqueProp/Gimmick/GimmickWall
108092,Adventure/Prefab/UniqueProp/Gimmick/GimmickWall
108093,Adventure/Prefab/UniqueProp/Gimmick/GimmickSwitch_City00_PowerRepair
108094,Adventure/Prefab/UniqueProp/Gimmick/GimmickWall_ErectricOpen
108095,Adventure/Prefab/UniqueProp/Gimmick/GimmickSwitchElectricRebone
108116,Adventure/Prefab/UniqueProp/Gimmick/GimmickSwitch_City00_PowerRepair
108119,Adventure/Prefab/UniqueProp/Gimmick/GimmickElevatorDoor_L
108120,Adventure/Prefab/UniqueProp/Gimmick/GimmickElevatorDoor_R
108121,Adventure/Prefab/UniqueProp/Gimmick/GimmickElevatorContents
108122,Adventure/Prefab/UniqueProp/Gimmick/GimmickElevatorDoor_L
108123,Adventure/Prefab/UniqueProp/Gimmick/GimmickElevatorDoor_R
108124,Adventure/Prefab/UniqueProp/Gimmick/GimmickElevatorContents
108125,Adventure/Prefab/UniqueProp/Gimmick/GimmickElevatorDoor_L
108126,Adventure/Prefab/UniqueProp/Gimmick/GimmickElevatorDoor_R
108127,Adventure/Prefab/UniqueProp/Gimmick/GimmickElevatorContents
108128,Adventure/Prefab/UniqueProp/Gimmick/GimmickElevatorDoor_L
108129,Adventure/Prefab/UniqueProp/Gimmick/GimmickElevatorDoor_R
108130,Adventure/Prefab/UniqueProp/Gimmick/GimmickElevatorContents
108131,Adventure/Prefab/UniqueProp/Gimmick/GimmickElevatorDoor_L
108132,Adventure/Prefab/UniqueProp/Gimmick/GimmickElevatorDoor_R
108133,Adventure/Prefab/UniqueProp/Gimmick/GimmickElevatorContents
108134,Adventure/Prefab/UniqueProp/Gimmick/GimmickElevatorDoor_L
108135,Adventure/Prefab/UniqueProp/Gimmick/GimmickElevatorDoor_R
108136,Adventure/Prefab/UniqueProp/Gimmick/GimmickElevatorContents
108137,Adventure/Prefab/UniqueProp/Gimmick/GimmickElevatorDoor_L
108138,Adventure/Prefab/UniqueProp/Gimmick/GimmickElevatorDoor_R
108139,Adventure/Prefab/UniqueProp/Gimmick/GimmickElevatorContents
108140,Adventure/Prefab/UniqueProp/Gimmick/GimmickElevatorDoor_L
108141,Adventure/Prefab/UniqueProp/Gimmick/GimmickElevatorDoor_R
108142,Adventure/Prefab/UniqueProp/Gimmick/GimmickElevatorContents
108146,Adventure/Prefab/UniqueProp/Character/CompositeDotView2541001EliteEnemy
108147,Adventure/Prefab/UniqueProp/Character/CompositeDotView2511007EliteEnemy
108148,Adventure/Prefab/UniqueProp/Character/CompositeDotView2571001EliteEnemy
108149,
108150,Adventure/Prefab/UniqueProp/Gimmick/Gimmick_Graybox_Container_Move
108151,Adventure/Prefab/UniqueProp/Gimmick/Gimmick_Graybox_Container_Move
108152,Adventure/Prefab/UniqueProp/Gimmick/Gimmick_Graybox_Container_Move
108153,Adventure/Prefab/UniqueProp/Gimmick/Gimmick_Graybox_Container_Move
108154,Adventure/Prefab/UniqueProp/Gimmick/Gimmick_Graybox_Container_Move
108155,Adventure/Prefab/UniqueProp/Gimmick/Gimmick_Graybox_Container_Move
108156,Adventure/Prefab/UniqueProp/Gimmick/Gimmick_Graybox_Container_Move
108157,Adventure/Prefab/UniqueProp/Gimmick/Gimmick_Graybox_Container_Move
108158,Adventure/Prefab/UniqueProp/Gimmick/Gimmick_Graybox_Container_Move
108159,Adventure/Prefab/UniqueProp/Gimmick/Gimmick_Graybox_Container_Move
108160,Adventure/Prefab/UniqueProp/Gimmick/GimmickSwitch_City10_FrontBack
108161,Adventure/Prefab/UniqueProp/Gimmick/GimmickSwitch_City10_FrontBack
108162,Adventure/Prefab/UniqueProp/Gimmick/GimmickSwitch_City10_FrontBack
108163,Adventure/Prefab/UniqueProp/Gimmick/GimmickSwitch_City10_LeftRight
108164,Adventure/Prefab/UniqueProp/Gimmick/GimmickSwitch_City10_FrontBack
108165,Adventure/Prefab/UniqueProp/Gimmick/GimmickSwitch_City10_FrontBack
108166,Adventure/Prefab/UniqueProp/Gimmick/GimmickSwitch_City00_InvisibleSequenceObject
108167,Adventure/Prefab/UniqueProp/Gimmick/Gimmick_GrayBox_Cube
108168,Adventure/Prefab/UniqueProp/Gimmick/GimmickSwitch_City00_DroneRepair
108169,Adventure/Prefab/UniqueProp/Gimmick/GimmickSwitch_City00_InvisibleSequenceObject
108170,Adventure/Prefab/UniqueProp/Gimmick/Gimmick_GrayBox_Cube
108171,Adventure/Prefab/UniqueProp/Gimmick/GimmickSwitch_City00_DroneRepair
108172,Adventure/Prefab/UniqueProp/Gimmick/GimmickWall_ErectricOpen
108173,Adventure/Prefab/UniqueProp/Gimmick/GimmickSwitchElectricRebone
108176,Adventure/Prefab/UniqueProp/Gimmick/GimmickSwitch_City00_InvisibleSequenceObject
108177,Adventure/Prefab/UniqueProp/Gimmick/Gimmick_GrayBox_Cube
108178,Adventure/Prefab/UniqueProp/Gimmick/GimmickSwitch_City00_DroneRepair
108179,Adventure/Prefab/UniqueProp/Gimmick/GimmickSwitch_City00_InvisibleSequenceObject
108180,Adventure/Prefab/UniqueProp/Gimmick/Gimmick_GrayBox_Cube
108181,Adventure/Prefab/UniqueProp/Gimmick/GimmickSwitch_City00_DroneRepair
108182,Adventure/Prefab/UniqueProp/Gimmick/GimmickSwitch_City00_InvisibleSequenceObject
108183,Adventure/Prefab/UniqueProp/Gimmick/Gimmick_GrayBox_Cube
108184,Adventure/Prefab/UniqueProp/Gimmick/GimmickSwitch_City00_DroneRepair
108185,Adventure/Prefab/UniqueProp/Gimmick/GimmickWall_ErectricOpen
108186,Adventure/Prefab/UniqueProp/Gimmick/GimmickSwitchElectricRebone
108189,Adventure/Prefab/UniqueProp/Gimmick/GimmickWall_ErectricOpen
108190,Adventure/Prefab/UniqueProp/Gimmick/GimmickSwitchElectricRebone
108194,Adventure/Prefab/UniqueProp/Gimmick/GimmickSwitch_City00_PowerRepair
108195,Adventure/Prefab/UniqueProp/Gimmick/GimmickWall_ErectricOpen
108196,Adventure/Prefab/UniqueProp/Gimmick/GimmickSwitchElectricRebone
108199,Adventure/Prefab/UniqueProp/Gimmick/GimmickWall_ErectricOpen
108200,Adventure/Prefab/UniqueProp/Gimmick/GimmickSwitchElectricRebone
108204,Adventure/Prefab/UniqueProp/Gimmick/GimmickBeltConveyor_FrontBack
108205,Adventure/Prefab/UniqueProp/Gimmick/GimmickBeltConveyor_FrontBack
108206,Adventure/Prefab/UniqueProp/Gimmick/GimmickBeltConveyor_FrontBack
108207,Adventure/Prefab/UniqueProp/Gimmick/GimmickBeltConveyor_FrontBack
108208,Adventure/Prefab/UniqueProp/Gimmick/GimmickSwitchConcentration
108209,Adventure/Prefab/UniqueProp/Gimmick/GimmickSwitchConcentration
108210,Adventure/Prefab/UniqueProp/Gimmick/GimmickSwitchConcentration
108211,Adventure/Prefab/UniqueProp/Gimmick/GimmickSwitchConcentration
108212,Adventure/Prefab/UniqueProp/Gimmick/GimmickSwitchConcentration
108213,Adventure/Prefab/UniqueProp/Gimmick/GimmickSwitchConcentration
108214,Adventure/Prefab/UniqueProp/Gimmick/GimmickSwitchConcentration
108215,Adventure/Prefab/UniqueProp/Gimmick/GimmickSwitchConcentration
108216,Adventure/Prefab/UniqueProp/Gimmick/GimmickSwitchConcentration
108217,Adventure/Prefab/UniqueProp/Gimmick/GimmickSwitchConcentration
108218,Adventure/Prefab/UniqueProp/Gimmick/GimmickSwitchConcentration
108220,Adventure/Prefab/UniqueProp/Gimmick/GimmickSwitchConcentration
108221,Adventure/Prefab/UniqueProp/Gimmick/GimmickSwitchConcentration
108222,Adventure/Prefab/UniqueProp/Gimmick/GimmickSwitchConcentration
108223,Adventure/Prefab/UniqueProp/Gimmick/GimmickSwitchConcentration
108224,Adventure/Prefab/UniqueProp/Gimmick/GimmickSwitchConcentration
108225,Adventure/Prefab/UniqueProp/Gimmick/GimmickSwitchConcentration
108227,Adventure/Prefab/UniqueProp/Gimmick/GimmickSwitchConcentration
108228,Adventure/Prefab/UniqueProp/Gimmick/GimmickSwitchConcentration
108229,Adventure/Prefab/UniqueProp/Gimmick/GimmickSwitchConcentration
108230,Adventure/Prefab/UniqueProp/Gimmick/GimmickSwitchConcentration
108231,Adventure/Prefab/UniqueProp/Gimmick/GimmickSwitchConcentration
108232,Adventure/Prefab/UniqueProp/Gimmick/GimmickSwitchConcentration
108233,Adventure/Prefab/UniqueProp/Gimmick/GimmickSwitchConcentration
108234,Adventure/Prefab/UniqueProp/Gimmick/GimmickSwitchConcentration
108235,Adventure/Prefab/UniqueProp/Gimmick/GimmickSwitchConcentration
108236,Adventure/Prefab/UniqueProp/Gimmick/GimmickSwitchConcentration
108237,Adventure/Prefab/UniqueProp/Gimmick/GimmickSwitchConcentration
108239,Adventure/Prefab/UniqueProp/Gimmick/GimmickSwitchConcentration
108240,Adventure/Prefab/UniqueProp/Gimmick/GimmickSwitchConcentration
108241,
108244,
108246,
108248,
108251,
108253,
108256,
108259,
108264,
108267,
108268,
108270,
108273,
108274,
108277,
108279,
108281,
108282,
108286,
108287,
108290,
108291,
108294,
108298,
108301,
108303,
108304,
108305,
108307,
108311,
108312,
108314,
108315,
108318,
108319,Adventure/Prefab/UniqueProp/Gimmick/GimmickSwitchConcentration
108320,Adventure/Prefab/UniqueProp/Gimmick/GimmickSwitchConcentration
108321,Adventure/Prefab/UniqueProp/Gimmick/GimmickSwitchConcentration
108323,
108324,Adventure/Prefab/UniqueProp/Gimmick/GimmickSwitchConcentration
108325,Adventure/Prefab/UniqueProp/Gimmick/AreaObjectInvisibleWall_X
108326,Adventure/Prefab/UniqueProp/Gimmick/AreaObjectInvisibleWall_X3
108327,Adventure/Prefab/UniqueProp/Gimmick/AreaObjectInvisibleWall_X2
108328,Adventure/Prefab/UniqueProp/Gimmick/AreaObjectInvisibleWall_X2
108329,Adventure/Prefab/UniqueProp/Character/CompositeDotView2521001EliteEnemy
108330,
108331,
108332,
108335,
108336,
108337,
108340,
108341,
108343,
108344,
108348,
108349,
108350,Adventure/Prefab/UniqueProp/Gimmick/GimmickSwitch_City10_CounterClockwise
108351,Adventure/Prefab/UniqueProp/Gimmick/GimmickSwitch_City10_CounterClockwise
108352,Adventure/Prefab/UniqueProp/Gimmick/GimmickSwitch_City10_CounterClockwise
108353,Adventure/Prefab/UniqueProp/Gimmick/GimmickSwitch_City10_CounterClockwise
108354,Adventure/Prefab/UniqueProp/Gimmick/GimmickSwitch_City10_CounterClockwise
108355,Adventure/Prefab/UniqueProp/Gimmick/GimmickSwitch_City10_CounterClockwise
108356,Adventure/Prefab/UniqueProp/Character/CompositeDotView2091003EliteEnemy
108357,Adventure/Prefab/UniqueProp/Gimmick/AreaObjectInvisibleWall_X3
108358,Adventure/Prefab/UniqueProp/Gimmick/GimmickMuseumElevatorDoor_L
108359,Adventure/Prefab/UniqueProp/Gimmick/GimmickMuseumElevatorDoor_R
108360,Adventure/Prefab/UniqueProp/Gimmick/GimmickMuseumElevatorDoor_L
108361,Adventure/Prefab/UniqueProp/Gimmick/GimmickMuseumElevatorDoor_R
108362,Adventure/Prefab/UniqueProp/Gimmick/GimmickMuseumElevatorDoor_L
108363,Adventure/Prefab/UniqueProp/Gimmick/GimmickMuseumElevatorDoor_R
108364,Adventure/Prefab/UniqueProp/Gimmick/GimmickMuseumElevatorDoor_L
108365,Adventure/Prefab/UniqueProp/Gimmick/GimmickMuseumElevatorDoor_R
108366,Adventure/Prefab/UniqueProp/Character/CompositeDotView2092003EliteEnemy
108367,Adventure/Prefab/UniqueProp/Gimmick/AreaObjectInvisibleWall_X3
108368,Adventure/Prefab/UniqueProp/Gimmick/GimmickFlowerMarkWall_num25_Close
108369,Adventure/Prefab/UniqueProp/Gimmick/GimmickFlowerMarkWall_num17_Close
108370,Adventure/Prefab/UniqueProp/Gimmick/GimmickFlowerMarkWall_Open
108371,Adventure/Prefab/UniqueProp/Gimmick/GimmickFlowerMarkWall_Open
108372,Adventure/Prefab/UniqueProp/Gimmick/GimmickFlowerMarkWall_num26_Close
108373,Adventure/Prefab/UniqueProp/Gimmick/GimmickFlowerMarkWall_Open
108374,Adventure/Prefab/UniqueProp/Gimmick/GimmickHotelShopPreparation
108375,Adventure/Prefab/UniqueProp/Gimmick/GimmickHotelShopPreparation
108376,Adventure/Prefab/UniqueProp/Gimmick/GimmickHotelShopPreparation
108377,
108378,
108379,
109001,Adventure/Prefab/UniqueProp/Character/CompositeDotView5007001
109002,Adventure/Prefab/UniqueProp/Character/CompositeDotView5005001
109003,Adventure/Prefab/UniqueProp/Character/CompositeDotView5008001
109004,Adventure/Prefab/UniqueProp/Character/CompositeDotView5009001
109005,Adventure/Prefab/UniqueProp/Character/CompositeDotView5003001
109006,Adventure/Prefab/UniqueProp/Character/CompositeDotView5010001
109007,Adventure/Prefab/UniqueProp/Character/CompositeDotView5006001
109008,Adventure/Prefab/UniqueProp/Character/CompositeDotView5011001
109009,Adventure/Prefab/UniqueProp/Character/CompositeDotView5013001
109101,Adventure/Prefab/UniqueProp/ActivityPoint/ActivityPoint
109102,Adventure/Prefab/UniqueProp/ActivityPoint/ActivityPoint
109103,Adventure/Prefab/UniqueProp/ActivityPoint/ActivityPoint
109105,Adventure/Prefab/UniqueProp/ActivityPoint/ActivityPoint
109106,Adventure/Prefab/UniqueProp/ActivityPoint/ActivityPoint
109107,Adventure/Prefab/UniqueProp/ActivityPoint/ActivityPoint
109108,Adventure/Prefab/UniqueProp/ActivityPoint/ActivityPoint
109109,Adventure/Prefab/UniqueProp/ActivityPoint/ActivityPoint
109110,Adventure/Prefab/UniqueProp/ActivityPoint/ActivityPoint
109112,Adventure/Prefab/UniqueProp/ActivityPoint/ActivityPoint
109113,Adventure/Prefab/UniqueProp/ActivityPoint/ActivityPoint
109115,Adventure/Prefab/UniqueProp/ActivityPoint/ActivityPoint
109116,Adventure/Prefab/UniqueProp/ActivityPoint/ActivityPoint
109201,Adventure/Prefab/UniqueProp/FieldBoss/FieldBossObject2601001
109202,Adventure/Prefab/UniqueProp/ActivityPoint/ActivityPointDungeon
109203,Adventure/Prefab/UniqueProp/ActivityPoint/ActivityPointDungeon
109204,Adventure/Prefab/UniqueProp/ActivityPoint/ActivityPointDungeon
109205,Adventure/Prefab/UniqueProp/ActivityPoint/ActivityPointDungeon
109206,Adventure/Prefab/UniqueProp/ActivityPoint/ActivityPointDungeon
109207,Adventure/Prefab/UniqueProp/ActivityPoint/ActivityPointDungeon
109502,
109503,
109504,
109505,
109506,
109507,
109508,
109509,
109901,Adventure/Prefab/UniqueProp/ChallengeObject/SequenceInvisibleObject
109906,Adventure/Prefab/UniqueProp/ChallengeObject/SequenceInvisibleObject
109907,Adventure/Prefab/UniqueProp/ChallengeObject/SequenceInvisibleObject
130001,Adventure/Prefab/UniqueProp/Character/CompositeDotView2501001
130002,Adventure/Prefab/UniqueProp/Character/CompositeDotView2501001
130003,Adventure/Prefab/UniqueProp/Character/CompositeDotView2501001
130004,Adventure/Prefab/UniqueProp/ChallengeObject/Object_TrashB
130005,Adventure/Prefab/UniqueProp/ChallengeObject/Object_TrashB
130006,Adventure/Prefab/UniqueProp/Character/CompositeDotView4007001
130007,Adventure/Prefab/UniqueProp/ChallengeObject/Object_TrashB
130008,Adventure/Prefab/UniqueProp/ChallengeObject/Object_TrashB
130009,Adventure/Prefab/UniqueProp/Character/CompositeDotView4013001
130010,Adventure/Prefab/UniqueProp/ChallengeObject/Object_TrashB
130011,Adventure/Prefab/UniqueProp/ChallengeObject/Object_TrashB
130012,Adventure/Prefab/UniqueProp/Character/CompositeDotView4005001
130013,Adventure/Prefab/UniqueProp/Character/CompositeDotView4010001
130014,Adventure/Prefab/UniqueProp/Character/CompositeDotView4008001
130015,Adventure/Prefab/UniqueProp/Character/CompositeDotView4003001
130016,Adventure/Prefab/UniqueProp/Character/CompositeDotView4006001
130017,Adventure/Prefab/UniqueProp/Character/CompositeDotView4015001
130018,Adventure/Prefab/UniqueProp/Character/CompositeDotView4005001
130019,Adventure/Prefab/UniqueProp/Character/CompositeDotView4012001
130020,Adventure/Prefab/UniqueProp/Character/CompositeDotView4014001
130021,Adventure/Prefab/UniqueProp/Character/CompositeDotView4003001
130022,Adventure/Prefab/UniqueProp/ChallengeObject/Object_RingCase
130023,Adventure/Prefab/UniqueProp/Character/CompositeDotView4008001
130024,Adventure/Prefab/UniqueProp/Character/CompositeDotView2511005
130025,Adventure/Prefab/UniqueProp/Character/CompositeDotView4013001
130026,Adventure/Prefab/UniqueProp/Character/CompositeDotView2262001
130027,Adventure/Prefab/UniqueProp/Character/CompositeDotView4018001
130028,Adventure/Prefab/UniqueProp/Character/CompositeDotView4012001
130029,Adventure/Prefab/UniqueProp/Character/CompositeDotView4008001
130030,Adventure/Prefab/UniqueProp/Character/CompositeDotView4003001
130031,Adventure/Prefab/UniqueProp/Character/CompositeDotView3007001
130032,Adventure/Prefab/UniqueProp/Character/CompositeDotView4018001
130033,Adventure/Prefab/UniqueProp/Character/CompositeDotView3008001
130034,Adventure/Prefab/UniqueProp/Character/CompositeDotView4004001
130035,Adventure/Prefab/UniqueProp/Character/CompositeDotView3009001
130036,Adventure/Prefab/UniqueProp/ChallengeObject/Object_Spray
130037,Adventure/Prefab/UniqueProp/ChallengeObject/Graffiti_al-OME01
130038,Adventure/Prefab/UniqueProp/ChallengeObject/Graffiti_al-OME02
130039,Adventure/Prefab/UniqueProp/ChallengeObject/Graffiti_al-OME03
130040,Adventure/Prefab/UniqueProp/ChallengeObject/Graffiti_YOSHI-KING01
130041,Adventure/Prefab/UniqueProp/ChallengeObject/Graffiti_YOSHI-KING02
130042,Adventure/Prefab/UniqueProp/ChallengeObject/Graffiti_YOSHI-KING03
130043,Adventure/Prefab/UniqueProp/ChallengeObject/Graffiti_SHIHO01
130044,Adventure/Prefab/UniqueProp/ChallengeObject/Graffiti_SHIHO02
130045,Adventure/Prefab/UniqueProp/ChallengeObject/Graffiti_SHIHO03
130046,Adventure/Prefab/UniqueProp/Character/CompositeDotView3013001
130047,Adventure/Prefab/UniqueProp/Character/CompositeDotView4013001
130048,Adventure/Prefab/UniqueProp/Character/CompositeDotView4014001
130049,Adventure/Prefab/UniqueProp/Character/CompositeDotView4012001
130050,Adventure/Prefab/UniqueProp/Character/CompositeDotView4008001
130051,Adventure/Prefab/UniqueProp/Character/CompositeDotView4003001
130052,Adventure/Prefab/UniqueProp/Character/CompositeDotView4002001
130053,Adventure/Prefab/UniqueProp/Character/CompositeDotView4005001
130054,Adventure/Prefab/UniqueProp/Character/CompositeDotView4001001
130055,Adventure/Prefab/UniqueProp/Character/CompositeDotView3003001
130056,Adventure/Prefab/UniqueProp/Character/CompositeDotView4011001
130057,Adventure/Prefab/UniqueProp/Character/CompositeDotView4005001
130058,Adventure/Prefab/UniqueProp/Character/CompositeDotView4012001
130059,Adventure/Prefab/UniqueProp/Character/CompositeDotView3002001
130060,Adventure/Prefab/UniqueProp/Character/CompositeDotView3003001
130061,Adventure/Prefab/UniqueProp/Character/CompositeDotView3004001
130062,Adventure/Prefab/UniqueProp/Character/CompositeDotView3005001
130063,Adventure/Prefab/UniqueProp/Character/CompositeDotView3004001
130064,Adventure/Prefab/UniqueProp/Character/CompositeDotView3005001
130065,Adventure/Prefab/UniqueProp/Character/CompositeDotView3006001
130066,Adventure/Prefab/UniqueProp/Character/CompositeDotView2261001
130067,Adventure/Prefab/UniqueProp/Character/CompositeDotView2262001
130068,Adventure/Prefab/UniqueProp/Character/CompositeDotView3006001
130069,Adventure/Prefab/UniqueProp/Character/CompositeDotView2261001
130070,Adventure/Prefab/UniqueProp/Character/CompositeDotView2262001
130071,Adventure/Prefab/UniqueProp/Character/CompositeDotView3010001
130072,Adventure/Prefab/UniqueProp/Character/CompositeDotView2261001
130073,Adventure/Prefab/UniqueProp/Character/CompositeDotView2262001
130074,Adventure/Prefab/UniqueProp/Character/CompositeDotView3010001
130075,Adventure/Prefab/UniqueProp/Character/CompositeDotView2261001
130076,Adventure/Prefab/UniqueProp/Character/CompositeDotView2261001
130077,Adventure/Prefab/UniqueProp/Character/CompositeDotView4008001
130078,Adventure/Prefab/UniqueProp/Character/CompositeDotView4003001
130079,Adventure/Prefab/UniqueProp/Character/CompositeDotView4012001
130080,Adventure/Prefab/UniqueProp/Character/CompositeDotView4012001
130081,Adventure/Prefab/UniqueProp/Character/CompositeDotView4004001
130082,Adventure/Prefab/UniqueProp/Character/CompositeDotView4010001
130083,Adventure/Prefab/UniqueProp/ChallengeObject/Object_TrashA
130084,Adventure/Prefab/UniqueProp/ChallengeObject/Object_TrashC
130085,Adventure/Prefab/UniqueProp/ChallengeObject/Object_TrashD
130086,Adventure/Prefab/UniqueProp/Character/CompositeDotView4014001
130087,Adventure/Prefab/UniqueProp/Character/CompositeDotView4013001
130088,Adventure/Prefab/UniqueProp/Character/CompositeDotView4012001
130089,Adventure/Prefab/UniqueProp/Character/CompositeDotView4015001
130090,Adventure/Prefab/UniqueProp/Character/CompositeDotView4006001
130091,Adventure/Prefab/UniqueProp/Character/CompositeDotView4005001
130092,Adventure/Prefab/UniqueProp/ChallengeObject/Object_USB
130093,Adventure/Prefab/UniqueProp/Character/CompositeDotView4014001
130094,Adventure/Prefab/UniqueProp/Character/CompositeDotView3011001
130095,Adventure/Prefab/UniqueProp/ChallengeObject/Object_BrokenKitchosuitcase
130096,Adventure/Prefab/UniqueProp/ChallengeObject/Object_BrokenDrone
130097,Adventure/Prefab/UniqueProp/Character/CompositeDotView3011001
130098,Adventure/Prefab/UniqueProp/ChallengeObject/Object_BrokenMetalBox
130099,Adventure/Prefab/UniqueProp/Character/CompositeDotView3011001
130100,Adventure/Prefab/UniqueProp/Character/CompositeDotView3001001
130101,Adventure/Prefab/UniqueProp/ChallengeObject/Object_RecipeBook
130102,Adventure/Prefab/UniqueProp/ChallengeObject/Object_Bag
130103,Adventure/Prefab/UniqueProp/Character/CompositeDotView3001001
130104,Adventure/Prefab/UniqueProp/ChallengeObject/Object_RecipeBook
130105,Adventure/Prefab/UniqueProp/Character/CompositeDotView3001001
130106,Adventure/Prefab/UniqueProp/Character/CompositeDotView3012001
130107,Adventure/Prefab/UniqueProp/Character/CompositeDotView2261001
130108,Adventure/Prefab/UniqueProp/Character/CompositeDotView2262001
130109,Adventure/Prefab/UniqueProp/Character/CompositeDotView3012001
130110,Adventure/Prefab/UniqueProp/Character/CompositeDotView2261001
130111,Adventure/Prefab/UniqueProp/Character/CompositeDotView2262001
130112,Adventure/Prefab/UniqueProp/Character/CompositeDotView3012001
130113,Adventure/Prefab/UniqueProp/Character/CompositeDotView2261001
130114,Adventure/Prefab/UniqueProp/Character/CompositeDotView2262001
130115,Adventure/Prefab/UniqueProp/Character/CompositeDotView4004001
130116,Adventure/Prefab/UniqueProp/Character/CompositeDotView1054001
130117,Adventure/Prefab/UniqueProp/ChallengeObject/SequenceInvisibleObjectBoxKamiyaGrave
130118,Adventure/Prefab/UniqueProp/ChallengeObject/Object_Hanamizuki
130119,Adventure/Prefab/UniqueProp/ChallengeObject/Object_Bag
130120,Adventure/Prefab/UniqueProp/Character/CompositeDotView1055001
130121,Adventure/Prefab/UniqueProp/Character/CompositeDotView1801001
130122,Adventure/Prefab/UniqueProp/Character/CompositeDotView4020001
130123,Adventure/Prefab/UniqueProp/Character/CompositeDotView4003001
130124,Adventure/Prefab/UniqueProp/Character/CompositeDotView4023001
130125,Adventure/Prefab/UniqueProp/Character/CompositeDotView4013001
130126,Adventure/Prefab/UniqueProp/Character/CompositeDotView4008001
130127,Adventure/Prefab/UniqueProp/Character/CompositeDotView2263001
130128,Adventure/Prefab/UniqueProp/Character/CompositeDotView2262001
130129,Adventure/Prefab/UniqueProp/ChallengeObject/SequenceInvisibleObject
130130,Adventure/Prefab/UniqueProp/ChallengeObject/SequenceInvisibleObject
130131,Adventure/Prefab/UniqueProp/ChallengeObject/SequenceInvisibleObject
130132,Adventure/Prefab/UniqueProp/Character/CompositeDotView2261001
130133,Adventure/Prefab/UniqueProp/Character/CompositeDotView2262001
130134,Adventure/Prefab/UniqueProp/Character/CompositeDotView4010001
130135,Adventure/Prefab/UniqueProp/Character/CompositeDotView4007001
130136,Adventure/Prefab/UniqueProp/ChallengeObject/Object_Book
130137,Adventure/Prefab/UniqueProp/ChallengeObject/SequenceInvisibleObject
130138,Adventure/Prefab/UniqueProp/ChallengeObject/Object_TrashA
130139,Adventure/Prefab/UniqueProp/ChallengeObject/Object_TrashD
130140,Adventure/Prefab/UniqueProp/ChallengeObject/Object_Hanamizuki_before
130141,Adventure/Prefab/UniqueProp/ChallengeObject/Object_Bag_before
130142,Adventure/Prefab/UniqueProp/ChallengeObject/Object_AdTruck_right
130143,Adventure/Prefab/UniqueProp/Character/CompositeDotView4010001
130144,Adventure/Prefab/UniqueProp/Character/CompositeDotView4015001
130145,Adventure/Prefab/UniqueProp/Character/CompositeDotView5012001
130146,Adventure/Prefab/UniqueProp/ChallengeObject/SequenceInvisibleObject
130147,Adventure/Prefab/UniqueProp/Character/CompositeDotView1802001
130149,Adventure/Prefab/UniqueProp/ChallengeObject/SequenceInvisibleObject
130150,Adventure/Prefab/UniqueProp/ChallengeObject/SequenceInvisibleObject
130151,Adventure/Prefab/UniqueProp/ChallengeObject/SequenceInvisibleObject
130152,Adventure/Prefab/UniqueProp/ChallengeObject/SequenceInvisibleObject
134001,Adventure/Prefab/UniqueProp/Character/CompositeDotView4008001
134002,Adventure/Prefab/UniqueProp/Character/CompositeDotView4004001
134003,Adventure/Prefab/UniqueProp/Character/CompositeDotView4003001
134004,Adventure/Prefab/UniqueProp/Character/CompositeDotView4002001
134005,Adventure/Prefab/UniqueProp/Character/CompositeDotView4014001
134006,Adventure/Prefab/UniqueProp/Character/CompositeDotView4007001
134007,Adventure/Prefab/UniqueProp/Character/CompositeDotView4001001
134008,Adventure/Prefab/UniqueProp/Character/CompositeDotView4003001
134009,Adventure/Prefab/UniqueProp/Character/CompositeDotView4006001
134010,Adventure/Prefab/UniqueProp/Character/CompositeDotView4015001
134011,Adventure/Prefab/UniqueProp/Character/CompositeDotView4002001
134012,Adventure/Prefab/UniqueProp/Character/CompositeDotView4004001
134013,Adventure/Prefab/UniqueProp/Character/CompositeDotView4014001
134014,Adventure/Prefab/UniqueProp/Character/CompositeDotView4007001
134015,Adventure/Prefab/UniqueProp/Character/CompositeDotView4015001
134016,Adventure/Prefab/UniqueProp/Character/CompositeDotView4002001
134017,Adventure/Prefab/UniqueProp/Character/CompositeDotView4001001
134018,Adventure/Prefab/UniqueProp/Character/CompositeDotView4014001
134019,Adventure/Prefab/UniqueProp/Character/CompositeDotView4002001
134021,Adventure/Prefab/UniqueProp/Character/CompositeDotView4014001
134022,Adventure/Prefab/UniqueProp/Character/CompositeDotView4007001
134023,Adventure/Prefab/UniqueProp/Character/CompositeDotView4001001
134024,Adventure/Prefab/UniqueProp/Character/CompositeDotView4004001
134025,Adventure/Prefab/UniqueProp/Character/CompositeDotView4005001
134026,Adventure/Prefab/UniqueProp/Character/CompositeDotView4004001
134027,Adventure/Prefab/UniqueProp/Character/CompositeDotView4015001
134028,Adventure/Prefab/UniqueProp/Character/CompositeDotView4014001
134029,Adventure/Prefab/UniqueProp/Character/CompositeDotView4006001
134030,Adventure/Prefab/UniqueProp/Character/CompositeDotView4001001
134031,Adventure/Prefab/UniqueProp/Character/CompositeDotView4007001
134032,Adventure/Prefab/UniqueProp/Character/CompositeDotView4003001
134033,Adventure/Prefab/UniqueProp/Character/CompositeDotView4005001
134034,Adventure/Prefab/UniqueProp/Character/CompositeDotView4004001
134035,Adventure/Prefab/UniqueProp/Character/CompositeDotView4006001
134036,Adventure/Prefab/UniqueProp/Character/CompositeDotView4002001
134037,Adventure/Prefab/UniqueProp/Character/CompositeDotView4008001
134038,Adventure/Prefab/UniqueProp/Character/CompositeDotView4004001
134039,Adventure/Prefab/UniqueProp/Character/CompositeDotView4003001
134040,Adventure/Prefab/UniqueProp/Character/CompositeDotView4007001
134041,Adventure/Prefab/UniqueProp/Character/CompositeDotView4001001
134042,Adventure/Prefab/UniqueProp/Character/CompositeDotView4014001
134043,Adventure/Prefab/UniqueProp/Character/CompositeDotView4015001
134044,Adventure/Prefab/UniqueProp/Character/CompositeDotView4002001
134045,Adventure/Prefab/UniqueProp/Character/CompositeDotView4008001
134046,Adventure/Prefab/UniqueProp/Character/CompositeDotView4002001
134047,Adventure/Prefab/UniqueProp/Character/CompositeDotView4007001
134048,Adventure/Prefab/UniqueProp/Character/CompositeDotView4014001
134049,Adventure/Prefab/UniqueProp/Character/CompositeDotView4002001
134050,Adventure/Prefab/UniqueProp/Character/CompositeDotView4015001
134051,Adventure/Prefab/UniqueProp/Character/CompositeDotView4014001
134052,Adventure/Prefab/UniqueProp/Character/CompositeDotView4001001
134053,Adventure/Prefab/UniqueProp/Character/CompositeDotView4002001
134054,Adventure/Prefab/UniqueProp/Character/CompositeDotView4008001
134055,Adventure/Prefab/UniqueProp/Character/CompositeDotView4007001
134056,Adventure/Prefab/UniqueProp/Character/CompositeDotView4006001
134057,Adventure/Prefab/UniqueProp/Character/CompositeDotView4018001
134058,Adventure/Prefab/UniqueProp/Character/CompositeDotView4006001
134059,Adventure/Prefab/UniqueProp/Character/CompositeDotView4002001
134060,Adventure/Prefab/UniqueProp/Character/CompositeDotView4018001
134061,Adventure/Prefab/UniqueProp/Character/CompositeDotView4014001
134062,Adventure/Prefab/UniqueProp/Character/CompositeDotView4005001
134063,Adventure/Prefab/UniqueProp/Character/CompositeDotView4008001
134064,Adventure/Prefab/UniqueProp/Character/CompositeDotView4001001
134065,Adventure/Prefab/UniqueProp/Character/CompositeDotView4015001
134066,Adventure/Prefab/UniqueProp/Character/CompositeDotView4006001
134067,Adventure/Prefab/UniqueProp/Character/CompositeDotView4005001
134068,Adventure/Prefab/UniqueProp/Character/CompositeDotView4005001
134069,Adventure/Prefab/UniqueProp/Character/CompositeDotView4007001
134070,Adventure/Prefab/UniqueProp/Character/CompositeDotView4004001
134071,Adventure/Prefab/UniqueProp/Character/CompositeDotView4003001
134072,Adventure/Prefab/UniqueProp/Character/CompositeDotView4002001
134074,Adventure/Prefab/UniqueProp/Character/CompositeDotView4006001
134075,Adventure/Prefab/UniqueProp/Character/CompositeDotView4001001
134076,Adventure/Prefab/UniqueProp/Character/CompositeDotView4004001
134077,Adventure/Prefab/UniqueProp/Character/CompositeDotView4003001
134078,Adventure/Prefab/UniqueProp/Character/CompositeDotView4002001
134079,Adventure/Prefab/UniqueProp/Character/CompositeDotView4014001
134080,Adventure/Prefab/UniqueProp/Character/CompositeDotView4006001
134081,Adventure/Prefab/UniqueProp/Character/CompositeDotView4001001
134082,Adventure/Prefab/UniqueProp/Character/CompositeDotView4008001
134083,Adventure/Prefab/UniqueProp/Character/CompositeDotView4005001
134084,Adventure/Prefab/UniqueProp/Character/CompositeDotView4001001
134085,Adventure/Prefab/UniqueProp/Character/CompositeDotView4007001
134086,Adventure/Prefab/UniqueProp/Character/CompositeDotView4014001
134087,Adventure/Prefab/UniqueProp/Character/CompositeDotView4015001
134088,Adventure/Prefab/UniqueProp/Character/CompositeDotView4008001
134089,Adventure/Prefab/UniqueProp/Character/CompositeDotView4003001
134090,Adventure/Prefab/UniqueProp/Character/CompositeDotView4001001
134091,Adventure/Prefab/UniqueProp/Character/CompositeDotView4014001
134092,Adventure/Prefab/UniqueProp/Character/CompositeDotView4002001
134093,Adventure/Prefab/UniqueProp/Character/CompositeDotView4007001
134094,Adventure/Prefab/UniqueProp/Character/CompositeDotView4006001
134095,Adventure/Prefab/UniqueProp/Character/CompositeDotView4004001
134096,Adventure/Prefab/UniqueProp/Character/CompositeDotView4004001
134097,Adventure/Prefab/UniqueProp/Character/CompositeDotView4002001
134098,Adventure/Prefab/UniqueProp/Character/CompositeDotView4001001
134099,Adventure/Prefab/UniqueProp/Character/CompositeDotView4003001
134100,Adventure/Prefab/UniqueProp/Character/CompositeDotView4002001
134101,Adventure/Prefab/UniqueProp/Character/CompositeDotView4004001
134102,Adventure/Prefab/UniqueProp/Character/CompositeDotView4002001
134103,Adventure/Prefab/UniqueProp/Character/CompositeDotView4001001
134104,Adventure/Prefab/UniqueProp/Character/CompositeDotView4007001
134105,Adventure/Prefab/UniqueProp/Character/CompositeDotView4008001
134106,Adventure/Prefab/UniqueProp/Character/CompositeDotView4004001
134107,Adventure/Prefab/UniqueProp/Character/CompositeDotView4003001
134108,Adventure/Prefab/UniqueProp/Character/CompositeDotView4002001
134109,Adventure/Prefab/UniqueProp/Character/CompositeDotView4006001
134110,Adventure/Prefab/UniqueProp/Character/CompositeDotView4014001
134111,Adventure/Prefab/UniqueProp/Character/CompositeDotView4001001
134112,Adventure/Prefab/UniqueProp/Character/CompositeDotView4014001
134113,Adventure/Prefab/UniqueProp/Character/CompositeDotView4007001
134114,Adventure/Prefab/UniqueProp/Character/CompositeDotView4001001
134115,Adventure/Prefab/UniqueProp/Character/CompositeDotView4004001
134116,Adventure/Prefab/UniqueProp/Character/CompositeDotView4003001
134117,Adventure/Prefab/UniqueProp/Character/CompositeDotView4006001
134118,Adventure/Prefab/UniqueProp/Character/CompositeDotView4015001
134119,Adventure/Prefab/UniqueProp/Character/CompositeDotView4002001
134120,Adventure/Prefab/UniqueProp/Character/CompositeDotView4004001
134121,Adventure/Prefab/UniqueProp/Character/CompositeDotView4008001
134122,Adventure/Prefab/UniqueProp/Character/CompositeDotView4001001
134123,Adventure/Prefab/UniqueProp/Character/CompositeDotView4014001
134124,Adventure/Prefab/UniqueProp/Character/CompositeDotView4014001
134125,Adventure/Prefab/UniqueProp/Character/CompositeDotView4007001
134126,Adventure/Prefab/UniqueProp/Character/CompositeDotView4015001
134127,Adventure/Prefab/UniqueProp/Character/CompositeDotView4001001
134128,Adventure/Prefab/UniqueProp/Character/CompositeDotView4002001
134129,Adventure/Prefab/UniqueProp/Character/CompositeDotView4005001
134130,Adventure/Prefab/UniqueProp/Character/CompositeDotView4008001
134131,Adventure/Prefab/UniqueProp/Character/CompositeDotView4001001
134132,Adventure/Prefab/UniqueProp/Character/CompositeDotView4014001
134133,Adventure/Prefab/UniqueProp/Character/CompositeDotView4002001
134134,Adventure/Prefab/UniqueProp/Character/CompositeDotView4002001
134135,Adventure/Prefab/UniqueProp/Character/CompositeDotView4008001
134136,Adventure/Prefab/UniqueProp/Character/CompositeDotView4004001
134137,Adventure/Prefab/UniqueProp/Character/CompositeDotView4014001
134138,Adventure/Prefab/UniqueProp/Character/CompositeDotView4007001
134139,Adventure/Prefab/UniqueProp/Character/CompositeDotView4007001
134140,Adventure/Prefab/UniqueProp/Character/CompositeDotView4001001
134141,Adventure/Prefab/UniqueProp/Character/CompositeDotView4014001
134142,Adventure/Prefab/UniqueProp/Character/CompositeDotView4002001
134145,Adventure/Prefab/UniqueProp/Character/CompositeDotView4008001
134146,Adventure/Prefab/UniqueProp/Character/CompositeDotView4015001
134147,Adventure/Prefab/UniqueProp/Character/CompositeDotView4001001
134148,Adventure/Prefab/UniqueProp/Character/CompositeDotView4014001
134149,Adventure/Prefab/UniqueProp/Character/CompositeDotView4004001
134150,Adventure/Prefab/UniqueProp/Character/CompositeDotView4005001
134151,Adventure/Prefab/UniqueProp/Character/CompositeDotView4008001
134152,Adventure/Prefab/UniqueProp/Character/CompositeDotView4004001
134153,Adventure/Prefab/UniqueProp/Character/CompositeDotView4015001
134154,Adventure/Prefab/UniqueProp/Character/CompositeDotView4003001
134155,Adventure/Prefab/UniqueProp/Character/CompositeDotView4014001
134156,Adventure/Prefab/UniqueProp/Character/CompositeDotView4006001
134157,Adventure/Prefab/UniqueProp/Character/CompositeDotView4001001
134158,Adventure/Prefab/UniqueProp/Character/CompositeDotView4001001
134159,Adventure/Prefab/UniqueProp/Character/CompositeDotView4007001
134160,Adventure/Prefab/UniqueProp/Character/CompositeDotView4014001
134161,Adventure/Prefab/UniqueProp/Character/CompositeDotView4003001
134162,Adventure/Prefab/UniqueProp/Character/CompositeDotView4005001
134163,Adventure/Prefab/UniqueProp/Character/CompositeDotView4004001
134164,Adventure/Prefab/UniqueProp/Character/CompositeDotView4004001
134165,Adventure/Prefab/UniqueProp/Character/CompositeDotView4007001
134166,Adventure/Prefab/UniqueProp/Character/CompositeDotView4006001
134167,Adventure/Prefab/UniqueProp/Character/CompositeDotView4002001
134168,Adventure/Prefab/UniqueProp/Character/CompositeDotView4005001
134169,Adventure/Prefab/UniqueProp/Character/CompositeDotView4008001
134170,Adventure/Prefab/UniqueProp/Character/CompositeDotView4001001
134171,Adventure/Prefab/UniqueProp/Character/CompositeDotView4003001
134172,Adventure/Prefab/UniqueProp/Character/CompositeDotView4007001
134173,Adventure/Prefab/UniqueProp/Character/CompositeDotView4004001
134174,Adventure/Prefab/UniqueProp/Character/CompositeDotView4014001
134175,Adventure/Prefab/UniqueProp/Character/CompositeDotView4014001
134176,Adventure/Prefab/UniqueProp/Character/CompositeDotView4015001
134177,Adventure/Prefab/UniqueProp/Character/CompositeDotView4002001
134178,Adventure/Prefab/UniqueProp/Character/CompositeDotView4001001
134179,Adventure/Prefab/UniqueProp/Character/CompositeDotView4007001
134180,Adventure/Prefab/UniqueProp/Character/CompositeDotView4006001
134181,Adventure/Prefab/UniqueProp/Character/CompositeDotView4002001
134182,Adventure/Prefab/UniqueProp/Character/CompositeDotView4001001
134183,Adventure/Prefab/UniqueProp/Character/CompositeDotView4002001
134184,Adventure/Prefab/UniqueProp/Character/CompositeDotView4015001
134185,Adventure/Prefab/UniqueProp/Character/CompositeDotView4014001
134186,Adventure/Prefab/UniqueProp/Character/CompositeDotView4005001
134187,Adventure/Prefab/UniqueProp/Character/CompositeDotView4001001
134188,Adventure/Prefab/UniqueProp/Character/CompositeDotView4002001
134189,Adventure/Prefab/UniqueProp/Character/CompositeDotView4008001
134190,Adventure/Prefab/UniqueProp/Character/CompositeDotView4002001
134191,Adventure/Prefab/UniqueProp/Character/CompositeDotView4008001
134192,Adventure/Prefab/UniqueProp/Character/CompositeDotView4007001
134193,Adventure/Prefab/UniqueProp/Character/CompositeDotView4006001
134194,Adventure/Prefab/UniqueProp/Character/CompositeDotView4014001
134195,Adventure/Prefab/UniqueProp/Character/CompositeDotView4018001
134196,Adventure/Prefab/UniqueProp/Character/CompositeDotView4006001
134197,Adventure/Prefab/UniqueProp/Character/CompositeDotView4002001
134198,Adventure/Prefab/UniqueProp/Character/CompositeDotView4018001
134199,Adventure/Prefab/UniqueProp/Character/CompositeDotView4008001
134200,Adventure/Prefab/UniqueProp/Character/CompositeDotView4005001
134201,Adventure/Prefab/UniqueProp/Character/CompositeDotView4001001
134202,Adventure/Prefab/UniqueProp/Character/CompositeDotView4015001
134203,Adventure/Prefab/UniqueProp/Character/CompositeDotView4002001
134204,Adventure/Prefab/UniqueProp/Character/CompositeDotView4015001
134205,Adventure/Prefab/UniqueProp/Character/CompositeDotView4006001
134206,Adventure/Prefab/UniqueProp/Character/CompositeDotView4005001
134207,Adventure/Prefab/UniqueProp/Character/CompositeDotView4015001
134208,Adventure/Prefab/UniqueProp/Character/CompositeDotView4005001
134209,Adventure/Prefab/UniqueProp/Character/CompositeDotView4004001
134210,Adventure/Prefab/UniqueProp/Character/CompositeDotView4015001
134211,Adventure/Prefab/UniqueProp/Character/CompositeDotView4004001
134212,Adventure/Prefab/UniqueProp/Character/CompositeDotView4003001
134213,Adventure/Prefab/UniqueProp/Character/CompositeDotView4002001
134214,Adventure/Prefab/UniqueProp/Character/CompositeDotView4014001
134215,Adventure/Prefab/UniqueProp/Character/CompositeDotView4001001
134216,Adventure/Prefab/UniqueProp/Character/CompositeDotView4008001
134217,Adventure/Prefab/UniqueProp/Character/CompositeDotView4007001
134218,Adventure/Prefab/UniqueProp/Character/CompositeDotView4015001
134219,Adventure/Prefab/UniqueProp/Character/CompositeDotView4008001
134220,Adventure/Prefab/UniqueProp/Character/CompositeDotView4005001
134221,Adventure/Prefab/UniqueProp/Character/CompositeDotView4001001
134222,Adventure/Prefab/UniqueProp/Character/CompositeDotView4014001
134223,Adventure/Prefab/UniqueProp/Character/CompositeDotView4015001
134224,Adventure/Prefab/UniqueProp/Character/CompositeDotView4008001
134225,Adventure/Prefab/UniqueProp/Character/CompositeDotView4007001
134226,Adventure/Prefab/UniqueProp/Character/CompositeDotView4014001
134227,Adventure/Prefab/UniqueProp/Character/CompositeDotView4001001
134228,Adventure/Prefab/UniqueProp/Character/CompositeDotView4008001
134229,Adventure/Prefab/UniqueProp/Character/CompositeDotView4003001
134230,Adventure/Prefab/UniqueProp/Character/CompositeDotView4001001
134231,Adventure/Prefab/UniqueProp/Character/CompositeDotView4006001
134232,Adventure/Prefab/UniqueProp/Character/CompositeDotView4014001
134233,Adventure/Prefab/UniqueProp/Character/CompositeDotView4002001
134234,Adventure/Prefab/UniqueProp/Character/CompositeDotView4015001
134235,Adventure/Prefab/UniqueProp/Character/CompositeDotView4003001
134236,Adventure/Prefab/UniqueProp/Character/CompositeDotView4001001
134237,Adventure/Prefab/UniqueProp/Character/CompositeDotView4007001
134238,Adventure/Prefab/UniqueProp/Character/CompositeDotView4005001
134239,Adventure/Prefab/UniqueProp/Character/CompositeDotView4005001
134240,Adventure/Prefab/UniqueProp/Character/CompositeDotView4001001
134241,Adventure/Prefab/UniqueProp/Character/CompositeDotView4003001
134242,Adventure/Prefab/UniqueProp/Character/CompositeDotView4007001
134243,Adventure/Prefab/UniqueProp/Character/CompositeDotView4001001
134244,Adventure/Prefab/UniqueProp/Character/CompositeDotView4006001
134245,Adventure/Prefab/UniqueProp/Character/CompositeDotView4015001
134246,Adventure/Prefab/UniqueProp/Character/CompositeDotView4007001
134247,Adventure/Prefab/UniqueProp/Character/CompositeDotView4002001
134248,Adventure/Prefab/UniqueProp/Character/CompositeDotView4004001
134249,Adventure/Prefab/UniqueProp/Character/CompositeDotView4008001
134250,Adventure/Prefab/UniqueProp/Character/CompositeDotView4015001
134251,Adventure/Prefab/UniqueProp/Character/CompositeDotView4002001
134252,Adventure/Prefab/UniqueProp/Character/CompositeDotView4001001
134253,Adventure/Prefab/UniqueProp/Character/CompositeDotView4005001
134254,Adventure/Prefab/UniqueProp/ChallengeObject/Object_dot2d_00_TempleBulletinBoard_000_00
134255,Adventure/Prefab/UniqueProp/ChallengeObject/Object_dot2d_00_TempleBulletinBoard_000_01
134256,Adventure/Prefab/UniqueProp/ChallengeObject/Object_dot2d_00_TempleBulletinBoard_000_02
134257,Adventure/Prefab/UniqueProp/ChallengeObject/Object_dot2d_00_TempleBulletinBoard_000_03
134258,Adventure/Prefab/UniqueProp/ChallengeObject/Object_dot2d_00_TempleBulletinBoard_000_04
134259,Adventure/Prefab/UniqueProp/ChallengeObject/Object_dot2d_00_TempleBulletinBoard_000_05
134260,Adventure/Prefab/UniqueProp/ChallengeObject/Object_dot2d_00_TempleBulletinBoard_000_06
134261,Adventure/Prefab/UniqueProp/ChallengeObject/Object_dot2d_13_VolunteerPoster_001_00
134262,Adventure/Prefab/UniqueProp/ChallengeObject/Object_dot2d_13_VolunteerPoster_001_00
134263,Adventure/Prefab/UniqueProp/ChallengeObject/Object_dot2d_00_XBGearPoster_001_00
134264,Adventure/Prefab/UniqueProp/ChallengeObject/Object_dot2d_00_XBGearPoster_001_00
134265,Adventure/Prefab/UniqueProp/ChallengeObject/Object_dot2d_00_GunShopPoster_000_00
134266,Adventure/Prefab/UniqueProp/ChallengeObject/Object_dot2d_00_OccultPoster_000_00
134267,Adventure/Prefab/UniqueProp/ChallengeObject/Object_dot2d_00_AnimePoster_000_00
134268,Adventure/Prefab/UniqueProp/ChallengeObject/Object_dot2d_13_LovelyOceansPoster_000_00
134269,Adventure/Prefab/UniqueProp/ChallengeObject/Object_dot2d_00_RamenPoster_000_00
134270,Adventure/Prefab/UniqueProp/ChallengeObject/Object_dot2d_00_HappyWorkerPoste_000_00
134271,Adventure/Prefab/UniqueProp/ChallengeObject/Object_dot2d_00_HospitalPoster_000_00
134272,Adventure/Prefab/UniqueProp/ChallengeObject/Object_dot2d_00_BigPacPoster_000_00
134273,Adventure/Prefab/UniqueProp/ChallengeObject/Object_dot2d_00_BrandPoster_000_00
134274,Adventure/Prefab/UniqueProp/ChallengeObject/Object_dot2d_00_BrandPoster_001_00
134275,Adventure/Prefab/UniqueProp/ChallengeObject/Object_dot2d_00_BrandPoster_002_00
134276,Adventure/Prefab/UniqueProp/ChallengeObject/Object_dot2d_13_HillsPoster_000_00
134277,Adventure/Prefab/UniqueProp/ChallengeObject/Object_dot2d_13_ParkPoster_000_00
134278,Adventure/Prefab/UniqueProp/ChallengeObject/Object_dot2d_13_ParkPoster_001_00
134279,Adventure/Prefab/UniqueProp/ChallengeObject/Object_dot2d_00_FishingPoster_000_00
134280,Adventure/Prefab/UniqueProp/ChallengeObject/Object_dot2d_00_RoboPoster_000_00
134281,Adventure/Prefab/UniqueProp/ChallengeObject/Object_dot2d_00_RoboPoster_000_00
134282,Adventure/Prefab/UniqueProp/Character/CompositeDotView4013001
134283,Adventure/Prefab/UniqueProp/Character/CompositeDotView4012001
134284,Adventure/Prefab/UniqueProp/Character/CompositeDotView4013001
134285,Adventure/Prefab/UniqueProp/Character/CompositeDotView4012001
134286,Adventure/Prefab/UniqueProp/Character/CompositeDotView4013001
134287,Adventure/Prefab/UniqueProp/Character/CompositeDotView4012001
134288,Adventure/Prefab/UniqueProp/Character/CompositeDotView4011001
134289,Adventure/Prefab/UniqueProp/Character/CompositeDotView4013001
134290,Adventure/Prefab/UniqueProp/Character/CompositeDotView4010001
134291,Adventure/Prefab/UniqueProp/Character/CompositeDotView4012001
134292,Adventure/Prefab/UniqueProp/Character/CompositeDotView4012001
134293,Adventure/Prefab/UniqueProp/Character/CompositeDotView4013001
134294,Adventure/Prefab/UniqueProp/Character/CompositeDotView4010001
134295,Adventure/Prefab/UniqueProp/Character/CompositeDotView4010001
134296,Adventure/Prefab/UniqueProp/Character/CompositeDotView4004001
134297,Adventure/Prefab/UniqueProp/Character/CompositeDotView4012001
134298,Adventure/Prefab/UniqueProp/Character/CompositeDotView4013001
134299,Adventure/Prefab/UniqueProp/Character/CompositeDotView4011001
134300,Adventure/Prefab/UniqueProp/Character/CompositeDotView4018001
134301,Adventure/Prefab/UniqueProp/Character/CompositeDotView4013001
134302,Adventure/Prefab/UniqueProp/Character/CompositeDotView4012001
134303,Adventure/Prefab/UniqueProp/Character/CompositeDotView4013001
134304,Adventure/Prefab/UniqueProp/Character/CompositeDotView4011001
134305,Adventure/Prefab/UniqueProp/Character/CompositeDotView4012001
134306,Adventure/Prefab/UniqueProp/Character/CompositeDotView4012001
134307,Adventure/Prefab/UniqueProp/Character/CompositeDotView4006001
134308,Adventure/Prefab/UniqueProp/Character/CompositeDotView4015001
134309,Adventure/Prefab/UniqueProp/Character/CompositeDotView4013001
134310,Adventure/Prefab/UniqueProp/Character/CompositeDotView4012001
134311,Adventure/Prefab/UniqueProp/Character/CompositeDotView4013001
134312,Adventure/Prefab/UniqueProp/Character/CompositeDotView4012001
134313,Adventure/Prefab/UniqueProp/Character/CompositeDotView4003001
134314,Adventure/Prefab/UniqueProp/Character/CompositeDotView4011001
134315,Adventure/Prefab/UniqueProp/Character/CompositeDotView4013001
134316,Adventure/Prefab/UniqueProp/Character/CompositeDotView4005001
134317,Adventure/Prefab/UniqueProp/Character/CompositeDotView4013001
134318,Adventure/Prefab/UniqueProp/Character/CompositeDotView4011001
134319,Adventure/Prefab/UniqueProp/Character/CompositeDotView4013001
134320,Adventure/Prefab/UniqueProp/Character/CompositeDotView4014001
134321,Adventure/Prefab/UniqueProp/Character/CompositeDotView4012001
134322,Adventure/Prefab/UniqueProp/Character/CompositeDotView4010001
134323,Adventure/Prefab/UniqueProp/Character/CompositeDotView4013001
134324,Adventure/Prefab/UniqueProp/Character/CompositeDotView4012001
134325,Adventure/Prefab/UniqueProp/Character/CompositeDotView4013001
134326,Adventure/Prefab/UniqueProp/Character/CompositeDotView4012001
134327,Adventure/Prefab/UniqueProp/Character/CompositeDotView4004001
134328,Adventure/Prefab/UniqueProp/Character/CompositeDotView4011001
134329,Adventure/Prefab/UniqueProp/Character/CompositeDotView4002001
134330,Adventure/Prefab/UniqueProp/Character/CompositeDotView4003001
134331,Adventure/Prefab/UniqueProp/Character/CompositeDotView4015001
134332,Adventure/Prefab/UniqueProp/Character/CompositeDotView4014001
134333,Adventure/Prefab/UniqueProp/Character/CompositeDotView4005001
134334,Adventure/Prefab/UniqueProp/Character/CompositeDotView4003001
134337,Adventure/Prefab/UniqueProp/ChallengeObject/FlavorInvisibleObject_BoxFront
134338,Adventure/Prefab/UniqueProp/ChallengeObject/FlavorInvisibleObject_BoxFront
134339,Adventure/Prefab/UniqueProp/ChallengeObject/FlavorInvisibleObject_Sphere_1.7
134340,Adventure/Prefab/UniqueProp/ChallengeObject/FlavorInvisibleObject_Sphere_1.2
134341,Adventure/Prefab/UniqueProp/ChallengeObject/FlavorInvisibleObject_Sphere_0.6
134342,Adventure/Prefab/UniqueProp/ChallengeObject/FlavorInvisibleObject_Sphere
134343,Adventure/Prefab/UniqueProp/ChallengeObject/FlavorInvisibleObject_Sphere
134349,Adventure/Prefab/UniqueProp/ChallengeObject/FlavorInvisibleObject_Sphere_1.2
134350,Adventure/Prefab/UniqueProp/ChallengeObject/FlavorInvisibleObject_Sphere_1.2
134351,Adventure/Prefab/UniqueProp/ChallengeObject/FlavorInvisibleObject_Sphere_1.2
134352,Adventure/Prefab/UniqueProp/ChallengeObject/FlavorInvisibleObject_Sphere_1.2
134353,Adventure/Prefab/UniqueProp/ChallengeObject/FlavorInvisibleObject_Sphere_1.2
134354,Adventure/Prefab/UniqueProp/ChallengeObject/FlavorInvisibleObject_Sphere_1.2
134355,Adventure/Prefab/UniqueProp/ChallengeObject/FlavorInvisibleObject_Sphere_1.2
134356,Adventure/Prefab/UniqueProp/ChallengeObject/FlavorInvisibleObject_Sphere_1.2
134357,Adventure/Prefab/UniqueProp/ChallengeObject/FlavorInvisibleObject_Sphere_0.6
134358,Adventure/Prefab/UniqueProp/ChallengeObject/FlavorInvisibleObject_Sphere_0.6
134359,Adventure/Prefab/UniqueProp/ChallengeObject/FlavorInvisibleObject_Sphere_0.6
134360,Adventure/Prefab/UniqueProp/ChallengeObject/FlavorInvisibleObject_Sphere
134361,Adventure/Prefab/UniqueProp/ChallengeObject/FlavorInvisibleObject_Sphere
134362,Adventure/Prefab/UniqueProp/ChallengeObject/FlavorInvisibleObject_Sphere
134363,Adventure/Prefab/UniqueProp/Character/CompositeDotView4013001
134364,Adventure/Prefab/UniqueProp/Character/CompositeDotView4014001
134365,Adventure/Prefab/UniqueProp/Character/CompositeDotView4013001
134366,Adventure/Prefab/UniqueProp/Character/CompositeDotView4014001
134367,Adventure/Prefab/UniqueProp/Character/CompositeDotView4010001
134368,Adventure/Prefab/UniqueProp/Character/CompositeDotView4008001
134369,Adventure/Prefab/UniqueProp/Character/CompositeDotView4010001
134370,Adventure/Prefab/UniqueProp/Character/CompositeDotView4011001
134371,Adventure/Prefab/UniqueProp/Character/CompositeDotView4011001
134372,Adventure/Prefab/UniqueProp/Character/CompositeDotView4012001
134373,Adventure/Prefab/UniqueProp/Character/CompositeDotView4004001
134374,Adventure/Prefab/UniqueProp/Character/CompositeDotView4014001
134375,Adventure/Prefab/UniqueProp/Character/CompositeDotView4011001
134376,Adventure/Prefab/UniqueProp/Character/CompositeDotView4003001
134377,Adventure/Prefab/UniqueProp/Character/CompositeDotView4008001
134378,Adventure/Prefab/UniqueProp/Character/CompositeDotView4011001
134379,Adventure/Prefab/UniqueProp/Character/CompositeDotView4012001
134380,Adventure/Prefab/UniqueProp/Character/CompositeDotView4006001
134381,Adventure/Prefab/UniqueProp/Character/CompositeDotView4007001
134382,Adventure/Prefab/UniqueProp/Character/CompositeDotView4013001
134383,Adventure/Prefab/UniqueProp/Character/CompositeDotView4010001
134384,Adventure/Prefab/UniqueProp/Character/CompositeDotView4014001
134604,Adventure/Prefab/UniqueProp/ChallengeObject/Object_dot2d_10_FlavorPoster_002_00
134605,Adventure/Prefab/UniqueProp/ChallengeObject/Object_dot2d_10_FlavorPoster_013_00
134607,Adventure/Prefab/UniqueProp/ChallengeObject/Object_dot2d_10_FlavorPoster_015_00
134608,Adventure/Prefab/UniqueProp/ChallengeObject/Object_dot2d_10_FlavorPoster_018_00
134609,Adventure/Prefab/UniqueProp/ChallengeObject/Object_dot2d_10_FlavorPoster_016_00
134610,Adventure/Prefab/UniqueProp/ChallengeObject/Object_dot2d_10_FlavorPoster_017_00
134611,Adventure/Prefab/UniqueProp/ChallengeObject/Object_dot2d_10_FlavorPoster_017_00
134612,Adventure/Prefab/UniqueProp/ChallengeObject/Object_dot2d_00_HospitalPoster_000_00
134613,Adventure/Prefab/UniqueProp/ChallengeObject/Object_dot2d_13_VolunteerPoster_001_00
134614,Adventure/Prefab/UniqueProp/ChallengeObject/Object_dot2d_00_AnimePoster_000_00
134615,Adventure/Prefab/UniqueProp/ChallengeObject/Object_dot2d_13_LovelyOceansPoster_000_00
134616,Adventure/Prefab/UniqueProp/ChallengeObject/Object_dot2d_00_XBGearPoster_001_00
134617,Adventure/Prefab/UniqueProp/ChallengeObject/Object_dot2d_00_XBGearPoster_001_00
134618,Adventure/Prefab/UniqueProp/ChallengeObject/FlavorInvisibleObject_Sphere_1.2
134619,Adventure/Prefab/UniqueProp/ChallengeObject/FlavorInvisibleObject_Sphere_0.6
134620,Adventure/Prefab/UniqueProp/ChallengeObject/FlavorInvisibleObject_Sphere_1.2
134622,Adventure/Prefab/UniqueProp/ChallengeObject/FlavorInvisibleObject_Sphere_1.2
134623,Adventure/Prefab/UniqueProp/ChallengeObject/FlavorInvisibleObject_Sphere
134624,Adventure/Prefab/UniqueProp/ChallengeObject/FlavorInvisibleObject_Sphere_1.2
134625,Adventure/Prefab/UniqueProp/ChallengeObject/Object_dot2d_00_FishingPoster_000_00
134626,Adventure/Prefab/UniqueProp/ChallengeObject/Object_dot2d_00_XBGearPoster_001_00
134627,Adventure/Prefab/UniqueProp/ChallengeObject/Object_dot2d_00_RoboPoster_000_00
134628,Adventure/Prefab/UniqueProp/ChallengeObject/Object_dot2d_00_OccultPoster_000_00
134629,Adventure/Prefab/UniqueProp/ChallengeObject/FlavorInvisibleObject_Sphere_1.2
134630,Adventure/Prefab/UniqueProp/ChallengeObject/Object_dot2d_00_HospitalPoster_000_00
134631,Adventure/Prefab/UniqueProp/ChallengeObject/FlavorInvisibleObject_Sphere_1.2
134632,Adventure/Prefab/UniqueProp/ChallengeObject/FlavorInvisibleObject_Sphere_1.2
134633,Adventure/Prefab/UniqueProp/ChallengeObject/Object_dot2d_00_AnimePoster_000_00
134634,Adventure/Prefab/UniqueProp/ChallengeObject/Object_dot2d_00_RamenPoster_000_00
134635,Adventure/Prefab/UniqueProp/ChallengeObject/Object_dot2d_10_FlavorPoster_017_00
134636,Adventure/Prefab/UniqueProp/ChallengeObject/FlavorInvisibleObject_BoxFront
134637,Adventure/Prefab/UniqueProp/ChallengeObject/FlavorInvisibleObject_Sphere
134638,Adventure/Prefab/UniqueProp/ChallengeObject/FlavorInvisibleObject_Sphere_0.6
134639,Adventure/Prefab/UniqueProp/ChallengeObject/FlavorInvisibleObject_Sphere_1.2
134640,Adventure/Prefab/UniqueProp/ChallengeObject/FlavorInvisibleObject_Sphere_1.2
134641,Adventure/Prefab/UniqueProp/ChallengeObject/Object_dot2d_00_HappyWorkerPoste_000_00
134642,Adventure/Prefab/UniqueProp/ChallengeObject/FlavorInvisibleObject_Sphere
134643,Adventure/Prefab/UniqueProp/ChallengeObject/FlavorInvisibleObject_Sphere_1.2
134644,Adventure/Prefab/UniqueProp/ChallengeObject/FlavorInvisibleObject_Sphere_1.2
134645,Adventure/Prefab/UniqueProp/ChallengeObject/FlavorInvisibleObject_Sphere_1.2
134646,Adventure/Prefab/UniqueProp/ChallengeObject/Object_dot2d_13_VolunteerPoster_000_00
134647,Adventure/Prefab/UniqueProp/ChallengeObject/Object_dot2d_13_VolunteerPoster_000_00
134648,Adventure/Prefab/UniqueProp/ChallengeObject/Object_dot2d_00_XBGearPoster_000_00
134649,Adventure/Prefab/UniqueProp/ChallengeObject/Object_dot2d_00_XBGearPoster_000_00
134650,Adventure/Prefab/UniqueProp/ChallengeObject/Object_dot2d_13_VolunteerPoster_000_00
134651,Adventure/Prefab/UniqueProp/ChallengeObject/Object_dot2d_00_XBGearPoster_000_00
134652,Adventure/Prefab/UniqueProp/ChallengeObject/Object_dot2d_00_XBGearPoster_000_00
134653,Adventure/Prefab/UniqueProp/ChallengeObject/Object_dot2d_00_XBGearPoster_000_00
134654,Adventure/Prefab/UniqueProp/ChallengeObject/Object_dot2d_00_RoboPoster_001_00
134655,Adventure/Prefab/UniqueProp/ChallengeObject/Object_dot2d_00_RoboPoster_001_00
134656,Adventure/Prefab/UniqueProp/ChallengeObject/Object_dot2d_00_RoboPoster_001_00
135004,Adventure/Prefab/UniqueProp/TreasureItem/TreasureBox_Fantasy_3
135005,Adventure/Prefab/UniqueProp/TreasureItem/TreasureBox_Fantasy_3
135006,Adventure/Prefab/UniqueProp/TreasureItem/TreasureBox_Fantasy_2
135007,Adventure/Prefab/UniqueProp/TreasureItem/TreasureBox_Fantasy_1
135008,Adventure/Prefab/UniqueProp/TreasureItem/TreasureBox_Fantasy_1
135009,Adventure/Prefab/UniqueProp/TreasureItem/TreasureBox_Fantasy_1
135010,Adventure/Prefab/UniqueProp/TreasureItem/TreasureBox_Fantasy_1
135014,Adventure/Prefab/UniqueProp/TreasureItem/TreasureBox_Fantasy_1
135015,Adventure/Prefab/UniqueProp/TreasureItem/TreasureBox_Fantasy_1
135016,Adventure/Prefab/UniqueProp/TreasureItem/TreasureBox_Fantasy_1
135017,Adventure/Prefab/UniqueProp/TreasureItem/TreasureBox_Fantasy_1
135018,Adventure/Prefab/UniqueProp/TreasureItem/TreasureBox_Fantasy_1
135019,Adventure/Prefab/UniqueProp/TreasureItem/TreasureBox_Fantasy_1
135020,Adventure/Prefab/UniqueProp/TreasureItem/TreasureBox_Fantasy_1
135021,Adventure/Prefab/UniqueProp/TreasureItem/TreasureBox_Fantasy_1
135023,Adventure/Prefab/UniqueProp/TreasureItem/TreasureBox_Fantasy_1
135024,Adventure/Prefab/UniqueProp/TreasureItem/TreasureBox_Fantasy_2
135025,Adventure/Prefab/UniqueProp/TreasureItem/TreasureBox_Fantasy_1
135026,Adventure/Prefab/UniqueProp/TreasureItem/TreasureBox_Fantasy_2
135027,Adventure/Prefab/UniqueProp/TreasureItem/TreasureBox_Fantasy_1
135028,Adventure/Prefab/UniqueProp/TreasureItem/TreasureBox_Fantasy_1
135029,Adventure/Prefab/UniqueProp/TreasureItem/TreasureBox_Fantasy_1
135030,Adventure/Prefab/UniqueProp/TreasureItem/TreasureBox_Fantasy_1
135031,Adventure/Prefab/UniqueProp/TreasureItem/TreasureBox_Fantasy_1
135032,Adventure/Prefab/UniqueProp/TreasureItem/TreasureBox_Fantasy_1
135033,Adventure/Prefab/UniqueProp/TreasureItem/TreasureBox_Fantasy_1
135034,Adventure/Prefab/UniqueProp/TreasureItem/TreasureBox_Fantasy_1
135035,Adventure/Prefab/UniqueProp/TreasureItem/TreasureBox_Fantasy_1
135036,Adventure/Prefab/UniqueProp/TreasureItem/TreasureBox_Fantasy_1
135037,Adventure/Prefab/UniqueProp/TreasureItem/TreasureBox_Fantasy_1
135038,Adventure/Prefab/UniqueProp/TreasureItem/TreasureBox_Fantasy_1
135039,Adventure/Prefab/UniqueProp/TreasureItem/TreasureBox_Fantasy_1
135040,Adventure/Prefab/UniqueProp/TreasureItem/TreasureBox_Fantasy_1
135041,Adventure/Prefab/UniqueProp/TreasureItem/TreasureBox_Fantasy_1
135042,Adventure/Prefab/UniqueProp/TreasureItem/TreasureBox_Fantasy_1
135043,Adventure/Prefab/UniqueProp/TreasureItem/TreasureBox_Fantasy_1
135044,Adventure/Prefab/UniqueProp/TreasureItem/TreasureBox_Fantasy_2
135045,Adventure/Prefab/UniqueProp/TreasureItem/TreasureBox_Fantasy_1
135055,Adventure/Prefab/UniqueProp/TreasureItem/TreasureBox_Fantasy_1
135056,Adventure/Prefab/UniqueProp/TreasureItem/TreasureBox_Fantasy_1
135057,Adventure/Prefab/UniqueProp/TreasureItem/TreasureBox_Fantasy_1
135058,Adventure/Prefab/UniqueProp/TreasureItem/TreasureBox_Fantasy_2
135060,Adventure/Prefab/UniqueProp/TreasureItem/TreasureBox_Fantasy_1
135061,Adventure/Prefab/UniqueProp/TreasureItem/TreasureBox_Fantasy_1
135062,Adventure/Prefab/UniqueProp/TreasureItem/TreasureBox_Fantasy_1
135063,Adventure/Prefab/UniqueProp/TreasureItem/TreasureBox_Fantasy_1
135064,Adventure/Prefab/UniqueProp/TreasureItem/TreasureBox_Fantasy_1
135065,Adventure/Prefab/UniqueProp/TreasureItem/TreasureBox_Fantasy_1
135066,Adventure/Prefab/UniqueProp/TreasureItem/TreasureBox_Fantasy_1
135067,Adventure/Prefab/UniqueProp/TreasureItem/TreasureBox_Fantasy_1
135069,Adventure/Prefab/UniqueProp/TreasureItem/TreasureBox_Fantasy_1
135071,Adventure/Prefab/UniqueProp/TreasureItem/TreasureBox_Fantasy_1
135072,Adventure/Prefab/UniqueProp/TreasureItem/TreasureBox_Fantasy_1
135073,Adventure/Prefab/UniqueProp/TreasureItem/TreasureBox_Fantasy_1
135074,Adventure/Prefab/UniqueProp/TreasureItem/TreasureBox_Fantasy_1
135075,Adventure/Prefab/UniqueProp/TreasureItem/TreasureBox_Fantasy_2
135076,Adventure/Prefab/UniqueProp/TreasureItem/TreasureBox_Fantasy_1
135077,Adventure/Prefab/UniqueProp/TreasureItem/TreasureBox_Fantasy_1
135078,Adventure/Prefab/UniqueProp/TreasureItem/TreasureBox_Fantasy_1
135118,Adventure/Prefab/UniqueProp/TreasureItem/TreasureBox_Fantasy_1
135119,Adventure/Prefab/UniqueProp/TreasureItem/TreasureBox_Fantasy_1
135120,Adventure/Prefab/UniqueProp/TreasureItem/TreasureBox_Fantasy_1
135121,Adventure/Prefab/UniqueProp/TreasureItem/TreasureBox_Fantasy_1
135122,Adventure/Prefab/UniqueProp/TreasureItem/TreasureBox_Fantasy_2
135123,
135128,Adventure/Prefab/UniqueProp/TreasureItem/TreasureBox_Fantasy_1
135129,Adventure/Prefab/UniqueProp/TreasureItem/TreasureBox_Fantasy_2
135130,Adventure/Prefab/UniqueProp/TreasureItem/TreasureBox_Fantasy_2
135131,Adventure/Prefab/UniqueProp/TreasureItem/TreasureBox_Fantasy_1
135132,Adventure/Prefab/UniqueProp/TreasureItem/TreasureBox_Fantasy_2
135133,Adventure/Prefab/UniqueProp/TreasureItem/TreasureBox_Fantasy_2
135134,Adventure/Prefab/UniqueProp/TreasureItem/TreasureBox_Fantasy_2
135135,Adventure/Prefab/UniqueProp/TreasureItem/TreasureBox_Fantasy_1
135136,Adventure/Prefab/UniqueProp/TreasureItem/TreasureBox_Fantasy_2
135137,Adventure/Prefab/UniqueProp/TreasureItem/TreasureBox_Fantasy_2
135138,Adventure/Prefab/UniqueProp/TreasureItem/TreasureBox_Fantasy_1
135139,Adventure/Prefab/UniqueProp/TreasureItem/TreasureBox_Fantasy_2
135140,Adventure/Prefab/UniqueProp/TreasureItem/TreasureBox_Fantasy_1
135141,Adventure/Prefab/UniqueProp/TreasureItem/TreasureBox_Fantasy_2
135142,Adventure/Prefab/UniqueProp/TreasureItem/TreasureBox_Fantasy_2
135143,Adventure/Prefab/UniqueProp/TreasureItem/TreasureBox_Fantasy_1
135144,Adventure/Prefab/UniqueProp/TreasureItem/TreasureBox_Fantasy_1
135145,Adventure/Prefab/UniqueProp/TreasureItem/TreasureBox_Fantasy_2
135146,Adventure/Prefab/UniqueProp/TreasureItem/TreasureBox_Fantasy_2
135147,Adventure/Prefab/UniqueProp/TreasureItem/TreasureBox_Fantasy_2
135148,Adventure/Prefab/UniqueProp/TreasureItem/TreasureBox_Fantasy_1
135149,Adventure/Prefab/UniqueProp/TreasureItem/TreasureBox_Fantasy_2
135150,Adventure/Prefab/UniqueProp/TreasureItem/TreasureBox_Fantasy_1
135151,Adventure/Prefab/UniqueProp/TreasureItem/TreasureBox_Fantasy_2
135152,Adventure/Prefab/UniqueProp/TreasureItem/TreasureBox_Fantasy_1
135153,Adventure/Prefab/UniqueProp/TreasureItem/TreasureBox_Fantasy_1
135154,Adventure/Prefab/UniqueProp/TreasureItem/TreasureBox_Fantasy_1
135155,Adventure/Prefab/UniqueProp/TreasureItem/TreasureBox_Fantasy_1
135156,Adventure/Prefab/UniqueProp/TreasureItem/TreasureBox_Fantasy_1
135157,Adventure/Prefab/UniqueProp/TreasureItem/TreasureBox_Fantasy_1
135159,Adventure/Prefab/UniqueProp/TreasureItem/TreasureBox_Fantasy_1
135160,Adventure/Prefab/UniqueProp/TreasureItem/TreasureBox_Fantasy_2
135161,Adventure/Prefab/UniqueProp/TreasureItem/TreasureBox_Fantasy_2
135162,Adventure/Prefab/UniqueProp/TreasureItem/TreasureBox_Fantasy_1
135163,Adventure/Prefab/UniqueProp/TreasureItem/TreasureBox_Fantasy_2
135164,Adventure/Prefab/UniqueProp/TreasureItem/TreasureBox_Fantasy_1
135165,Adventure/Prefab/UniqueProp/TreasureItem/TreasureBox_Fantasy_1
135166,Adventure/Prefab/UniqueProp/TreasureItem/TreasureBox_Fantasy_1
135167,Adventure/Prefab/UniqueProp/TreasureItem/TreasureBox_Fantasy_1
135168,Adventure/Prefab/UniqueProp/TreasureItem/TreasureBox_Fantasy_1
135169,Adventure/Prefab/UniqueProp/TreasureItem/TreasureBox_Fantasy_2
135170,Adventure/Prefab/UniqueProp/TreasureItem/TreasureBox_Fantasy_1
135171,Adventure/Prefab/UniqueProp/TreasureItem/TreasureBox_Fantasy_1
135172,Adventure/Prefab/UniqueProp/TreasureItem/TreasureBox_Fantasy_2
135173,Adventure/Prefab/UniqueProp/TreasureItem/TreasureBox_Fantasy_2
135174,Adventure/Prefab/UniqueProp/TreasureItem/TreasureBox_Fantasy_1
135175,Adventure/Prefab/UniqueProp/TreasureItem/TreasureBox_Fantasy_2
135176,Adventure/Prefab/UniqueProp/TreasureItem/TreasureBox_Fantasy_1
135177,Adventure/Prefab/UniqueProp/TreasureItem/TreasureBox_Fantasy_1
135178,Adventure/Prefab/UniqueProp/TreasureItem/TreasureBox_Fantasy_2
135179,Adventure/Prefab/UniqueProp/TreasureItem/TreasureBox_Fantasy_1
135180,Adventure/Prefab/UniqueProp/TreasureItem/TreasureBox_Fantasy_2
135181,Adventure/Prefab/UniqueProp/TreasureItem/TreasureBox_Fantasy_1
135182,Adventure/Prefab/UniqueProp/TreasureItem/TreasureBox_Fantasy_2
135183,Adventure/Prefab/UniqueProp/TreasureItem/TreasureBox_Fantasy_2
135184,Adventure/Prefab/UniqueProp/TreasureItem/TreasureBox_Fantasy_1
135185,Adventure/Prefab/UniqueProp/TreasureItem/TreasureBox_Fantasy_2
135186,Adventure/Prefab/UniqueProp/TreasureItem/TreasureBox_Fantasy_1
135187,Adventure/Prefab/UniqueProp/TreasureItem/TreasureBox_Fantasy_2
135188,Adventure/Prefab/UniqueProp/TreasureItem/TreasureBox_Fantasy_1
135189,Adventure/Prefab/UniqueProp/TreasureItem/TreasureBox_Fantasy_1
135190,Adventure/Prefab/UniqueProp/TreasureItem/TreasureBox_Fantasy_2
135191,Adventure/Prefab/UniqueProp/TreasureItem/TreasureBox_Fantasy_1
135192,Adventure/Prefab/UniqueProp/TreasureItem/TreasureBox_Fantasy_1
135193,Adventure/Prefab/UniqueProp/TreasureItem/TreasureBox_Fantasy_1
135194,Adventure/Prefab/UniqueProp/TreasureItem/TreasureBox_Fantasy_2
135195,Adventure/Prefab/UniqueProp/TreasureItem/TreasureBox_Fantasy_1
135196,Adventure/Prefab/UniqueProp/TreasureItem/TreasureBox_Fantasy_2
135197,Adventure/Prefab/UniqueProp/TreasureItem/TreasureBox_Fantasy_2
135198,Adventure/Prefab/UniqueProp/TreasureItem/TreasureBox_Fantasy_2
135199,Adventure/Prefab/UniqueProp/TreasureItem/TreasureBox_Fantasy_1
135200,Adventure/Prefab/UniqueProp/TreasureItem/TreasureBox_Fantasy_1
135201,Adventure/Prefab/UniqueProp/TreasureItem/TreasureBox_Fantasy_1
135202,Adventure/Prefab/UniqueProp/TreasureItem/TreasureBox_Fantasy_1
135203,Adventure/Prefab/UniqueProp/TreasureItem/TreasureBox_Fantasy_1
135204,Adventure/Prefab/UniqueProp/TreasureItem/TreasureBox_Fantasy_2
135205,Adventure/Prefab/UniqueProp/TreasureItem/TreasureBox_Fantasy_2
135206,Adventure/Prefab/UniqueProp/TreasureItem/TreasureBox_Fantasy_1
135207,Adventure/Prefab/UniqueProp/TreasureItem/TreasureBox_Fantasy_1
135208,Adventure/Prefab/UniqueProp/TreasureItem/TreasureBox_Fantasy_1
135209,Adventure/Prefab/UniqueProp/TreasureItem/TreasureBox_Fantasy_1
135210,Adventure/Prefab/UniqueProp/TreasureItem/TreasureBox_Fantasy_1
135211,Adventure/Prefab/UniqueProp/TreasureItem/TreasureBox_Fantasy_1
135212,Adventure/Prefab/UniqueProp/TreasureItem/TreasureBox_Fantasy_1
135213,Adventure/Prefab/UniqueProp/TreasureItem/TreasureBox_Fantasy_2
135214,Adventure/Prefab/UniqueProp/TreasureItem/TreasureBox_Fantasy_1
135215,Adventure/Prefab/UniqueProp/TreasureItem/TreasureBox_Fantasy_1
135216,Adventure/Prefab/UniqueProp/TreasureItem/TreasureBox_Fantasy_1
135217,Adventure/Prefab/UniqueProp/TreasureItem/TreasureBox_Fantasy_1
135218,Adventure/Prefab/UniqueProp/TreasureItem/TreasureBox_Fantasy_1
135219,Adventure/Prefab/UniqueProp/TreasureItem/TreasureBox_Fantasy_2
135220,Adventure/Prefab/UniqueProp/TreasureItem/TreasureBox_Fantasy_2
135221,Adventure/Prefab/UniqueProp/TreasureItem/TreasureBox_Fantasy_1
135222,Adventure/Prefab/UniqueProp/TreasureItem/TreasureBox_Fantasy_1
135223,Adventure/Prefab/UniqueProp/TreasureItem/TreasureBox_Fantasy_2
135224,Adventure/Prefab/UniqueProp/TreasureItem/TreasureBox_Fantasy_1
135225,Adventure/Prefab/UniqueProp/TreasureItem/TreasureBox_Fantasy_1
135226,Adventure/Prefab/UniqueProp/TreasureItem/TreasureBox_Fantasy_2
135227,Adventure/Prefab/UniqueProp/TreasureItem/TreasureBox_Fantasy_2
135228,Adventure/Prefab/UniqueProp/TreasureItem/TreasureBox_Fantasy_1
135229,Adventure/Prefab/UniqueProp/TreasureItem/TreasureBox_Fantasy_1
135230,Adventure/Prefab/UniqueProp/TreasureItem/TreasureBox_Fantasy_1
135231,Adventure/Prefab/UniqueProp/TreasureItem/TreasureBox_Fantasy_2
135232,Adventure/Prefab/UniqueProp/TreasureItem/TreasureBox_Fantasy_2
135233,Adventure/Prefab/UniqueProp/TreasureItem/TreasureBox_Fantasy_2
135234,Adventure/Prefab/UniqueProp/TreasureItem/TreasureBox_Fantasy_1
135235,Adventure/Prefab/UniqueProp/TreasureItem/TreasureBox_Fantasy_1
135236,Adventure/Prefab/UniqueProp/TreasureItem/TreasureBox_Fantasy_2
135237,Adventure/Prefab/UniqueProp/TreasureItem/TreasureBox_Fantasy_1
135238,Adventure/Prefab/UniqueProp/TreasureItem/TreasureBox_Fantasy_1
135239,Adventure/Prefab/UniqueProp/TreasureItem/TreasureBox_Fantasy_1
135240,Adventure/Prefab/UniqueProp/TreasureItem/TreasureBox_Fantasy_1
135241,Adventure/Prefab/UniqueProp/TreasureItem/TreasureBox_Fantasy_2
135242,Adventure/Prefab/UniqueProp/TreasureItem/TreasureBox_Fantasy_2
135243,Adventure/Prefab/UniqueProp/TreasureItem/TreasureBox_Fantasy_2
135244,Adventure/Prefab/UniqueProp/TreasureItem/TreasureBox_Fantasy_2
135245,Adventure/Prefab/UniqueProp/TreasureItem/TreasureBox_Fantasy_2
135246,Adventure/Prefab/UniqueProp/TreasureItem/TreasureBox_Fantasy_2
135247,Adventure/Prefab/UniqueProp/TreasureItem/TreasureBox_Fantasy_1
135248,Adventure/Prefab/UniqueProp/TreasureItem/TreasureBox_Fantasy_1
135249,Adventure/Prefab/UniqueProp/TreasureItem/TreasureBox_Fantasy_2
135250,Adventure/Prefab/UniqueProp/TreasureItem/TreasureBox_Fantasy_1
135251,Adventure/Prefab/UniqueProp/TreasureItem/TreasureBox_Fantasy_1
135252,Adventure/Prefab/UniqueProp/TreasureItem/TreasureBox_Fantasy_1
135253,Adventure/Prefab/UniqueProp/TreasureItem/TreasureBox_Fantasy_2
135254,Adventure/Prefab/UniqueProp/TreasureItem/TreasureBox_Fantasy_2
135255,Adventure/Prefab/UniqueProp/TreasureItem/TreasureBox_Fantasy_2
135256,Adventure/Prefab/UniqueProp/TreasureItem/TreasureBox_Fantasy_1
135257,Adventure/Prefab/UniqueProp/TreasureItem/TreasureBox_Fantasy_1
135258,Adventure/Prefab/UniqueProp/TreasureItem/TreasureBox_Fantasy_1
135259,Adventure/Prefab/UniqueProp/TreasureItem/TreasureBox_Fantasy_2
135260,Adventure/Prefab/UniqueProp/TreasureItem/TreasureBox_Fantasy_2
135261,Adventure/Prefab/UniqueProp/TreasureItem/TreasureBox_Fantasy_2
135262,Adventure/Prefab/UniqueProp/TreasureItem/TreasureBox_Fantasy_1
135263,Adventure/Prefab/UniqueProp/TreasureItem/TreasureBox_Fantasy_1
135264,Adventure/Prefab/UniqueProp/TreasureItem/TreasureBox_Fantasy_2
135265,Adventure/Prefab/UniqueProp/TreasureItem/TreasureBox_Fantasy_2
135266,Adventure/Prefab/UniqueProp/TreasureItem/TreasureBox_Fantasy_1
135267,Adventure/Prefab/UniqueProp/TreasureItem/TreasureBox_Fantasy_1
135268,Adventure/Prefab/UniqueProp/TreasureItem/TreasureBox_Fantasy_1
135269,Adventure/Prefab/UniqueProp/TreasureItem/TreasureBox_Fantasy_1
135270,Adventure/Prefab/UniqueProp/TreasureItem/TreasureBox_Fantasy_1
135271,Adventure/Prefab/UniqueProp/TreasureItem/TreasureBox_Fantasy_1
135272,Adventure/Prefab/UniqueProp/TreasureItem/TreasureBox_Fantasy_1
135273,Adventure/Prefab/UniqueProp/TreasureItem/TreasureBox_Fantasy_1
135274,Adventure/Prefab/UniqueProp/TreasureItem/TreasureBox_Fantasy_1
135275,Adventure/Prefab/UniqueProp/TreasureItem/TreasureBox_Fantasy_1
135276,Adventure/Prefab/UniqueProp/TreasureItem/TreasureBox_Fantasy_1
135277,Adventure/Prefab/UniqueProp/TreasureItem/TreasureBox_Fantasy_1
135278,Adventure/Prefab/UniqueProp/TreasureItem/TreasureBox_Fantasy_1
135279,Adventure/Prefab/UniqueProp/TreasureItem/TreasureBox_Fantasy_2
135280,
135281,Adventure/Prefab/UniqueProp/TreasureItem/TreasureBox_Fantasy_2
135282,Adventure/Prefab/UniqueProp/Gimmick/GimmickSwitchDeflectServer
135283,Adventure/Prefab/UniqueProp/TreasureItem/TreasureBox_Fantasy_2
135284,Adventure/Prefab/UniqueProp/Gimmick/GimmickSwitchDeflectServer
135285,Adventure/Prefab/UniqueProp/TreasureItem/TreasureBox_Fantasy_1
135286,Adventure/Prefab/UniqueProp/TreasureItem/TreasureBox_Fantasy_1
135287,Adventure/Prefab/UniqueProp/TreasureItem/TreasureBox_Fantasy_1
135288,Adventure/Prefab/UniqueProp/TreasureItem/TreasureBox_Fantasy_1
135289,Adventure/Prefab/UniqueProp/TreasureItem/TreasureBox_Fantasy_1
135290,Adventure/Prefab/UniqueProp/TreasureItem/TreasureBox_Fantasy_1
135291,Adventure/Prefab/UniqueProp/TreasureItem/TreasureBox_Fantasy_2
135292,
135293,Adventure/Prefab/UniqueProp/TreasureItem/TreasureBox_Fantasy_2
135294,
135295,Adventure/Prefab/UniqueProp/TreasureItem/TreasureBox_Fantasy_2
135296,Adventure/Prefab/UniqueProp/Gimmick/GimmickSwitchDeflectServer
135297,Adventure/Prefab/UniqueProp/TreasureItem/TreasureBox_Fantasy_2
135298,Adventure/Prefab/UniqueProp/Gimmick/GimmickSwitchDeflectServer
135299,Adventure/Prefab/UniqueProp/TreasureItem/TreasureBox_Fantasy_2
135300,Adventure/Prefab/UniqueProp/Gimmick/GimmickSwitchDeflectServer
135301,Adventure/Prefab/UniqueProp/TreasureItem/TreasureBox_Fantasy_1
135302,Adventure/Prefab/UniqueProp/TreasureItem/TreasureBox_Fantasy_3
135303,Adventure/Prefab/UniqueProp/TreasureItem/TreasureBox_Fantasy_1
135304,Adventure/Prefab/UniqueProp/TreasureItem/TreasureBox_Fantasy_1
135305,
135306,Adventure/Prefab/UniqueProp/TreasureItem/TreasureBox_Fantasy_3
135307,Adventure/Prefab/UniqueProp/TreasureItem/TreasureBox_Fantasy_1
135308,Adventure/Prefab/UniqueProp/TreasureItem/TreasureBox_Fantasy_1
135309,Adventure/Prefab/UniqueProp/TreasureItem/TreasureBox_Fantasy_1
135310,Adventure/Prefab/UniqueProp/TreasureItem/TreasureBox_Fantasy_1
135311,
135312,Adventure/Prefab/UniqueProp/TreasureItem/TreasureBox_Fantasy_3
135313,Adventure/Prefab/UniqueProp/TreasureItem/TreasureBox_Fantasy_3
135314,Adventure/Prefab/UniqueProp/TreasureItem/TreasureBox_Fantasy_3
135315,
135316,
135317,
135318,Adventure/Prefab/UniqueProp/TreasureItem/TreasureBox_Fantasy_1
135319,Adventure/Prefab/UniqueProp/TreasureItem/TreasureBox_Fantasy_1
135320,Adventure/Prefab/UniqueProp/TreasureItem/TreasureBox_Fantasy_1
135321,Adventure/Prefab/UniqueProp/TreasureItem/TreasureBox_Fantasy_1
135322,Adventure/Prefab/UniqueProp/TreasureItem/TreasureBox_Fantasy_3
135323,Adventure/Prefab/UniqueProp/TreasureItem/TreasureBox_Fantasy_3
135324,Adventure/Prefab/UniqueProp/TreasureItem/TreasureBox_Fantasy_3
135325,
135326,
135327,
135328,Adventure/Prefab/UniqueProp/TreasureItem/TreasureBox_Fantasy_1
135329,Adventure/Prefab/UniqueProp/TreasureItem/TreasureBox_Fantasy_1
135330,Adventure/Prefab/UniqueProp/TreasureItem/TreasureBox_Fantasy_1
135331,Adventure/Prefab/UniqueProp/TreasureItem/TreasureBox_Fantasy_1
135332,Adventure/Prefab/UniqueProp/TreasureItem/TreasureBox_Fantasy_1
135333,Adventure/Prefab/UniqueProp/TreasureItem/TreasureBox_Fantasy_1
135334,Adventure/Prefab/UniqueProp/TreasureItem/TreasureBox_Fantasy_2
135335,Adventure/Prefab/UniqueProp/TreasureItem/TreasureBox_Fantasy_2
135336,Adventure/Prefab/UniqueProp/TreasureItem/TreasureBox_Fantasy_2
135337,Adventure/Prefab/UniqueProp/TreasureItem/TreasureBox_Fantasy_2
135339,Adventure/Prefab/UniqueProp/TreasureItem/TreasureBox_Fantasy_2
135340,Adventure/Prefab/UniqueProp/TreasureItem/TreasureBox_Fantasy_2
135341,Adventure/Prefab/UniqueProp/TreasureItem/TreasureBox_Fantasy_2
135343,Adventure/Prefab/UniqueProp/TreasureItem/TreasureBox_Fantasy_2
135344,Adventure/Prefab/UniqueProp/TreasureItem/TreasureBox_Fantasy_2
135345,Adventure/Prefab/UniqueProp/TreasureItem/TreasureBox_Fantasy_2
135346,Adventure/Prefab/UniqueProp/TreasureItem/TreasureBox_Fantasy_2
135349,Adventure/Prefab/UniqueProp/TreasureItem/TreasureBox_Fantasy_2
135350,Adventure/Prefab/UniqueProp/TreasureItem/TreasureBox_Fantasy_2
135351,Adventure/Prefab/UniqueProp/TreasureItem/TreasureBox_Fantasy_2
135352,Adventure/Prefab/UniqueProp/TreasureItem/TreasureBox_Fantasy_2
135353,Adventure/Prefab/UniqueProp/TreasureItem/TreasureBox_Fantasy_2
135355,Adventure/Prefab/UniqueProp/TreasureItem/TreasureBox_Fantasy_2
135356,Adventure/Prefab/UniqueProp/TreasureItem/TreasureBox_Fantasy_2
135357,Adventure/Prefab/UniqueProp/TreasureItem/TreasureBox_Fantasy_2
135359,Adventure/Prefab/UniqueProp/TreasureItem/TreasureBox_Fantasy_2
135360,Adventure/Prefab/UniqueProp/TreasureItem/TreasureBox_Fantasy_2
135362,Adventure/Prefab/UniqueProp/TreasureItem/TreasureBox_Fantasy_2
135363,Adventure/Prefab/UniqueProp/TreasureItem/TreasureBox_Fantasy_3
135364,Adventure/Prefab/UniqueProp/TreasureItem/TreasureBox_Fantasy_3
135365,Adventure/Prefab/UniqueProp/TreasureItem/TreasureBox_Fantasy_3
135366,Adventure/Prefab/UniqueProp/TreasureItem/TreasureBox_Fantasy_3
135367,Adventure/Prefab/UniqueProp/TreasureItem/TreasureBox_Fantasy_2
135368,Adventure/Prefab/UniqueProp/TreasureItem/TreasureBox_Fantasy_3
135369,Adventure/Prefab/UniqueProp/TreasureItem/TreasureBox_Fantasy_3
135370,Adventure/Prefab/UniqueProp/TreasureItem/TreasureBox_Fantasy_3
135371,Adventure/Prefab/UniqueProp/TreasureItem/TreasureBox_Fantasy_3
135372,Adventure/Prefab/UniqueProp/TreasureItem/TreasureBox_Fantasy_3
135373,Adventure/Prefab/UniqueProp/TreasureItem/TreasureBox_Fantasy_3
135374,Adventure/Prefab/UniqueProp/TreasureItem/TreasureBox_Fantasy_3
135375,Adventure/Prefab/UniqueProp/TreasureItem/TreasureBox_Fantasy_3
135376,Adventure/Prefab/UniqueProp/TreasureItem/TreasureBox_Fantasy_3
135377,Adventure/Prefab/UniqueProp/TreasureItem/TreasureBox_Fantasy_3
135378,Adventure/Prefab/UniqueProp/TreasureItem/TreasureBox_Fantasy_3
135379,Adventure/Prefab/UniqueProp/TreasureItem/TreasureBox_Fantasy_2
135380,Adventure/Prefab/UniqueProp/TreasureItem/TreasureBox_Fantasy_2
135381,Adventure/Prefab/UniqueProp/TreasureItem/TreasureBox_Fantasy_2
135382,Adventure/Prefab/UniqueProp/TreasureItem/TreasureBox_Fantasy_2
135383,Adventure/Prefab/UniqueProp/TreasureItem/TreasureBox_Fantasy_2
135384,Adventure/Prefab/UniqueProp/TreasureItem/TreasureBox_Fantasy_2
135385,Adventure/Prefab/UniqueProp/TreasureItem/TreasureBox_Fantasy_2
135386,Adventure/Prefab/UniqueProp/TreasureItem/TreasureBox_Fantasy_2
135387,Adventure/Prefab/UniqueProp/TreasureItem/TreasureBox_Fantasy_2
135388,Adventure/Prefab/UniqueProp/TreasureItem/TreasureBox_Fantasy_2
135389,Adventure/Prefab/UniqueProp/TreasureItem/TreasureBox_Fantasy_2
135390,Adventure/Prefab/UniqueProp/TreasureItem/TreasureBox_Fantasy_3
135391,Adventure/Prefab/UniqueProp/TreasureItem/TreasureBox_Fantasy_2
135392,Adventure/Prefab/UniqueProp/TreasureItem/TreasureBox_Fantasy_2
135393,Adventure/Prefab/UniqueProp/TreasureItem/TreasureBox_Fantasy_2
135394,Adventure/Prefab/UniqueProp/TreasureItem/TreasureBox_Fantasy_2
135395,Adventure/Prefab/UniqueProp/TreasureItem/TreasureBox_Fantasy_1
135396,Adventure/Prefab/UniqueProp/TreasureItem/TreasureBox_Fantasy_1
135397,Adventure/Prefab/UniqueProp/TreasureItem/TreasureBox_Fantasy_2
135398,Adventure/Prefab/UniqueProp/TreasureItem/TreasureBox_Fantasy_2
135399,Adventure/Prefab/UniqueProp/TreasureItem/TreasureBox_Fantasy_3
135400,Adventure/Prefab/UniqueProp/TreasureItem/TreasureBox_Fantasy_3
135401,Adventure/Prefab/UniqueProp/TreasureItem/TreasureBox_Fantasy_2
135402,Adventure/Prefab/UniqueProp/TreasureItem/TreasureBox_Fantasy_2
135403,Adventure/Prefab/UniqueProp/TreasureItem/TreasureBox_Fantasy_2
135404,Adventure/Prefab/UniqueProp/TreasureItem/TreasureBox_Fantasy_2
135405,Adventure/Prefab/UniqueProp/TreasureItem/TreasureBox_Fantasy_3
135406,Adventure/Prefab/UniqueProp/TreasureItem/TreasureBox_Fantasy_2
135407,Adventure/Prefab/UniqueProp/TreasureItem/TreasureBox_Fantasy_2
135408,Adventure/Prefab/UniqueProp/TreasureItem/TreasureBox_Fantasy_2
135409,Adventure/Prefab/UniqueProp/TreasureItem/TreasureBox_Fantasy_2
135410,Adventure/Prefab/UniqueProp/TreasureItem/TreasureBox_Fantasy_2
135411,Adventure/Prefab/UniqueProp/TreasureItem/TreasureBox_Fantasy_2
135412,Adventure/Prefab/UniqueProp/TreasureItem/TreasureBox_Fantasy_2
135413,Adventure/Prefab/UniqueProp/TreasureItem/TreasureBox_Fantasy_2
135414,Adventure/Prefab/UniqueProp/TreasureItem/TreasureBox_Fantasy_2
135415,Adventure/Prefab/UniqueProp/TreasureItem/TreasureBox_Fantasy_2
135416,Adventure/Prefab/UniqueProp/TreasureItem/TreasureBox_Fantasy_2
135417,Adventure/Prefab/UniqueProp/TreasureItem/TreasureBox_Fantasy_2
135418,Adventure/Prefab/UniqueProp/TreasureItem/TreasureBox_Fantasy_3
135419,Adventure/Prefab/UniqueProp/TreasureItem/TreasureBox_Fantasy_3
135420,Adventure/Prefab/UniqueProp/TreasureItem/TreasureBox_Fantasy_2
135421,Adventure/Prefab/UniqueProp/TreasureItem/TreasureBox_Fantasy_1
135422,Adventure/Prefab/UniqueProp/TreasureItem/TreasureBox_Fantasy_1
135423,Adventure/Prefab/UniqueProp/TreasureItem/TreasureBox_Fantasy_1
135424,Adventure/Prefab/UniqueProp/TreasureItem/TreasureBox_Fantasy_1
135425,Adventure/Prefab/UniqueProp/TreasureItem/TreasureBox_Fantasy_1
135426,Adventure/Prefab/UniqueProp/TreasureItem/TreasureBox_Fantasy_1
135427,Adventure/Prefab/UniqueProp/TreasureItem/TreasureBox_Fantasy_1
135428,Adventure/Prefab/UniqueProp/TreasureItem/TreasureBox_Fantasy_1
135429,Adventure/Prefab/UniqueProp/TreasureItem/TreasureBox_Fantasy_2
135430,Adventure/Prefab/UniqueProp/TreasureItem/TreasureBox_Fantasy_1
136001,Adventure/Prefab/UniqueProp/TreasureItem/TreasureBox_Fantasy_4
136005,Adventure/Prefab/UniqueProp/TreasureItem/TreasureBox_Fantasy_4
136006,Adventure/Prefab/UniqueProp/TreasureItem/TreasureKey
136007,Adventure/Prefab/UniqueProp/TreasureItem/TreasureKey
136008,Adventure/Prefab/UniqueProp/TreasureItem/TreasureBox_Fantasy_4
136009,Adventure/Prefab/UniqueProp/TreasureItem/TreasureBox_Fantasy_4
138001,
138003,
138004,Adventure/Prefab/UniqueProp/Gimmick/GimmickSwitchDeflectServer
138005,Adventure/Prefab/UniqueProp/Gimmick/GimmickSwitchDeflectServer
138006,Adventure/Prefab/UniqueProp/Gimmick/GimmickSwitchDeflectServer
138008,
138010,Adventure/Prefab/UniqueProp/Gimmick/GimmickSwitchDeflectServer
138011,
138013,
138015,
138017,
138019,Adventure/Prefab/UniqueProp/Gimmick/GimmickSwitchDeflectServer
138020,
138024,Adventure/Prefab/UniqueProp/Gimmick/GimmickSwitchDeflectServer
138025,Adventure/Prefab/UniqueProp/Gimmick/GimmickSwitchDeflectServer
138026,Adventure/Prefab/UniqueProp/Gimmick/GimmickSwitchDeflectServer
138027,
138028,Adventure/Prefab/UniqueProp/Gimmick/GimmickSwitchElectricRebone
138029,Adventure/Prefab/UniqueProp/Gimmick/GimmickWall_ErectricOpen
138030,Adventure/Prefab/UniqueProp/Gimmick/GimmickSwitchElectricRebone
138031,Adventure/Prefab/UniqueProp/Gimmick/GimmickWall_ErectricOpen
138032,Adventure/Prefab/UniqueProp/Gimmick/GimmickSwitchDeflectServer
138033,Adventure/Prefab/UniqueProp/Gimmick/MinatoShortcutGimmickObject
138034,Adventure/Prefab/UniqueProp/Gimmick/GimmickSwitchDeflectServer
138035,Adventure/Prefab/UniqueProp/Gimmick/GimmickWall
138036,Adventure/Prefab/UniqueProp/Gimmick/GimmickWall
138037,Adventure/Prefab/UniqueProp/Gimmick/GimmickSwitchElectricRebone
138038,
138040,Adventure/Prefab/UniqueProp/Gimmick/GimmickSwitchDeflectServer
138042,
138044,
138046,Adventure/Prefab/UniqueProp/Gimmick/GimmickSwitchDeflectServer
138047,Adventure/Prefab/UniqueProp/Gimmick/GimmickSwitchDeflectServer
138048,
138051,Adventure/Prefab/UniqueProp/Gimmick/GimmickSwitchDeflectServer
138054,
138057,
138058,Adventure/Prefab/UniqueProp/Gimmick/GimmickSwitchDeflectServer
138059,Adventure/Prefab/UniqueProp/Gimmick/GimmickSwitchDeflectServer
138060,Adventure/Prefab/UniqueProp/Gimmick/GimmickSwitchDeflectServer
138061,
138062,
138063,
138064,
138065,
138066,Adventure/Prefab/UniqueProp/Gimmick/GimmickSwitchDeflectServer
138067,Adventure/Prefab/UniqueProp/Gimmick/MinatoShortcutGimmickObject
138069,Adventure/Prefab/UniqueProp/Gimmick/AreaObjectInvisibleWall_X3
138070,Adventure/Prefab/UniqueProp/Gimmick/AreaObjectInvisibleWall_X3
138071,Adventure/Prefab/UniqueProp/Gimmick/AreaObjectInvisibleWall_X
138073,Adventure/Prefab/UniqueProp/Character/CompositeDotView2574001EliteEnemy
138074,Adventure/Prefab/UniqueProp/Character/CompositeDotView2501001EliteEnemy
138075,Adventure/Prefab/UniqueProp/Character/CompositeDotView2521001EliteEnemy
138076,Adventure/Prefab/UniqueProp/Gimmick/GimmickSubwayGate_num43_close
138077,Adventure/Prefab/UniqueProp/Gimmick/GimmickSubwayGate_open
138078,Adventure/Prefab/UniqueProp/Gimmick/GimmickSwitchDeflectServer
138079,Adventure/Prefab/UniqueProp/Gimmick/MinatoShortcutGimmickObject
138094,Adventure/Prefab/UniqueProp/Gimmick/GimmickSwitch_City00_PowerRepair
138095,Adventure/Prefab/UniqueProp/Gimmick/GimmickSwitch_City00_PowerRepair
138097,Adventure/Prefab/UniqueProp/Gimmick/GimmickSwitch_City00_PowerRepair
138098,Adventure/Prefab/UniqueProp/Gimmick/GimmickSwitchDeflectServer
138099,
138102,
138104,Adventure/Prefab/UniqueProp/Gimmick/GimmickSwitchDeflectServer
138105,
138108,Adventure/Prefab/UniqueProp/Gimmick/GimmickSwitchDeflectServer
138109,
138111,Adventure/Prefab/UniqueProp/Gimmick/GimmickWall_ErectricOpen
138112,Adventure/Prefab/UniqueProp/Gimmick/GimmickSwitchElectricRebone
138113,Adventure/Prefab/UniqueProp/Gimmick/GimmickWall_ErectricOpen
138114,Adventure/Prefab/UniqueProp/Gimmick/GimmickSwitchElectricRebone
138115,Adventure/Prefab/UniqueProp/Gimmick/MinatoShortcutGimmickObject
138116,Adventure/Prefab/UniqueProp/Gimmick/GimmickSwitchDeflectServer
138119,Adventure/Prefab/UniqueProp/Gimmick/GimmickSwitch_City00_PowerRepair
138120,
138122,Adventure/Prefab/UniqueProp/Gimmick/GimmickSwitchDeflectServer
138123,Adventure/Prefab/UniqueProp/Gimmick/GimmickSwitchDeflectServer
138124,Adventure/Prefab/UniqueProp/Gimmick/GimmickSwitchDeflectServer
138125,
138128,
138130,
138132,
138135,Adventure/Prefab/UniqueProp/Gimmick/GimmickSwitchDeflectServer
138136,Adventure/Prefab/UniqueProp/Gimmick/GimmickSwitchDeflectServer
138138,
138141,
138142,Adventure/Prefab/UniqueProp/Gimmick/GimmickSwitchDeflectServer
138143,
138146,
138147,Adventure/Prefab/UniqueProp/Gimmick/GimmickSwitchDeflectServer
138149,
138150,Adventure/Prefab/UniqueProp/Gimmick/GimmickSwitchDeflectServer
138151,
138156,
138159,Adventure/Prefab/UniqueProp/Gimmick/MinatoShortcutGimmickObject
138160,Adventure/Prefab/UniqueProp/Gimmick/GimmickSwitchDeflectServer
138161,Adventure/Prefab/UniqueProp/Gimmick/MinatoShortcutGimmickObject
138162,Adventure/Prefab/UniqueProp/Gimmick/GimmickSwitchDeflectServer
138163,Adventure/Prefab/UniqueProp/Gimmick/MinatoShortcutGimmickObject
138164,Adventure/Prefab/UniqueProp/Gimmick/GimmickSwitchDeflectServer
138165,Adventure/Prefab/UniqueProp/Gimmick/GimmickWall_ErectricOpen
138166,Adventure/Prefab/UniqueProp/Gimmick/GimmickSwitchElectricRebone
138167,Adventure/Prefab/UniqueProp/Gimmick/MinatoShortcutGimmickObject
138168,Adventure/Prefab/UniqueProp/Gimmick/GimmickSwitchDeflectServer
138171,Adventure/Prefab/UniqueProp/Gimmick/GimmickWall_ErectricOpen
138172,Adventure/Prefab/UniqueProp/Gimmick/GimmickSwitchElectricRebone
138173,Adventure/Prefab/UniqueProp/Gimmick/GimmickWall_ErectricOpen
138174,Adventure/Prefab/UniqueProp/Gimmick/GimmickSwitchElectricRebone
138185,
138188,Adventure/Prefab/UniqueProp/Gimmick/GimmickSwitchElectricRebone
138189,Adventure/Prefab/UniqueProp/Gimmick/GimmickWall_ErectricOpen
138190,Adventure/Prefab/UniqueProp/Gimmick/Gimmick_TempleGearStand_Right
138191,Adventure/Prefab/UniqueProp/Gimmick/Gimmick_TempleBridge_X
138192,Adventure/Prefab/UniqueProp/Gimmick/Gimmick_TempleBridge_X
138193,Adventure/Prefab/UniqueProp/Gimmick/Gimmick_TempleGearStand_Left
138194,Adventure/Prefab/UniqueProp/Gimmick/Gimmick_TempleBridge_Z
138195,Adventure/Prefab/UniqueProp/Gimmick/Gimmick_TempleBridge_Z
138196,Adventure/Prefab/UniqueProp/Gimmick/Gimmick_TempleGearStand_Right
138197,Adventure/Prefab/UniqueProp/Gimmick/Gimmick_TempleGearStand_Right
138198,Adventure/Prefab/UniqueProp/Gimmick/Gimmick_TempleBridge_X
138199,Adventure/Prefab/UniqueProp/Gimmick/Gimmick_TempleBridge_Z
138200,Adventure/Prefab/UniqueProp/Gimmick/Gimmick_TempleGearStand_Right
138201,Adventure/Prefab/UniqueProp/Gimmick/Gimmick_TempleBridge_X
138202,Adventure/Prefab/UniqueProp/Gimmick/Gimmick_TempleBridge_X
138203,Adventure/Prefab/UniqueProp/Gimmick/Gimmick_TempleGearStand_Right
138204,Adventure/Prefab/UniqueProp/Gimmick/Gimmick_TempleBridge_X
138205,Adventure/Prefab/UniqueProp/Gimmick/Gimmick_TempleBridge_X
138206,Adventure/Prefab/UniqueProp/Gimmick/Gimmick_TempleGearStand_Right
138207,Adventure/Prefab/UniqueProp/Gimmick/Gimmick_TempleBridge_X
138208,Adventure/Prefab/UniqueProp/Gimmick/Gimmick_TempleBridge_Z
138209,Adventure/Prefab/UniqueProp/Gimmick/GimmickSwitchTempleBell
138210,Adventure/Prefab/UniqueProp/Gimmick/GimmickShibaTemplePier_Straight
138211,Adventure/Prefab/UniqueProp/Gimmick/GimmickSwitchElectricRebone
138212,Adventure/Prefab/UniqueProp/Gimmick/GimmickWall_ErectricOpen
138215,Adventure/Prefab/UniqueProp/Gimmick/GimmickSwitchElectricRebone
138216,Adventure/Prefab/UniqueProp/Gimmick/GimmickWall_ErectricOpen
138217,Adventure/Prefab/UniqueProp/Gimmick/GimmickSwitchElectricRebone
138218,Adventure/Prefab/UniqueProp/Gimmick/GimmickWall_ErectricOpenScale
138221,Adventure/Prefab/UniqueProp/Gimmick/GimmickFlowerMarkWall_num43_Close
138222,Adventure/Prefab/UniqueProp/Gimmick/GimmickFlowerMarkWall_Open
138223,Adventure/Prefab/UniqueProp/Gimmick/GimmickFlowerMarkWall_num70_Close
138224,Adventure/Prefab/UniqueProp/Gimmick/GimmickFlowerMarkWall_Open
138225,Adventure/Prefab/UniqueProp/Gimmick/GimmickFlowerMarkWall_num71_Close
138226,Adventure/Prefab/UniqueProp/Gimmick/GimmickFlowerMarkWall_Open
138227,Adventure/Prefab/UniqueProp/Gimmick/GimmickSwitchElectricRebone
138228,Adventure/Prefab/UniqueProp/Gimmick/GimmickWall_ErectricOpen
138229,Adventure/Prefab/UniqueProp/Gimmick/GimmickSubwayGate_close
138230,Adventure/Prefab/UniqueProp/Gimmick/GimmickFlowerMarkWall_num43_Close
138231,Adventure/Prefab/UniqueProp/Gimmick/GimmickFlowerMarkWall_Open
138232,Adventure/Prefab/UniqueProp/Gimmick/GimmickFlowerMarkWall_num71_Close
138233,Adventure/Prefab/UniqueProp/Gimmick/GimmickFlowerMarkWall_Open
138240,Adventure/Prefab/UniqueProp/Gimmick/GimmickSubwayGate_close
138241,Adventure/Prefab/UniqueProp/Gimmick/GimmickSubwayGate_open
139002,Adventure/Prefab/UniqueProp/Character/CompositeDotView5005001
139003,Adventure/Prefab/UniqueProp/Character/CompositeDotView5009001
139004,Adventure/Prefab/UniqueProp/Character/CompositeDotView5010001
139005,Adventure/Prefab/UniqueProp/Character/CompositeDotView5003001
139006,Adventure/Prefab/UniqueProp/Character/CompositeDotView5007001
139007,Adventure/Prefab/UniqueProp/Character/CompositeDotView5006001
139008,Adventure/Prefab/UniqueProp/Character/CompositeDotView5012001
139009,Adventure/Prefab/UniqueProp/Character/CompositeDotView5011001
139010,Adventure/Prefab/UniqueProp/Character/CompositeDotView5013001
139011,Adventure/Prefab/UniqueProp/Character/CompositeDotView5008001
139101,Adventure/Prefab/UniqueProp/ActivityPoint/ActivityPoint
139105,Adventure/Prefab/UniqueProp/ActivityPoint/ActivityPoint
139106,Adventure/Prefab/UniqueProp/ActivityPoint/ActivityPoint
139109,Adventure/Prefab/UniqueProp/ActivityPoint/ActivityPoint
139112,Adventure/Prefab/UniqueProp/ActivityPoint/ActivityPoint
139113,Adventure/Prefab/UniqueProp/ActivityPoint/ActivityPoint
139116,Adventure/Prefab/UniqueProp/ActivityPoint/ActivityPoint
139117,Adventure/Prefab/UniqueProp/ActivityPoint/ActivityPoint
139118,Adventure/Prefab/UniqueProp/ActivityPoint/ActivityPoint
139119,Adventure/Prefab/UniqueProp/ActivityPoint/ActivityPoint
139121,Adventure/Prefab/UniqueProp/ActivityPoint/ActivityPoint
139122,Adventure/Prefab/UniqueProp/ActivityPoint/ActivityPoint
139123,Adventure/Prefab/UniqueProp/ActivityPoint/ActivityPoint
139124,Adventure/Prefab/UniqueProp/ActivityPoint/ActivityPoint
139201,Adventure/Prefab/UniqueProp/ActivityPoint/ActivityPointDungeon
139202,Adventure/Prefab/UniqueProp/ActivityPoint/ActivityPointDungeon
139204,Adventure/Prefab/UniqueProp/FieldBoss/FieldBossObject2602001
139205,Adventure/Prefab/UniqueProp/ActivityPoint/ActivityPointDungeon
139206,Adventure/Prefab/UniqueProp/ActivityPoint/ActivityPointDungeon
139207,Adventure/Prefab/UniqueProp/ActivityPoint/ActivityPointDungeon
139502,
139506,
139507,
139508,
139509,
139510,
139511,
139514,
139901,Adventure/Prefab/UniqueProp/ChallengeObject/SequenceInvisibleObject
139902,
139903,
139904,
139905,
139906,
139907,
139908,
139909,
139910,
140001,Adventure/Prefab/UniqueProp/Character/CompositeDotView2511004
140002,Adventure/Prefab/UniqueProp/Character/CompositeDotView2511004
140003,Adventure/Prefab/UniqueProp/Character/CompositeDotView2511004
140004,Adventure/Prefab/UniqueProp/Character/CompositeDotView4032001
140005,Adventure/Prefab/UniqueProp/Character/CompositeDotView4032001
140006,Adventure/Prefab/UniqueProp/Character/CompositeDotView4032001
140007,Adventure/Prefab/UniqueProp/Character/CompositeDotView4032001
140008,Adventure/Prefab/UniqueProp/Character/CompositeDotView4032001
140009,Adventure/Prefab/UniqueProp/Character/CompositeDotView4032001
140010,Adventure/Prefab/UniqueProp/ChallengeObject/Object_CardBoard
140011,Adventure/Prefab/UniqueProp/ChallengeObject/Object_CardBoard
140012,Adventure/Prefab/UniqueProp/ChallengeObject/Object_CardBoard
140013,Adventure/Prefab/UniqueProp/ChallengeObject/Object_CardBoard
140014,Adventure/Prefab/UniqueProp/ChallengeObject/Object_CardBoard
140015,Adventure/Prefab/UniqueProp/ChallengeObject/Object_CardBoard
140016,Adventure/Prefab/UniqueProp/ChallengeObject/Object_KeyHolder
140017,Adventure/Prefab/UniqueProp/ChallengeObject/Object_KeyHolder
140018,Adventure/Prefab/UniqueProp/Character/CompositeDotView4003001
140019,Adventure/Prefab/UniqueProp/ChallengeObject/Object_KeyHolder
140020,Adventure/Prefab/UniqueProp/ChallengeObject/Object_KeyHolder
140021,Adventure/Prefab/UniqueProp/Character/CompositeDotView4032001
140022,Adventure/Prefab/UniqueProp/ChallengeObject/Object_KeyHolder
140023,Adventure/Prefab/UniqueProp/ChallengeObject/Object_KeyHolder
140024,Adventure/Prefab/UniqueProp/Character/CompositeDotView4010001
140025,Adventure/Prefab/UniqueProp/Character/CompositeDotView4026001
140026,Adventure/Prefab/UniqueProp/ChallengeObject/Object_JunkItem
140027,Adventure/Prefab/UniqueProp/Character/CompositeDotView4028001
140028,Adventure/Prefab/UniqueProp/ChallengeObject/Object_Photograph
140029,Adventure/Prefab/UniqueProp/Character/CompositeDotView4025001
140030,Adventure/Prefab/UniqueProp/Character/CompositeDotView2013001
140031,Adventure/Prefab/UniqueProp/Character/CompositeDotView4030001
140032,Adventure/Prefab/UniqueProp/Character/CompositeDotView4026001
140033,Adventure/Prefab/UniqueProp/Character/CompositeDotView4029001
140034,Adventure/Prefab/UniqueProp/Character/CompositeDotView4032001
140035,Adventure/Prefab/UniqueProp/Character/CompositeDotView4025001
140036,Adventure/Prefab/UniqueProp/Character/CompositeDotView4014001
140037,Adventure/Prefab/UniqueProp/Character/CompositeDotView4029001
140038,Adventure/Prefab/UniqueProp/ChallengeObject/Object_HDD
140039,Adventure/Prefab/UniqueProp/ChallengeObject/Object_PC
140040,Adventure/Prefab/UniqueProp/Character/CompositeDotView4012001
140041,Adventure/Prefab/UniqueProp/Character/CompositeDotView4021001
140042,Adventure/Prefab/UniqueProp/Character/CompositeDotView4026001
140043,Adventure/Prefab/UniqueProp/Character/CompositeDotView4029001
140044,Adventure/Prefab/UniqueProp/Character/CompositeDotView4027001
140045,Adventure/Prefab/UniqueProp/Character/CompositeDotView4025001
140046,Adventure/Prefab/UniqueProp/Character/CompositeDotView3018001
140047,Adventure/Prefab/UniqueProp/Character/CompositeDotView4022001
140048,Adventure/Prefab/UniqueProp/Character/CompositeDotView4004001
140049,Adventure/Prefab/UniqueProp/Character/CompositeDotView4003001
140050,Adventure/Prefab/UniqueProp/Character/CompositeDotView4002001
140051,Adventure/Prefab/UniqueProp/Character/CompositeDotView4020001
140052,Adventure/Prefab/UniqueProp/Character/CompositeDotView4023001
140053,Adventure/Prefab/UniqueProp/Character/CompositeDotView2013001
140054,Adventure/Prefab/UniqueProp/Character/CompositeDotView3018001
140055,Adventure/Prefab/UniqueProp/Character/CompositeDotView4020001
140056,Adventure/Prefab/UniqueProp/Character/CompositeDotView4028001
140057,Adventure/Prefab/UniqueProp/Character/CompositeDotView3019001
140058,Adventure/Prefab/UniqueProp/Character/CompositeDotView2501001
140059,Adventure/Prefab/UniqueProp/Character/CompositeDotView2501001
140060,Adventure/Prefab/UniqueProp/Character/CompositeDotView3016001
140061,Adventure/Prefab/UniqueProp/Character/CompositeDotView4026001
140062,Adventure/Prefab/UniqueProp/Character/CompositeDotView2011001
140063,Adventure/Prefab/UniqueProp/Character/CompositeDotView3013001
140064,Adventure/Prefab/UniqueProp/Character/CompositeDotView4008001
140065,Adventure/Prefab/UniqueProp/Character/CompositeDotView3013001
140066,Adventure/Prefab/UniqueProp/Character/CompositeDotView4010001
140067,Adventure/Prefab/UniqueProp/Character/CompositeDotView3013001
140068,Adventure/Prefab/UniqueProp/Character/CompositeDotView4024001
140069,Adventure/Prefab/UniqueProp/Character/CompositeDotView3002001
140070,Adventure/Prefab/UniqueProp/Character/CompositeDotView3003001
140071,Adventure/Prefab/UniqueProp/Character/CompositeDotView3002001
140072,Adventure/Prefab/UniqueProp/Character/CompositeDotView3003001
140073,Adventure/Prefab/UniqueProp/Character/CompositeDotView4020001
140074,Adventure/Prefab/UniqueProp/Character/CompositeDotView4021001
140075,Adventure/Prefab/UniqueProp/Character/CompositeDotView3006001
140076,Adventure/Prefab/UniqueProp/Character/CompositeDotView4002001
140077,Adventure/Prefab/UniqueProp/Character/CompositeDotView3006001
140078,Adventure/Prefab/UniqueProp/Character/CompositeDotView4018001
140079,Adventure/Prefab/UniqueProp/Character/CompositeDotView3010001
140080,Adventure/Prefab/UniqueProp/Character/CompositeDotView2501001
140081,Adventure/Prefab/UniqueProp/Character/CompositeDotView2501001
140082,Adventure/Prefab/UniqueProp/Character/CompositeDotView3010001
140083,Adventure/Prefab/UniqueProp/Character/CompositeDotView2501001
140084,Adventure/Prefab/UniqueProp/Character/CompositeDotView2501001
140085,Adventure/Prefab/UniqueProp/Character/CompositeDotView3011001
140086,Adventure/Prefab/UniqueProp/Character/CompositeDotView4032001
140087,Adventure/Prefab/UniqueProp/Character/CompositeDotView4032001
140088,Adventure/Prefab/UniqueProp/Character/CompositeDotView4032001
140089,Adventure/Prefab/UniqueProp/Character/CompositeDotView3011001
140090,Adventure/Prefab/UniqueProp/Character/CompositeDotView4025001
140091,Adventure/Prefab/UniqueProp/Character/CompositeDotView4022001
140092,Adventure/Prefab/UniqueProp/Character/CompositeDotView4023001
140093,Adventure/Prefab/UniqueProp/Character/CompositeDotView3001001
140094,Adventure/Prefab/UniqueProp/Character/CompositeDotView4007001
140095,Adventure/Prefab/UniqueProp/Character/CompositeDotView3001001
140096,Adventure/Prefab/UniqueProp/Character/CompositeDotView4006001
140097,Adventure/Prefab/UniqueProp/Character/CompositeDotView3001001
140098,Adventure/Prefab/UniqueProp/Character/CompositeDotView4032001
140099,Adventure/Prefab/UniqueProp/Character/CompositeDotView3012001
140100,Adventure/Prefab/UniqueProp/Character/CompositeDotView4030001
140101,Adventure/Prefab/UniqueProp/Character/CompositeDotView4030001
140102,Adventure/Prefab/UniqueProp/Character/CompositeDotView2011001
140103,Adventure/Prefab/UniqueProp/Character/CompositeDotView2011001
140104,Adventure/Prefab/UniqueProp/Character/CompositeDotView4022001
140105,Adventure/Prefab/UniqueProp/Character/CompositeDotView4022001
140106,Adventure/Prefab/UniqueProp/Character/CompositeDotView2011001
140107,Adventure/Prefab/UniqueProp/Character/CompositeDotView2011001
140108,Adventure/Prefab/UniqueProp/Character/CompositeDotView3017001
140109,Adventure/Prefab/UniqueProp/Character/CompositeDotView2013001
140110,Adventure/Prefab/UniqueProp/Character/CompositeDotView2013001
140111,Adventure/Prefab/UniqueProp/Character/CompositeDotView3017001
140112,Adventure/Prefab/UniqueProp/Character/CompositeDotView4018001
140113,Adventure/Prefab/UniqueProp/Character/CompositeDotView2011001
140114,Adventure/Prefab/UniqueProp/Character/CompositeDotView3019001
140115,Adventure/Prefab/UniqueProp/Character/CompositeDotView4020001
140116,Adventure/Prefab/UniqueProp/Character/CompositeDotView1030001
140117,Adventure/Prefab/UniqueProp/Character/CompositeDotView4012001
140118,Adventure/Prefab/UniqueProp/Character/CompositeDotView2013002
140119,Adventure/Prefab/UniqueProp/Character/CompositeDotView4014001
140120,Adventure/Prefab/UniqueProp/Character/CompositeDotView4012001
140121,Adventure/Prefab/UniqueProp/Character/CompositeDotView2011001
140122,Adventure/Prefab/UniqueProp/Character/CompositeDotView4029001
140123,Adventure/Prefab/UniqueProp/Character/CompositeDotView3005001
140124,Adventure/Prefab/UniqueProp/Character/CompositeDotView3004001
140125,Adventure/Prefab/UniqueProp/Character/CompositeDotView3005001
140126,Adventure/Prefab/UniqueProp/Character/CompositeDotView3004001
140127,Adventure/Prefab/UniqueProp/ChallengeObject/Object_RoseRed
140128,Adventure/Prefab/UniqueProp/ChallengeObject/Object_RoseRed
140129,Adventure/Prefab/UniqueProp/ChallengeObject/Object_RoseRed
140130,Adventure/Prefab/UniqueProp/ChallengeObject/Object_RoseRed
140131,Adventure/Prefab/UniqueProp/ChallengeObject/Object_RoseRed
140132,Adventure/Prefab/UniqueProp/ChallengeObject/Object_RoseRed
140133,Adventure/Prefab/UniqueProp/ChallengeObject/Object_RoseRed
140134,Adventure/Prefab/UniqueProp/ChallengeObject/Object_RoseSkyblue
140135,Adventure/Prefab/UniqueProp/ChallengeObject/Object_RoseRed
140136,Adventure/Prefab/UniqueProp/ChallengeObject/Object_RoseRed
140137,Adventure/Prefab/UniqueProp/ChallengeObject/Object_RoseRed
140138,Adventure/Prefab/UniqueProp/ChallengeObject/Object_RoseRed
140139,Adventure/Prefab/UniqueProp/ChallengeObject/Object_RoseRed
140140,Adventure/Prefab/UniqueProp/ChallengeObject/Object_RoseRed
140141,Adventure/Prefab/UniqueProp/ChallengeObject/Object_RoseRed
140142,Adventure/Prefab/UniqueProp/ChallengeObject/Object_RoseRed
140143,Adventure/Prefab/UniqueProp/ChallengeObject/Object_RoseRed
140144,Adventure/Prefab/UniqueProp/ChallengeObject/Object_RoseRed
140145,Adventure/Prefab/UniqueProp/ChallengeObject/Object_RoseRed
140146,Adventure/Prefab/UniqueProp/ChallengeObject/Object_RoseRed
140147,Adventure/Prefab/UniqueProp/ChallengeObject/Object_RoseRed
140148,Adventure/Prefab/UniqueProp/ChallengeObject/Object_RoseRed
140149,Adventure/Prefab/UniqueProp/ChallengeObject/Object_RoseRed
140150,Adventure/Prefab/UniqueProp/ChallengeObject/Object_RoseRed
140151,Adventure/Prefab/UniqueProp/ChallengeObject/Object_RoseRed
140152,Adventure/Prefab/UniqueProp/ChallengeObject/Object_RoseRed
140153,Adventure/Prefab/UniqueProp/ChallengeObject/Object_RoseRed
140154,Adventure/Prefab/UniqueProp/ChallengeObject/Object_RoseRed
140155,Adventure/Prefab/UniqueProp/ChallengeObject/Object_RoseRed
140156,Adventure/Prefab/UniqueProp/ChallengeObject/Object_RoseRed
140157,Adventure/Prefab/UniqueProp/ChallengeObject/Object_RoseSkyblue
140158,Adventure/Prefab/UniqueProp/ChallengeObject/Object_RoseRed
140159,Adventure/Prefab/UniqueProp/ChallengeObject/Object_RoseRed
140160,Adventure/Prefab/UniqueProp/ChallengeObject/Object_RoseRed
140161,Adventure/Prefab/UniqueProp/ChallengeObject/Object_RoseRed
140162,Adventure/Prefab/UniqueProp/ChallengeObject/Object_RoseRed
140163,Adventure/Prefab/UniqueProp/ChallengeObject/Object_RoseSkyblue
140164,Adventure/Prefab/UniqueProp/ChallengeObject/Object_RoseRed
140165,Adventure/Prefab/UniqueProp/ChallengeObject/Object_RoseRed
140166,Adventure/Prefab/UniqueProp/ChallengeObject/Object_RoseRed
140167,Adventure/Prefab/UniqueProp/ChallengeObject/Object_RoseRed
140168,Adventure/Prefab/UniqueProp/ChallengeObject/Object_HologramDevice
140170,Adventure/Prefab/UniqueProp/ChallengeObject/Object_HologramDevice
140171,Adventure/Prefab/UniqueProp/ChallengeObject/Object_HologramDevice
140172,Adventure/Prefab/UniqueProp/ChallengeObject/Object_HologramDevice
140173,Adventure/Prefab/UniqueProp/ChallengeObject/Object_HologramDevice
140174,Adventure/Prefab/UniqueProp/ChallengeObject/Object_HologramDevice
140175,Adventure/Prefab/UniqueProp/ChallengeObject/Object_HologramDevice
140176,Adventure/Prefab/UniqueProp/ChallengeObject/Object_HologramDevice
140177,Adventure/Prefab/UniqueProp/ChallengeObject/Object_HologramDevice
140178,Adventure/Prefab/UniqueProp/ChallengeObject/Object_HologramDevice
140179,Adventure/Prefab/UniqueProp/ChallengeObject/Object_HologramDevice
140180,Adventure/Prefab/UniqueProp/ChallengeObject/Object_HologramDevice
140181,Adventure/Prefab/UniqueProp/ChallengeObject/Object_HologramDevice
140182,Adventure/Prefab/UniqueProp/ChallengeObject/Object_HologramDevice
140183,Adventure/Prefab/UniqueProp/ChallengeObject/Object_HologramDevice
140184,Adventure/Prefab/UniqueProp/ChallengeObject/Object_HologramDevice
140185,Adventure/Prefab/UniqueProp/ChallengeObject/Object_HologramDevice
140186,Adventure/Prefab/UniqueProp/ChallengeObject/Object_HologramDevice
140187,Adventure/Prefab/UniqueProp/ChallengeObject/Object_HologramDevice
140188,Adventure/Prefab/UniqueProp/ChallengeObject/Object_HologramDevice
140189,Adventure/Prefab/UniqueProp/ChallengeObject/Object_HologramDevice
140190,Adventure/Prefab/UniqueProp/ChallengeObject/Object_HologramDevice
140191,Adventure/Prefab/UniqueProp/ChallengeObject/Object_HologramDevice
141001,Adventure/Prefab/UniqueProp/ActivityPoint/ActivityPointEvent
141002,Adventure/Prefab/UniqueProp/Character/CompositeDotView2272001
141003,Adventure/Prefab/UniqueProp/ChallengeObject/SequenceInvisibleObject
141004,Adventure/Prefab/UniqueProp/Character/CompositeDotView1014001
144001,Adventure/Prefab/UniqueProp/Character/CompositeDotView4027001
144002,Adventure/Prefab/UniqueProp/Character/CompositeDotView4026001
144003,Adventure/Prefab/UniqueProp/Character/CompositeDotView4007001
144004,Adventure/Prefab/UniqueProp/Character/CompositeDotView4022001
144005,Adventure/Prefab/UniqueProp/Character/CompositeDotView4027001
144006,Adventure/Prefab/UniqueProp/Character/CompositeDotView4026001
144007,Adventure/Prefab/UniqueProp/Character/CompositeDotView4013002
144008,Adventure/Prefab/UniqueProp/Character/CompositeDotView4006001
144009,Adventure/Prefab/UniqueProp/Character/CompositeDotView4014001
144010,Adventure/Prefab/UniqueProp/Character/CompositeDotView4029001
144011,Adventure/Prefab/UniqueProp/Character/CompositeDotView4013002
144012,Adventure/Prefab/UniqueProp/Character/CompositeDotView4031001
144013,Adventure/Prefab/UniqueProp/Character/CompositeDotView4014001
144014,Adventure/Prefab/UniqueProp/Character/CompositeDotView4029001
144015,Adventure/Prefab/UniqueProp/Character/CompositeDotView4028001
144016,Adventure/Prefab/UniqueProp/Character/CompositeDotView4020001
144017,Adventure/Prefab/UniqueProp/Character/CompositeDotView4012001
144018,Adventure/Prefab/UniqueProp/Character/CompositeDotView4022001
144019,Adventure/Prefab/UniqueProp/Character/CompositeDotView4020001
144020,Adventure/Prefab/UniqueProp/Character/CompositeDotView4012001
144021,Adventure/Prefab/UniqueProp/Character/CompositeDotView4006002
144022,Adventure/Prefab/UniqueProp/Character/CompositeDotView4001001
144023,Adventure/Prefab/UniqueProp/Character/CompositeDotView4014001
144024,Adventure/Prefab/UniqueProp/Character/CompositeDotView4026001
144025,Adventure/Prefab/UniqueProp/Character/CompositeDotView4028001
144026,Adventure/Prefab/UniqueProp/Character/CompositeDotView4007001
144027,Adventure/Prefab/UniqueProp/Character/CompositeDotView4005001
144028,Adventure/Prefab/UniqueProp/Character/CompositeDotView4028001
144029,Adventure/Prefab/UniqueProp/Character/CompositeDotView4021001
144030,Adventure/Prefab/UniqueProp/Character/CompositeDotView4030001
144031,Adventure/Prefab/UniqueProp/Character/CompositeDotView4026001
144032,Adventure/Prefab/UniqueProp/Character/CompositeDotView4032001
144033,Adventure/Prefab/UniqueProp/Character/CompositeDotView4015001
144034,Adventure/Prefab/UniqueProp/Character/CompositeDotView4001001
144035,Adventure/Prefab/UniqueProp/Character/CompositeDotView4010001
144036,Adventure/Prefab/UniqueProp/Character/CompositeDotView4030001
144037,Adventure/Prefab/UniqueProp/Character/CompositeDotView4022001
144038,Adventure/Prefab/UniqueProp/Character/CompositeDotView4015001
144039,Adventure/Prefab/UniqueProp/Character/CompositeDotView4023001
144040,Adventure/Prefab/UniqueProp/Character/CompositeDotView4032001
144041,Adventure/Prefab/UniqueProp/Character/CompositeDotView4015001
144042,Adventure/Prefab/UniqueProp/Character/CompositeDotView4023001
144043,Adventure/Prefab/UniqueProp/Character/CompositeDotView4004001
144044,Adventure/Prefab/UniqueProp/Character/CompositeDotView4026001
144045,Adventure/Prefab/UniqueProp/Character/CompositeDotView4020001
144046,Adventure/Prefab/UniqueProp/Character/CompositeDotView4006001
144047,Adventure/Prefab/UniqueProp/Character/CompositeDotView4028001
144048,Adventure/Prefab/UniqueProp/Character/CompositeDotView4024001
144049,Adventure/Prefab/UniqueProp/Character/CompositeDotView4006001
144050,Adventure/Prefab/UniqueProp/Character/CompositeDotView4025001
144051,Adventure/Prefab/UniqueProp/Character/CompositeDotView4028001
144052,Adventure/Prefab/UniqueProp/Character/CompositeDotView4029001
144053,Adventure/Prefab/UniqueProp/Character/CompositeDotView4011001
144054,Adventure/Prefab/UniqueProp/Character/CompositeDotView4029001
144055,Adventure/Prefab/UniqueProp/Character/CompositeDotView4020001
144056,Adventure/Prefab/UniqueProp/Character/CompositeDotView4026001
144057,Adventure/Prefab/UniqueProp/Character/CompositeDotView4024001
144058,Adventure/Prefab/UniqueProp/Character/CompositeDotView4015001
144059,Adventure/Prefab/UniqueProp/Character/CompositeDotView4024001
144060,Adventure/Prefab/UniqueProp/Character/CompositeDotView4001001
144061,Adventure/Prefab/UniqueProp/Character/CompositeDotView4027001
144062,Adventure/Prefab/UniqueProp/Character/CompositeDotView4005001
144063,Adventure/Prefab/UniqueProp/Character/CompositeDotView4030001
144064,Adventure/Prefab/UniqueProp/Character/CompositeDotView4005001
144065,Adventure/Prefab/UniqueProp/Character/CompositeDotView4032001
144066,Adventure/Prefab/UniqueProp/Character/CompositeDotView4002001
144067,Adventure/Prefab/UniqueProp/Character/CompositeDotView4032001
144068,Adventure/Prefab/UniqueProp/Character/CompositeDotView4027001
144069,Adventure/Prefab/UniqueProp/Character/CompositeDotView4028001
144070,Adventure/Prefab/UniqueProp/Character/CompositeDotView4029001
144071,Adventure/Prefab/UniqueProp/Character/CompositeDotView4012001
144072,Adventure/Prefab/UniqueProp/Character/CompositeDotView4026001
144073,Adventure/Prefab/UniqueProp/Character/CompositeDotView4005001
144074,Adventure/Prefab/UniqueProp/Character/CompositeDotView4028001
144075,Adventure/Prefab/UniqueProp/Character/CompositeDotView4029001
144076,Adventure/Prefab/UniqueProp/Character/CompositeDotView4012001
144077,Adventure/Prefab/UniqueProp/Character/CompositeDotView4005001
144078,Adventure/Prefab/UniqueProp/Character/CompositeDotView4014001
144079,Adventure/Prefab/UniqueProp/Character/CompositeDotView4028001
144080,Adventure/Prefab/UniqueProp/Character/CompositeDotView4029001
144081,Adventure/Prefab/UniqueProp/Character/CompositeDotView4026001
144082,Adventure/Prefab/UniqueProp/Character/CompositeDotView4012001
144083,Adventure/Prefab/UniqueProp/Character/CompositeDotView4007001
144084,Adventure/Prefab/UniqueProp/Character/CompositeDotView4032001
144085,Adventure/Prefab/UniqueProp/Character/CompositeDotView4022001
144086,Adventure/Prefab/UniqueProp/Character/CompositeDotView4006001
144087,Adventure/Prefab/UniqueProp/Character/CompositeDotView4006002
144088,Adventure/Prefab/UniqueProp/Character/CompositeDotView4023001
144089,Adventure/Prefab/UniqueProp/Character/CompositeDotView4031001
144090,Adventure/Prefab/UniqueProp/Character/CompositeDotView4026001
144091,Adventure/Prefab/UniqueProp/Character/CompositeDotView4023001
144092,Adventure/Prefab/UniqueProp/Character/CompositeDotView4031001
144093,Adventure/Prefab/UniqueProp/Character/CompositeDotView4026001
144094,Adventure/Prefab/UniqueProp/Character/CompositeDotView4025001
144095,Adventure/Prefab/UniqueProp/Character/CompositeDotView4013001
144096,Adventure/Prefab/UniqueProp/Character/CompositeDotView4032001
144097,Adventure/Prefab/UniqueProp/Character/CompositeDotView4025001
144098,Adventure/Prefab/UniqueProp/Character/CompositeDotView4013001
144099,Adventure/Prefab/UniqueProp/Character/CompositeDotView4032001
144100,Adventure/Prefab/UniqueProp/Character/CompositeDotView4012001
144101,Adventure/Prefab/UniqueProp/Character/CompositeDotView4028001
144102,Adventure/Prefab/UniqueProp/Character/CompositeDotView4014001
144103,Adventure/Prefab/UniqueProp/Character/CompositeDotView4029001
144104,Adventure/Prefab/UniqueProp/Character/CompositeDotView4020001
144105,Adventure/Prefab/UniqueProp/Character/CompositeDotView4011001
144106,Adventure/Prefab/UniqueProp/Character/CompositeDotView4032001
144107,Adventure/Prefab/UniqueProp/Character/CompositeDotView4029001
144108,Adventure/Prefab/UniqueProp/Character/CompositeDotView4020001
144109,Adventure/Prefab/UniqueProp/Character/CompositeDotView4004001
144110,Adventure/Prefab/UniqueProp/Character/CompositeDotView4026001
144111,Adventure/Prefab/UniqueProp/Character/CompositeDotView4032001
144112,Adventure/Prefab/UniqueProp/Character/CompositeDotView4007001
144113,Adventure/Prefab/UniqueProp/Character/CompositeDotView4032001
144114,Adventure/Prefab/UniqueProp/Character/CompositeDotView4006002
144115,Adventure/Prefab/UniqueProp/Character/CompositeDotView4026001
144116,Adventure/Prefab/UniqueProp/Character/CompositeDotView4013001
144117,Adventure/Prefab/UniqueProp/Character/CompositeDotView4008001
144118,Adventure/Prefab/UniqueProp/Character/CompositeDotView4032001
144119,Adventure/Prefab/UniqueProp/Character/CompositeDotView4022001
144120,Adventure/Prefab/UniqueProp/Character/CompositeDotView4026001
144121,Adventure/Prefab/UniqueProp/Character/CompositeDotView4008001
144122,Adventure/Prefab/UniqueProp/Character/CompositeDotView4030001
144123,Adventure/Prefab/UniqueProp/Character/CompositeDotView4023001
144124,Adventure/Prefab/UniqueProp/Character/CompositeDotView4010001
144125,Adventure/Prefab/UniqueProp/Character/CompositeDotView4012001
144126,Adventure/Prefab/UniqueProp/Character/CompositeDotView4032001
144127,Adventure/Prefab/UniqueProp/Character/CompositeDotView4007001
144128,Adventure/Prefab/UniqueProp/Character/CompositeDotView4032001
144129,Adventure/Prefab/UniqueProp/Character/CompositeDotView4010001
144130,Adventure/Prefab/UniqueProp/Character/CompositeDotView4031001
144131,Adventure/Prefab/UniqueProp/Character/CompositeDotView4021001
144132,Adventure/Prefab/UniqueProp/Character/CompositeDotView4025001
144133,Adventure/Prefab/UniqueProp/Character/CompositeDotView4030001
144134,Adventure/Prefab/UniqueProp/Character/CompositeDotView4032001
144135,Adventure/Prefab/UniqueProp/Character/CompositeDotView4026001
144136,Adventure/Prefab/UniqueProp/Character/CompositeDotView4008001
144137,Adventure/Prefab/UniqueProp/Character/CompositeDotView4032001
144138,Adventure/Prefab/UniqueProp/Character/CompositeDotView4013002
144139,Adventure/Prefab/UniqueProp/Character/CompositeDotView4029001
144140,Adventure/Prefab/UniqueProp/Character/CompositeDotView4022001
144141,Adventure/Prefab/UniqueProp/Character/CompositeDotView4025001
144142,Adventure/Prefab/UniqueProp/Character/CompositeDotView4010001
144143,Adventure/Prefab/UniqueProp/Character/CompositeDotView4023001
144144,Adventure/Prefab/UniqueProp/Character/CompositeDotView4025001
144145,Adventure/Prefab/UniqueProp/Character/CompositeDotView4005001
144146,Adventure/Prefab/UniqueProp/Character/CompositeDotView4010001
144147,Adventure/Prefab/UniqueProp/Character/CompositeDotView4032001
144148,Adventure/Prefab/UniqueProp/Character/CompositeDotView4011001
144149,Adventure/Prefab/UniqueProp/Character/CompositeDotView4026001
144150,Adventure/Prefab/UniqueProp/Character/CompositeDotView4022001
144151,Adventure/Prefab/UniqueProp/Character/CompositeDotView4029001
144152,Adventure/Prefab/UniqueProp/Character/CompositeDotView4013002
144153,Adventure/Prefab/UniqueProp/Character/CompositeDotView4028001
144154,Adventure/Prefab/UniqueProp/Character/CompositeDotView4002001
144155,Adventure/Prefab/UniqueProp/Character/CompositeDotView4013002
144156,Adventure/Prefab/UniqueProp/Character/CompositeDotView4006002
144157,Adventure/Prefab/UniqueProp/Character/CompositeDotView4028001
144158,Adventure/Prefab/UniqueProp/Character/CompositeDotView4021001
144159,Adventure/Prefab/UniqueProp/Character/CompositeDotView4030001
144160,Adventure/Prefab/UniqueProp/Character/CompositeDotView4027001
144161,Adventure/Prefab/UniqueProp/Character/CompositeDotView4032001
144162,Adventure/Prefab/UniqueProp/Character/CompositeDotView4030001
144163,Adventure/Prefab/UniqueProp/Character/CompositeDotView4027001
144164,Adventure/Prefab/UniqueProp/Character/CompositeDotView4015001
144165,Adventure/Prefab/UniqueProp/Character/CompositeDotView4012001
144166,Adventure/Prefab/UniqueProp/Character/CompositeDotView4013002
144168,Adventure/Prefab/UniqueProp/Character/CompositeDotView4013002
144169,Adventure/Prefab/UniqueProp/Character/CompositeDotView4024001
144170,Adventure/Prefab/UniqueProp/Character/CompositeDotView4030001
144171,Adventure/Prefab/UniqueProp/Character/CompositeDotView4007001
144172,Adventure/Prefab/UniqueProp/Character/CompositeDotView4026001
144174,Adventure/Prefab/UniqueProp/Character/CompositeDotView4006002
144175,Adventure/Prefab/UniqueProp/Character/CompositeDotView4024001
144176,Adventure/Prefab/UniqueProp/Character/CompositeDotView4011001
144177,Adventure/Prefab/UniqueProp/Character/CompositeDotView4021001
144178,Adventure/Prefab/UniqueProp/Character/CompositeDotView4030001
144179,Adventure/Prefab/UniqueProp/Character/CompositeDotView4013002
144180,Adventure/Prefab/UniqueProp/Character/CompositeDotView4027001
144181,Adventure/Prefab/UniqueProp/Character/CompositeDotView4029001
144182,Adventure/Prefab/UniqueProp/Character/CompositeDotView4032001
144183,Adventure/Prefab/UniqueProp/Character/CompositeDotView4013001
144184,Adventure/Prefab/UniqueProp/Character/CompositeDotView4015001
144185,Adventure/Prefab/UniqueProp/Character/CompositeDotView4028001
144186,Adventure/Prefab/UniqueProp/Character/CompositeDotView4022001
144187,Adventure/Prefab/UniqueProp/Character/CompositeDotView4024001
144188,Adventure/Prefab/UniqueProp/Character/CompositeDotView4003001
144189,Adventure/Prefab/UniqueProp/Character/CompositeDotView4004001
144190,Adventure/Prefab/UniqueProp/Character/CompositeDotView4005001
144191,Adventure/Prefab/UniqueProp/Character/CompositeDotView4003001
144192,Adventure/Prefab/UniqueProp/Character/CompositeDotView4004001
144193,Adventure/Prefab/UniqueProp/Character/CompositeDotView4007001
144194,Adventure/Prefab/UniqueProp/Character/CompositeDotView4006001
144199,Adventure/Prefab/UniqueProp/Character/CompositeDotView4022001
144200,Adventure/Prefab/UniqueProp/Character/CompositeDotView4011001
144201,Adventure/Prefab/UniqueProp/Character/CompositeDotView4022001
144202,Adventure/Prefab/UniqueProp/Character/CompositeDotView4011001
144203,Adventure/Prefab/UniqueProp/Character/CompositeDotView4015001
144204,Adventure/Prefab/UniqueProp/Character/CompositeDotView4020001
144205,Adventure/Prefab/UniqueProp/Character/CompositeDotView4015001
144206,Adventure/Prefab/UniqueProp/Character/CompositeDotView4002001
144207,Adventure/Prefab/UniqueProp/Character/CompositeDotView4032001
144208,Adventure/Prefab/UniqueProp/Character/CompositeDotView4024001
144209,Adventure/Prefab/UniqueProp/Character/CompositeDotView4032001
144210,Adventure/Prefab/UniqueProp/Character/CompositeDotView4024001
144211,Adventure/Prefab/UniqueProp/Character/CompositeDotView4029001
144212,Adventure/Prefab/UniqueProp/Character/CompositeDotView4018001
144213,Adventure/Prefab/UniqueProp/Character/CompositeDotView4029001
144214,Adventure/Prefab/UniqueProp/Character/CompositeDotView4018001
144215,Adventure/Prefab/UniqueProp/Character/CompositeDotView4030001
144216,Adventure/Prefab/UniqueProp/Character/CompositeDotView4004001
144217,Adventure/Prefab/UniqueProp/Character/CompositeDotView4021001
144218,Adventure/Prefab/UniqueProp/Character/CompositeDotView4027001
144219,Adventure/Prefab/UniqueProp/Character/CompositeDotView4026001
144220,Adventure/Prefab/UniqueProp/Character/CompositeDotView4007001
144221,Adventure/Prefab/UniqueProp/Character/CompositeDotView4013002
144222,Adventure/Prefab/UniqueProp/Character/CompositeDotView4028001
144223,Adventure/Prefab/UniqueProp/Character/CompositeDotView4018001
144224,Adventure/Prefab/UniqueProp/Character/CompositeDotView4008001
144225,Adventure/Prefab/UniqueProp/Character/CompositeDotView4030001
144226,Adventure/Prefab/UniqueProp/Character/CompositeDotView4018001
144227,Adventure/Prefab/UniqueProp/Character/CompositeDotView4008001
144228,Adventure/Prefab/UniqueProp/Character/CompositeDotView4030001
144229,Adventure/Prefab/UniqueProp/Character/CompositeDotView4003001
144230,Adventure/Prefab/UniqueProp/Character/CompositeDotView4020001
144231,Adventure/Prefab/UniqueProp/Character/CompositeDotView4015001
144232,Adventure/Prefab/UniqueProp/Character/CompositeDotView4026001
144233,Adventure/Prefab/UniqueProp/Character/CompositeDotView4020001
144234,Adventure/Prefab/UniqueProp/Character/CompositeDotView4032001
144235,Adventure/Prefab/UniqueProp/Character/CompositeDotView4007001
144236,Adventure/Prefab/UniqueProp/Character/CompositeDotView4027001
144237,Adventure/Prefab/UniqueProp/Character/CompositeDotView4026001
144238,Adventure/Prefab/UniqueProp/Character/CompositeDotView4030001
144239,Adventure/Prefab/UniqueProp/Character/CompositeDotView4002001
144240,Adventure/Prefab/UniqueProp/Character/CompositeDotView4026001
144241,Adventure/Prefab/UniqueProp/Character/CompositeDotView4030001
144242,Adventure/Prefab/UniqueProp/Character/CompositeDotView4002001
144243,Adventure/Prefab/UniqueProp/Character/CompositeDotView4021001
144244,Adventure/Prefab/UniqueProp/Character/CompositeDotView4025001
144245,Adventure/Prefab/UniqueProp/Character/CompositeDotView4026001
144246,Adventure/Prefab/UniqueProp/Character/CompositeDotView4030001
144247,Adventure/Prefab/UniqueProp/Character/CompositeDotView4011001
144248,Adventure/Prefab/UniqueProp/Character/CompositeDotView4026001
144249,Adventure/Prefab/UniqueProp/Character/CompositeDotView4032001
144250,Adventure/Prefab/UniqueProp/Character/CompositeDotView4018001
144252,Adventure/Prefab/UniqueProp/Character/CompositeDotView4030001
144253,Adventure/Prefab/UniqueProp/Character/CompositeDotView4025001
144254,Adventure/Prefab/UniqueProp/Character/CompositeDotView4024001
144256,Adventure/Prefab/UniqueProp/Character/CompositeDotView4026001
144257,Adventure/Prefab/UniqueProp/Character/CompositeDotView4008001
144258,Adventure/Prefab/UniqueProp/Character/CompositeDotView4012001
144259,Adventure/Prefab/UniqueProp/Character/CompositeDotView4014001
144260,Adventure/Prefab/UniqueProp/Character/CompositeDotView4014001
144261,Adventure/Prefab/UniqueProp/Character/CompositeDotView4015001
144262,Adventure/Prefab/UniqueProp/Character/CompositeDotView4001001
144263,Adventure/Prefab/UniqueProp/Character/CompositeDotView4012001
144274,Adventure/Prefab/UniqueProp/Character/CompositeDotView4006001
144275,Adventure/Prefab/UniqueProp/Character/CompositeDotView4007001
144276,Adventure/Prefab/UniqueProp/Character/CompositeDotView4029001
144277,Adventure/Prefab/UniqueProp/Character/CompositeDotView4006001
144278,Adventure/Prefab/UniqueProp/Character/CompositeDotView4006002
144279,Adventure/Prefab/UniqueProp/Character/CompositeDotView4015001
144280,Adventure/Prefab/UniqueProp/Character/CompositeDotView4028001
144281,Adventure/Prefab/UniqueProp/Character/CompositeDotView4013002
144282,Adventure/Prefab/UniqueProp/Character/CompositeDotView4007001
144283,Adventure/Prefab/UniqueProp/Character/CompositeDotView4022001
144284,Adventure/Prefab/UniqueProp/Character/CompositeDotView4014001
144285,Adventure/Prefab/UniqueProp/Character/CompositeDotView4012001
144286,Adventure/Prefab/UniqueProp/Character/CompositeDotView4024001
144287,Adventure/Prefab/UniqueProp/Character/CompositeDotView4029001
144288,Adventure/Prefab/UniqueProp/Character/CompositeDotView4008001
144289,Adventure/Prefab/UniqueProp/Character/CompositeDotView4012001
144290,Adventure/Prefab/UniqueProp/Character/CompositeDotView4021001
144291,Adventure/Prefab/UniqueProp/Character/CompositeDotView4013002
144292,Adventure/Prefab/UniqueProp/Character/CompositeDotView4015001
144293,Adventure/Prefab/UniqueProp/Character/CompositeDotView4004001
144294,Adventure/Prefab/UniqueProp/Character/CompositeDotView4003001
144295,Adventure/Prefab/UniqueProp/Character/CompositeDotView4026001
144296,Adventure/Prefab/UniqueProp/Character/CompositeDotView4022001
144297,Adventure/Prefab/UniqueProp/Character/CompositeDotView4028001
144298,Adventure/Prefab/UniqueProp/Character/CompositeDotView4025001
144299,Adventure/Prefab/UniqueProp/Character/CompositeDotView4007001
144300,Adventure/Prefab/UniqueProp/Character/CompositeDotView4028001
144301,Adventure/Prefab/UniqueProp/Character/CompositeDotView4030001
144302,Adventure/Prefab/UniqueProp/Character/CompositeDotView4020001
144303,Adventure/Prefab/UniqueProp/Character/CompositeDotView4029001
144304,Adventure/Prefab/UniqueProp/Character/CompositeDotView4008001
144305,Adventure/Prefab/UniqueProp/Character/CompositeDotView4029001
144306,Adventure/Prefab/UniqueProp/Character/CompositeDotView4006001
144307,Adventure/Prefab/UniqueProp/Character/CompositeDotView4023001
144308,Adventure/Prefab/UniqueProp/Character/CompositeDotView4030001
144309,Adventure/Prefab/UniqueProp/Character/CompositeDotView4003001
144310,Adventure/Prefab/UniqueProp/Character/CompositeDotView4004001
144311,Adventure/Prefab/UniqueProp/Character/CompositeDotView4020001
144312,Adventure/Prefab/UniqueProp/Character/CompositeDotView4026001
144313,Adventure/Prefab/UniqueProp/Character/CompositeDotView4022001
144314,Adventure/Prefab/UniqueProp/Character/CompositeDotView4031001
144315,Adventure/Prefab/UniqueProp/Character/CompositeDotView4030001
144316,Adventure/Prefab/UniqueProp/Character/CompositeDotView4008001
144317,Adventure/Prefab/UniqueProp/ChallengeObject/Object_dot2d_14_NeoAkibaPoster_001_00
144318,Adventure/Prefab/UniqueProp/ChallengeObject/Object_dot2d_14_NeoAkibaPoster_003_00
144319,Adventure/Prefab/UniqueProp/ChallengeObject/Object_dot2d_14_NeoAkibaPoster_005_00
144320,Adventure/Prefab/UniqueProp/ChallengeObject/Object_dot2d_14_NeoAkibaPoster_007_00
144321,Adventure/Prefab/UniqueProp/ChallengeObject/Object_dot2d_14_NeoAkibaPoster_008_00
144322,Adventure/Prefab/UniqueProp/ChallengeObject/Object_dot2d_14_NeoAkibaPoster_000_00
144323,Adventure/Prefab/UniqueProp/ChallengeObject/Object_dot2d_14_NeoAkibaPoster_001_00
144324,Adventure/Prefab/UniqueProp/ChallengeObject/Object_dot2d_14_NeoAkibaPoster_005_00
144325,Adventure/Prefab/UniqueProp/ChallengeObject/Object_dot2d_14_NeoAkibaPoster_006_00
144326,Adventure/Prefab/UniqueProp/ChallengeObject/Object_dot2d_00_PachimonShopPoster_000_00
144327,Adventure/Prefab/UniqueProp/ChallengeObject/Object_dot2d_00_ParabolaShopPoster_000_00
144328,Adventure/Prefab/UniqueProp/ChallengeObject/Object_dot2d_14_OldHeavenPoster_000_00
144329,Adventure/Prefab/UniqueProp/ChallengeObject/Object_dot2d_14_OldHeavenPoster_001_00
144330,Adventure/Prefab/UniqueProp/ChallengeObject/Object_dot2d_14_OldHeavenPoster_002_00
144331,Adventure/Prefab/UniqueProp/ChallengeObject/Object_dot2d_14_OldHeavenPoster_000_00
144332,Adventure/Prefab/UniqueProp/ChallengeObject/Object_dot2d_14_OldHeavenPoster_001_00
144333,Adventure/Prefab/UniqueProp/ChallengeObject/Object_dot2d_14_NeoChiyodaPoster_000_00
144334,Adventure/Prefab/UniqueProp/ChallengeObject/Object_dot2d_14_NeoChiyodaPoster_000_01
144335,Adventure/Prefab/UniqueProp/ChallengeObject/Object_dot2d_14_NeoChiyodaPoster_001_00
144336,Adventure/Prefab/UniqueProp/ChallengeObject/Object_dot2d_14_NeoChiyodaPoster_001_01
144337,Adventure/Prefab/UniqueProp/ChallengeObject/Object_dot2d_14_NeoChiyodaPoster_002_00
144338,Adventure/Prefab/UniqueProp/ChallengeObject/Object_dot2d_00_HappyWorkerPoste_000_00
144339,Adventure/Prefab/UniqueProp/ChallengeObject/Object_dot2d_00_CardShopPoster_000_00
144340,Adventure/Prefab/UniqueProp/ChallengeObject/Object_dot2d_14_NeoAkibaPoster_006_00
144341,Adventure/Prefab/UniqueProp/ChallengeObject/Object_dot2d_14_NeoAkibaPoster_003_00
144342,Adventure/Prefab/UniqueProp/ChallengeObject/Object_dot2d_14_NeoAkibaPoster_002_00
144343,Adventure/Prefab/UniqueProp/ChallengeObject/Object_dot2d_14_NeoAkibaPoster_005_00
144344,Adventure/Prefab/UniqueProp/ChallengeObject/Object_dot2d_14_NeoAkibaPoster_007_00
144345,Adventure/Prefab/UniqueProp/ChallengeObject/Object_dot2d_14_NeoAkibaPoster_005_01
144346,Adventure/Prefab/UniqueProp/ChallengeObject/Object_dot2d_14_NeoAkibaPoster_004_00
144347,Adventure/Prefab/UniqueProp/ChallengeObject/Object_dot2d_00_CardShopPoster_000_00
144348,Adventure/Prefab/UniqueProp/ChallengeObject/Object_dot2d_00_HappyWorkerPoste_000_00
144349,Adventure/Prefab/UniqueProp/ChallengeObject/Object_dot2d_00_ParabolaShopPoster_000_00
144350,Adventure/Prefab/UniqueProp/ChallengeObject/Object_dot2d_14_NeoAkibaPoster_003_00
144351,Adventure/Prefab/UniqueProp/ChallengeObject/Object_dot2d_14_NeoAkibaPoster_008_00
144352,Adventure/Prefab/UniqueProp/ChallengeObject/Object_dot2d_14_NeoAkibaPoster_002_00
144354,Adventure/Prefab/UniqueProp/ChallengeObject/Object_dot2d_14_NeoAkibaPoster_002_00
144355,Adventure/Prefab/UniqueProp/ChallengeObject/Object_dot2d_14_NeoAkibaPoster_000_00
144356,Adventure/Prefab/UniqueProp/ChallengeObject/Object_dot2d_14_NeoAkibaPoster_005_00
144357,Adventure/Prefab/UniqueProp/ChallengeObject/Object_dot2d_14_NeoAkibaPoster_002_00
144358,Adventure/Prefab/UniqueProp/ChallengeObject/Object_dot2d_14_NeoAkibaPoster_005_01
144360,Adventure/Prefab/UniqueProp/Character/CompositeDotView1805001
144361,Adventure/Prefab/UniqueProp/Character/CompositeDotView1805001
144362,Adventure/Prefab/UniqueProp/ChallengeObject/FlavorInvisibleObject_Sphere_Large
144363,Adventure/Prefab/UniqueProp/ChallengeObject/FlavorInvisibleObject_Sphere_Large
144364,Adventure/Prefab/UniqueProp/ChallengeObject/FlavorInvisibleObject_Sphere_Large
144365,Adventure/Prefab/UniqueProp/ChallengeObject/FlavorInvisibleObject_BoxFront
144366,Adventure/Prefab/UniqueProp/ChallengeObject/FlavorInvisibleObject_BoxFront
144367,Adventure/Prefab/UniqueProp/ChallengeObject/FlavorInvisibleObject_Sphere_Large
144368,Adventure/Prefab/UniqueProp/ChallengeObject/Object_dot2d_14_CapsuleMachineCHAL_000_x4_00
144369,Adventure/Prefab/UniqueProp/ChallengeObject/FlavorInvisibleObject_Sphere_1.2
144370,Adventure/Prefab/UniqueProp/ChallengeObject/FlavorInvisibleObject_Sphere_Large
144371,Adventure/Prefab/UniqueProp/ChallengeObject/FlavorInvisibleObject_Sphere_Large
144372,Adventure/Prefab/UniqueProp/ChallengeObject/Object_dot2d_14_CharacterCutout_000_00
144373,Adventure/Prefab/UniqueProp/ChallengeObject/Object_dot2d_14_CharacterCutout_001_00
144374,Adventure/Prefab/UniqueProp/ChallengeObject/FlavorInvisibleObject_Sphere_Large
144375,Adventure/Prefab/UniqueProp/ChallengeObject/Object_dot2d_14_FlagCHAL_000_00
144376,Adventure/Prefab/UniqueProp/ChallengeObject/Object_dot2d_14_FlagCHAL_001_00
144377,Adventure/Prefab/UniqueProp/ChallengeObject/FlavorInvisibleObject_Sphere_Large
144378,Adventure/Prefab/UniqueProp/ChallengeObject/Object_dot2d_14_CapsuleMachineCHAL_000_x4_00
144379,Adventure/Prefab/UniqueProp/ChallengeObject/FlavorInvisibleObject_Sphere_Large
144380,Adventure/Prefab/UniqueProp/ChallengeObject/FlavorInvisibleObject_Sphere_Large
144381,Adventure/Prefab/UniqueProp/ChallengeObject/FlavorInvisibleObject_Sphere_Large
144382,Adventure/Prefab/UniqueProp/ChallengeObject/FlavorInvisibleObject_Sphere_Large
144383,Adventure/Prefab/UniqueProp/ChallengeObject/FlavorInvisibleObject_Sphere_Large
144384,Adventure/Prefab/UniqueProp/ChallengeObject/Object_dot2d_14_PaperPack_000_00
144385,Adventure/Prefab/UniqueProp/ChallengeObject/Object_dot2d_14_LabNote_000_00
144386,Adventure/Prefab/UniqueProp/Character/CompositeDotView1805001
144387,Adventure/Prefab/UniqueProp/Character/CompositeDotView4002001
144388,Adventure/Prefab/UniqueProp/Character/CompositeDotView4010001
144389,Adventure/Prefab/UniqueProp/Character/CompositeDotView4005001
144390,Adventure/Prefab/UniqueProp/Character/CompositeDotView4001001
144391,Adventure/Prefab/UniqueProp/Character/CompositeDotView4013002
144392,Adventure/Prefab/UniqueProp/Character/CompositeDotView4013001
144393,Adventure/Prefab/UniqueProp/Character/CompositeDotView4014001
144394,Adventure/Prefab/UniqueProp/Character/CompositeDotView4022001
144395,Adventure/Prefab/UniqueProp/Character/CompositeDotView4012001
144396,Adventure/Prefab/UniqueProp/Character/CompositeDotView4024001
144397,Adventure/Prefab/UniqueProp/Character/CompositeDotView4015001
144398,Adventure/Prefab/UniqueProp/Character/CompositeDotView4006002
144399,Adventure/Prefab/UniqueProp/Character/CompositeDotView4027001
144400,Adventure/Prefab/UniqueProp/Character/CompositeDotView4026001
144401,Adventure/Prefab/UniqueProp/Character/CompositeDotView4008001
144402,Adventure/Prefab/UniqueProp/Character/CompositeDotView4004001
144403,Adventure/Prefab/UniqueProp/Character/CompositeDotView4031001
144404,Adventure/Prefab/UniqueProp/Character/CompositeDotView4032001
144405,Adventure/Prefab/UniqueProp/Character/CompositeDotView4023001
144406,Adventure/Prefab/UniqueProp/Character/CompositeDotView4030001
144407,Adventure/Prefab/UniqueProp/Character/CompositeDotView4006001
144408,Adventure/Prefab/UniqueProp/Character/CompositeDotView4029001
144409,Adventure/Prefab/UniqueProp/Character/CompositeDotView4021001
144410,Adventure/Prefab/UniqueProp/Character/CompositeDotView4025001
144411,Adventure/Prefab/UniqueProp/Character/CompositeDotView4020001
144412,Adventure/Prefab/UniqueProp/Character/CompositeDotView4007001
144413,Adventure/Prefab/UniqueProp/Character/CompositeDotView4028001
144414,Adventure/Prefab/UniqueProp/Character/CompositeDotView4003001
144415,Adventure/Prefab/UniqueProp/Character/CompositeDotView4020001
144416,Adventure/Prefab/UniqueProp/Character/CompositeDotView4005001
144417,Adventure/Prefab/UniqueProp/Character/CompositeDotView4028001
144418,Adventure/Prefab/UniqueProp/Character/CompositeDotView4003001
144419,Adventure/Prefab/UniqueProp/Character/CompositeDotView4032001
144420,Adventure/Prefab/UniqueProp/Character/CompositeDotView4007001
144421,Adventure/Prefab/UniqueProp/Character/CompositeDotView4024001
144422,Adventure/Prefab/UniqueProp/Character/CompositeDotView4014001
144423,Adventure/Prefab/UniqueProp/Character/CompositeDotView4006002
144424,Adventure/Prefab/UniqueProp/Character/CompositeDotView4013001
144425,Adventure/Prefab/UniqueProp/Character/CompositeDotView4029001
144426,Adventure/Prefab/UniqueProp/Character/CompositeDotView4027001
144427,Adventure/Prefab/UniqueProp/Character/CompositeDotView4031001
144428,Adventure/Prefab/UniqueProp/Character/CompositeDotView4001001
144429,Adventure/Prefab/UniqueProp/Character/CompositeDotView4004001
144430,Adventure/Prefab/UniqueProp/Character/CompositeDotView4015001
144431,Adventure/Prefab/UniqueProp/Character/CompositeDotView4021001
144432,Adventure/Prefab/UniqueProp/Character/CompositeDotView4023001
144433,Adventure/Prefab/UniqueProp/Character/CompositeDotView4030001
144434,Adventure/Prefab/UniqueProp/Character/CompositeDotView4008001
144435,Adventure/Prefab/UniqueProp/Character/CompositeDotView4026001
144436,Adventure/Prefab/UniqueProp/Character/CompositeDotView4022001
144437,Adventure/Prefab/UniqueProp/Character/CompositeDotView4013002
144438,Adventure/Prefab/UniqueProp/Character/CompositeDotView4025001
144439,Adventure/Prefab/UniqueProp/Character/CompositeDotView4012001
144440,Adventure/Prefab/UniqueProp/Character/CompositeDotView4006001
144441,Adventure/Prefab/UniqueProp/Character/CompositeDotView4001001
144442,Adventure/Prefab/UniqueProp/Character/CompositeDotView4013001
144443,Adventure/Prefab/UniqueProp/Character/CompositeDotView4025001
144444,Adventure/Prefab/UniqueProp/Character/CompositeDotView4007001
144445,Adventure/Prefab/UniqueProp/Character/CompositeDotView4004001
144446,Adventure/Prefab/UniqueProp/Character/CompositeDotView4021001
144447,Adventure/Prefab/UniqueProp/Character/CompositeDotView4008001
144448,Adventure/Prefab/UniqueProp/Character/CompositeDotView4026001
144449,Adventure/Prefab/UniqueProp/Character/CompositeDotView1805001
144450,Adventure/Prefab/UniqueProp/Character/CompositeDotView1805001
144451,Adventure/Prefab/UniqueProp/Character/CompositeDotView4010001
144452,Adventure/Prefab/UniqueProp/Character/CompositeDotView1805001
144453,Adventure/Prefab/UniqueProp/Character/CompositeDotView1805001
144454,Adventure/Prefab/UniqueProp/Character/CompositeDotView4004001
144455,Adventure/Prefab/UniqueProp/Character/CompositeDotView4004001
144456,Adventure/Prefab/UniqueProp/Character/CompositeDotView4028001
144457,Adventure/Prefab/UniqueProp/Character/CompositeDotView4029001
144458,Adventure/Prefab/UniqueProp/Character/CompositeDotView4020001
144459,Adventure/Prefab/UniqueProp/Character/CompositeDotView4015001
144460,Adventure/Prefab/UniqueProp/Character/CompositeDotView4027001
144461,Adventure/Prefab/UniqueProp/Character/CompositeDotView4003001
144462,Adventure/Prefab/UniqueProp/Character/CompositeDotView4025001
144463,Adventure/Prefab/UniqueProp/Character/CompositeDotView4026001
144464,Adventure/Prefab/UniqueProp/Character/CompositeDotView4013001
144465,Adventure/Prefab/UniqueProp/Character/CompositeDotView4013002
144466,Adventure/Prefab/UniqueProp/Character/CompositeDotView4014001
144467,Adventure/Prefab/UniqueProp/Character/CompositeDotView4023001
144468,Adventure/Prefab/UniqueProp/Character/CompositeDotView4006001
144469,Adventure/Prefab/UniqueProp/Character/CompositeDotView4032001
144470,Adventure/Prefab/UniqueProp/Character/CompositeDotView4030001
144471,Adventure/Prefab/UniqueProp/Character/CompositeDotView4024001
144472,Adventure/Prefab/UniqueProp/Character/CompositeDotView4012001
144473,Adventure/Prefab/UniqueProp/Character/CompositeDotView4031001
144474,Adventure/Prefab/UniqueProp/Character/CompositeDotView4005001
144475,Adventure/Prefab/UniqueProp/Character/CompositeDotView4006002
144476,Adventure/Prefab/UniqueProp/Character/CompositeDotView4015001
144477,Adventure/Prefab/UniqueProp/Character/CompositeDotView1805001
144478,Adventure/Prefab/UniqueProp/Character/CompositeDotView1805001
144479,Adventure/Prefab/UniqueProp/Character/CompositeDotView4020001
144480,Adventure/Prefab/UniqueProp/Character/CompositeDotView4018001
144481,Adventure/Prefab/UniqueProp/Character/CompositeDotView1805001
144482,Adventure/Prefab/UniqueProp/Character/CompositeDotView1805001
144483,Adventure/Prefab/UniqueProp/Character/CompositeDotView1805001
144484,Adventure/Prefab/UniqueProp/Character/CompositeDotView1805001
144485,Adventure/Prefab/UniqueProp/Character/CompositeDotView1805001
144486,Adventure/Prefab/UniqueProp/Character/CompositeDotView1805001
144487,Adventure/Prefab/UniqueProp/Character/CompositeDotView1805001
144488,Adventure/Prefab/UniqueProp/Character/CompositeDotView1805001
144489,Adventure/Prefab/UniqueProp/Character/CompositeDotView1805001
144490,Adventure/Prefab/UniqueProp/Character/CompositeDotView1805001
144491,Adventure/Prefab/UniqueProp/Character/CompositeDotView2013002
144492,Adventure/Prefab/UniqueProp/Character/CompositeDotView4026001
144493,Adventure/Prefab/UniqueProp/Character/CompositeDotView4021001
144494,Adventure/Prefab/UniqueProp/Character/CompositeDotView4032001
145001,Adventure/Prefab/UniqueProp/TreasureItem/TreasureBox_Fantasy_2
145002,Adventure/Prefab/UniqueProp/TreasureItem/TreasureBox_Fantasy_1
145003,Adventure/Prefab/UniqueProp/TreasureItem/TreasureBox_Fantasy_1
145004,Adventure/Prefab/UniqueProp/TreasureItem/TreasureBox_Fantasy_1
145005,Adventure/Prefab/UniqueProp/TreasureItem/TreasureBox_Fantasy_1
145006,Adventure/Prefab/UniqueProp/TreasureItem/TreasureBox_Fantasy_1
145007,Adventure/Prefab/UniqueProp/TreasureItem/TreasureBox_Fantasy_2
145008,Adventure/Prefab/UniqueProp/TreasureItem/TreasureBox_Fantasy_1
145009,Adventure/Prefab/UniqueProp/TreasureItem/TreasureBox_Fantasy_1
145010,Adventure/Prefab/UniqueProp/TreasureItem/TreasureBox_Fantasy_1
145011,Adventure/Prefab/UniqueProp/TreasureItem/TreasureBox_Fantasy_1
145012,Adventure/Prefab/UniqueProp/TreasureItem/TreasureBox_Fantasy_1
145013,Adventure/Prefab/UniqueProp/TreasureItem/TreasureBox_Fantasy_1
145014,Adventure/Prefab/UniqueProp/TreasureItem/TreasureBox_Fantasy_1
145015,Adventure/Prefab/UniqueProp/TreasureItem/TreasureBox_Fantasy_1
145016,Adventure/Prefab/UniqueProp/TreasureItem/TreasureBox_Fantasy_2
145017,Adventure/Prefab/UniqueProp/TreasureItem/TreasureBox_Fantasy_1
145018,Adventure/Prefab/UniqueProp/TreasureItem/TreasureBox_Fantasy_1
145019,Adventure/Prefab/UniqueProp/TreasureItem/TreasureBox_Fantasy_1
145020,Adventure/Prefab/UniqueProp/TreasureItem/TreasureBox_Fantasy_1
145021,Adventure/Prefab/UniqueProp/TreasureItem/TreasureBox_Fantasy_1
145022,Adventure/Prefab/UniqueProp/TreasureItem/TreasureBox_Fantasy_2
145023,Adventure/Prefab/UniqueProp/TreasureItem/TreasureBox_Fantasy_1
145024,Adventure/Prefab/UniqueProp/TreasureItem/TreasureBox_Fantasy_1
145025,Adventure/Prefab/UniqueProp/TreasureItem/TreasureBox_Fantasy_1
145026,Adventure/Prefab/UniqueProp/TreasureItem/TreasureBox_Fantasy_1
145027,Adventure/Prefab/UniqueProp/TreasureItem/TreasureBox_Fantasy_1
145028,Adventure/Prefab/UniqueProp/TreasureItem/TreasureBox_Fantasy_1
145029,Adventure/Prefab/UniqueProp/TreasureItem/TreasureBox_Fantasy_1
145030,Adventure/Prefab/UniqueProp/TreasureItem/TreasureBox_Fantasy_1
145031,Adventure/Prefab/UniqueProp/TreasureItem/TreasureBox_Fantasy_1
145032,Adventure/Prefab/UniqueProp/TreasureItem/TreasureBox_Fantasy_1
145033,Adventure/Prefab/UniqueProp/TreasureItem/TreasureBox_Fantasy_1
145034,Adventure/Prefab/UniqueProp/TreasureItem/TreasureBox_Fantasy_1
145035,Adventure/Prefab/UniqueProp/TreasureItem/TreasureBox_Fantasy_2
145036,Adventure/Prefab/UniqueProp/TreasureItem/TreasureBox_Fantasy_1
145037,Adventure/Prefab/UniqueProp/TreasureItem/TreasureBox_Fantasy_2
145038,Adventure/Prefab/UniqueProp/TreasureItem/TreasureBox_Fantasy_2
145039,Adventure/Prefab/UniqueProp/TreasureItem/TreasureBox_Fantasy_1
145040,Adventure/Prefab/UniqueProp/TreasureItem/TreasureBox_Fantasy_2
145041,Adventure/Prefab/UniqueProp/TreasureItem/TreasureBox_Fantasy_1
145042,Adventure/Prefab/UniqueProp/TreasureItem/TreasureBox_Fantasy_2
145043,Adventure/Prefab/UniqueProp/TreasureItem/TreasureBox_Fantasy_1
145044,Adventure/Prefab/UniqueProp/TreasureItem/TreasureBox_Fantasy_1
145045,Adventure/Prefab/UniqueProp/TreasureItem/TreasureBox_Fantasy_1
145046,Adventure/Prefab/UniqueProp/TreasureItem/TreasureBox_Fantasy_1
145047,Adventure/Prefab/UniqueProp/TreasureItem/TreasureBox_Fantasy_1
145048,Adventure/Prefab/UniqueProp/TreasureItem/TreasureBox_Fantasy_1
145049,Adventure/Prefab/UniqueProp/TreasureItem/TreasureBox_Fantasy_1
145050,Adventure/Prefab/UniqueProp/TreasureItem/TreasureBox_Fantasy_1
145051,Adventure/Prefab/UniqueProp/TreasureItem/TreasureBox_Fantasy_1
145052,Adventure/Prefab/UniqueProp/TreasureItem/TreasureBox_Fantasy_1
145053,Adventure/Prefab/UniqueProp/TreasureItem/TreasureBox_Fantasy_1
145054,Adventure/Prefab/UniqueProp/TreasureItem/TreasureBox_Fantasy_2
145055,Adventure/Prefab/UniqueProp/TreasureItem/TreasureBox_Fantasy_1
145056,Adventure/Prefab/UniqueProp/TreasureItem/TreasureBox_Fantasy_1
145057,Adventure/Prefab/UniqueProp/TreasureItem/TreasureBox_Fantasy_1
145058,Adventure/Prefab/UniqueProp/TreasureItem/TreasureBox_Fantasy_1
145059,Adventure/Prefab/UniqueProp/TreasureItem/TreasureBox_Fantasy_1
145060,Adventure/Prefab/UniqueProp/TreasureItem/TreasureBox_Fantasy_1
145061,Adventure/Prefab/UniqueProp/TreasureItem/TreasureBox_Fantasy_1
145062,Adventure/Prefab/UniqueProp/TreasureItem/TreasureBox_Fantasy_1
145063,Adventure/Prefab/UniqueProp/TreasureItem/TreasureBox_Fantasy_1
145064,Adventure/Prefab/UniqueProp/TreasureItem/TreasureBox_Fantasy_1
145065,Adventure/Prefab/UniqueProp/TreasureItem/TreasureBox_Fantasy_1
145066,Adventure/Prefab/UniqueProp/TreasureItem/TreasureBox_Fantasy_1
145067,Adventure/Prefab/UniqueProp/TreasureItem/TreasureBox_Fantasy_1
145068,Adventure/Prefab/UniqueProp/TreasureItem/TreasureBox_Fantasy_1
145069,Adventure/Prefab/UniqueProp/TreasureItem/TreasureBox_Fantasy_1
145070,Adventure/Prefab/UniqueProp/TreasureItem/TreasureBox_Fantasy_1
145071,Adventure/Prefab/UniqueProp/TreasureItem/TreasureBox_Fantasy_1
145072,Adventure/Prefab/UniqueProp/TreasureItem/TreasureBox_Fantasy_1
145073,Adventure/Prefab/UniqueProp/TreasureItem/TreasureBox_Fantasy_1
145074,Adventure/Prefab/UniqueProp/TreasureItem/TreasureBox_Fantasy_1
145075,Adventure/Prefab/UniqueProp/TreasureItem/TreasureBox_Fantasy_1
145076,Adventure/Prefab/UniqueProp/TreasureItem/TreasureBox_Fantasy_1
145077,Adventure/Prefab/UniqueProp/TreasureItem/TreasureBox_Fantasy_1
145078,Adventure/Prefab/UniqueProp/TreasureItem/TreasureBox_Fantasy_1
145079,Adventure/Prefab/UniqueProp/TreasureItem/TreasureBox_Fantasy_1
145080,Adventure/Prefab/UniqueProp/TreasureItem/TreasureBox_Fantasy_1
145081,Adventure/Prefab/UniqueProp/TreasureItem/TreasureBox_Fantasy_1
145082,Adventure/Prefab/UniqueProp/TreasureItem/TreasureBox_Fantasy_1
145083,Adventure/Prefab/UniqueProp/TreasureItem/TreasureBox_Fantasy_1
145084,Adventure/Prefab/UniqueProp/TreasureItem/TreasureBox_Fantasy_1
145085,Adventure/Prefab/UniqueProp/TreasureItem/TreasureBox_Fantasy_1
145086,Adventure/Prefab/UniqueProp/TreasureItem/TreasureBox_Fantasy_1
145087,Adventure/Prefab/UniqueProp/TreasureItem/TreasureBox_Fantasy_1
145088,Adventure/Prefab/UniqueProp/TreasureItem/TreasureBox_Fantasy_3
145089,
145090,Adventure/Prefab/UniqueProp/TreasureItem/TreasureBox_Fantasy_3
145091,
145092,Adventure/Prefab/UniqueProp/TreasureItem/TreasureBox_Fantasy_3
145093,
145094,Adventure/Prefab/UniqueProp/TreasureItem/TreasureBox_Fantasy_3
145095,
145096,Adventure/Prefab/UniqueProp/TreasureItem/TreasureBox_Fantasy_3
145097,
145098,Adventure/Prefab/UniqueProp/TreasureItem/TreasureBox_Fantasy_3
145099,
145100,Adventure/Prefab/UniqueProp/TreasureItem/TreasureBox_Fantasy_3
145101,
145102,Adventure/Prefab/UniqueProp/TreasureItem/TreasureBox_Fantasy_3
145103,
145104,Adventure/Prefab/UniqueProp/TreasureItem/TreasureBox_Fantasy_3
145105,
145106,Adventure/Prefab/UniqueProp/TreasureItem/TreasureBox_Fantasy_3
145107,
145108,Adventure/Prefab/UniqueProp/TreasureItem/TreasureBox_Fantasy_3
145109,
145110,Adventure/Prefab/UniqueProp/TreasureItem/TreasureBox_Fantasy_3
145111,
145112,Adventure/Prefab/UniqueProp/TreasureItem/TreasureBox_Fantasy_3
145113,
145114,Adventure/Prefab/UniqueProp/TreasureItem/TreasureBox_Fantasy_3
145115,
145116,Adventure/Prefab/UniqueProp/TreasureItem/TreasureBox_Fantasy_3
145117,
145118,Adventure/Prefab/UniqueProp/TreasureItem/TreasureBox_Fantasy_3
145119,
145120,Adventure/Prefab/UniqueProp/TreasureItem/TreasureBox_Fantasy_3
145121,
145122,Adventure/Prefab/UniqueProp/TreasureItem/TreasureBox_Fantasy_3
145123,
145126,Adventure/Prefab/UniqueProp/TreasureItem/TreasureBox_Fantasy_3
145127,
145128,Adventure/Prefab/UniqueProp/TreasureItem/TreasureBox_Fantasy_3
145129,
145130,Adventure/Prefab/UniqueProp/TreasureItem/TreasureBox_Fantasy_3
145131,
145132,Adventure/Prefab/UniqueProp/TreasureItem/TreasureBox_Fantasy_3
145133,
145134,Adventure/Prefab/UniqueProp/TreasureItem/TreasureBox_Fantasy_3
145135,
145136,Adventure/Prefab/UniqueProp/TreasureItem/TreasureBox_Fantasy_3
145137,
145138,Adventure/Prefab/UniqueProp/Gimmick/GimmickSwitchDeflectServer
145139,Adventure/Prefab/UniqueProp/TreasureItem/TreasureBox_Fantasy_2
145140,Adventure/Prefab/UniqueProp/Gimmick/GimmickSwitchConcentration
145141,Adventure/Prefab/UniqueProp/TreasureItem/TreasureBox_Fantasy_2
145142,Adventure/Prefab/UniqueProp/Gimmick/GimmickSwitchDeflectServer
145143,Adventure/Prefab/UniqueProp/Gimmick/GimmickSwitchDeflectServer
145144,Adventure/Prefab/UniqueProp/TreasureItem/TreasureBox_Fantasy_2
145145,Adventure/Prefab/UniqueProp/Gimmick/GimmickSwitchConcentration
145146,Adventure/Prefab/UniqueProp/TreasureItem/TreasureBox_Fantasy_2
145147,Adventure/Prefab/UniqueProp/Gimmick/GimmickSwitchDeflectServer
145148,Adventure/Prefab/UniqueProp/TreasureItem/TreasureBox_Fantasy_2
145149,Adventure/Prefab/UniqueProp/Gimmick/GimmickSwitchDeflectServer
145150,Adventure/Prefab/UniqueProp/TreasureItem/TreasureBox_Fantasy_2
145151,Adventure/Prefab/UniqueProp/Gimmick/GimmickSwitchConcentration
145152,Adventure/Prefab/UniqueProp/TreasureItem/TreasureBox_Fantasy_2
145153,Adventure/Prefab/UniqueProp/Gimmick/GimmickSwitchConcentration
145154,Adventure/Prefab/UniqueProp/TreasureItem/TreasureBox_Fantasy_2
145155,Adventure/Prefab/UniqueProp/Gimmick/GimmickSwitchDeflectServer
145156,Adventure/Prefab/UniqueProp/TreasureItem/TreasureBox_Fantasy_2
145157,Adventure/Prefab/UniqueProp/Gimmick/GimmickSwitchDeflectServer
145158,Adventure/Prefab/UniqueProp/TreasureItem/TreasureBox_Fantasy_2
145159,Adventure/Prefab/UniqueProp/Gimmick/GimmickSwitchConcentration
145160,Adventure/Prefab/UniqueProp/TreasureItem/TreasureBox_Fantasy_2
145161,Adventure/Prefab/UniqueProp/Gimmick/GimmickSwitchConcentration
145162,Adventure/Prefab/UniqueProp/TreasureItem/TreasureBox_Fantasy_2
145163,Adventure/Prefab/UniqueProp/Gimmick/GimmickSwitchConcentration
145164,Adventure/Prefab/UniqueProp/Gimmick/GimmickSwitchDeflectServer
145165,Adventure/Prefab/UniqueProp/TreasureItem/TreasureBox_Fantasy_2
145166,Adventure/Prefab/UniqueProp/Gimmick/GimmickSwitchConcentration
145167,Adventure/Prefab/UniqueProp/TreasureItem/TreasureBox_Fantasy_2
145168,Adventure/Prefab/UniqueProp/Gimmick/GimmickSwitchConcentration
145169,Adventure/Prefab/UniqueProp/TreasureItem/TreasureBox_Fantasy_2
145170,Adventure/Prefab/UniqueProp/Gimmick/GimmickSwitchDeflectServer
145171,Adventure/Prefab/UniqueProp/TreasureItem/TreasureBox_Fantasy_2
145172,Adventure/Prefab/UniqueProp/Gimmick/GimmickSwitchDeflectServer
145173,Adventure/Prefab/UniqueProp/TreasureItem/TreasureBox_Fantasy_2
145174,Adventure/Prefab/UniqueProp/Gimmick/GimmickSwitchDeflectServer
145175,Adventure/Prefab/UniqueProp/TreasureItem/TreasureBox_Fantasy_1
145176,Adventure/Prefab/UniqueProp/TreasureItem/TreasureBox_Fantasy_1
145177,Adventure/Prefab/UniqueProp/TreasureItem/TreasureBox_Fantasy_2
145178,Adventure/Prefab/UniqueProp/Gimmick/GimmickSwitchConcentration
145179,Adventure/Prefab/UniqueProp/TreasureItem/TreasureBox_Fantasy_2
145180,Adventure/Prefab/UniqueProp/Gimmick/GimmickSwitchDeflectServer
145181,Adventure/Prefab/UniqueProp/TreasureItem/TreasureBox_Fantasy_2
145182,Adventure/Prefab/UniqueProp/Gimmick/GimmickSwitchDeflectServer
145183,Adventure/Prefab/UniqueProp/TreasureItem/TreasureBox_Fantasy_2
145184,Adventure/Prefab/UniqueProp/Gimmick/GimmickSwitchConcentration
145185,Adventure/Prefab/UniqueProp/TreasureItem/TreasureBox_Fantasy_2
145186,Adventure/Prefab/UniqueProp/Gimmick/GimmickSwitchDeflectServer
145187,Adventure/Prefab/UniqueProp/TreasureItem/TreasureBox_Fantasy_2
145188,Adventure/Prefab/UniqueProp/Gimmick/GimmickSwitchConcentration
145189,Adventure/Prefab/UniqueProp/TreasureItem/TreasureBox_Fantasy_2
145190,Adventure/Prefab/UniqueProp/Gimmick/GimmickSwitchConcentration
145191,Adventure/Prefab/UniqueProp/TreasureItem/TreasureBox_Fantasy_1
145192,Adventure/Prefab/UniqueProp/TreasureItem/TreasureBox_Fantasy_1
145193,Adventure/Prefab/UniqueProp/TreasureItem/TreasureBox_Fantasy_1
145194,Adventure/Prefab/UniqueProp/TreasureItem/TreasureBox_Fantasy_1
145195,Adventure/Prefab/UniqueProp/TreasureItem/TreasureBox_Fantasy_2
145196,Adventure/Prefab/UniqueProp/TreasureItem/TreasureBox_Fantasy_2
145197,Adventure/Prefab/UniqueProp/TreasureItem/TreasureBox_Fantasy_1
145198,Adventure/Prefab/UniqueProp/TreasureItem/TreasureBox_Fantasy_1
145199,Adventure/Prefab/UniqueProp/TreasureItem/TreasureBox_Fantasy_1
145200,Adventure/Prefab/UniqueProp/TreasureItem/TreasureBox_Fantasy_1
145201,Adventure/Prefab/UniqueProp/TreasureItem/TreasureBox_Fantasy_2
145202,Adventure/Prefab/UniqueProp/TreasureItem/TreasureBox_Fantasy_3
145203,Adventure/Prefab/UniqueProp/TreasureItem/TreasureBox_Fantasy_2
145204,Adventure/Prefab/UniqueProp/TreasureItem/TreasureBox_Fantasy_1
145205,Adventure/Prefab/UniqueProp/TreasureItem/TreasureBox_Fantasy_1
145206,Adventure/Prefab/UniqueProp/TreasureItem/TreasureBox_Fantasy_1
145207,Adventure/Prefab/UniqueProp/TreasureItem/TreasureBox_Fantasy_1
145208,Adventure/Prefab/UniqueProp/TreasureItem/TreasureBox_Fantasy_1
145209,Adventure/Prefab/UniqueProp/TreasureItem/TreasureBox_Fantasy_1
145210,Adventure/Prefab/UniqueProp/TreasureItem/TreasureBox_Fantasy_1
145211,Adventure/Prefab/UniqueProp/TreasureItem/TreasureBox_Fantasy_1
145212,Adventure/Prefab/UniqueProp/TreasureItem/TreasureBox_Fantasy_1
145213,Adventure/Prefab/UniqueProp/TreasureItem/TreasureBox_Fantasy_2
145214,Adventure/Prefab/UniqueProp/Gimmick/GimmickSwitchDeflectServer
145215,Adventure/Prefab/UniqueProp/TreasureItem/TreasureBox_Fantasy_1
145216,Adventure/Prefab/UniqueProp/TreasureItem/TreasureBox_Fantasy_1
145217,Adventure/Prefab/UniqueProp/TreasureItem/TreasureBox_Fantasy_1
145218,Adventure/Prefab/UniqueProp/TreasureItem/TreasureBox_Fantasy_1
145219,Adventure/Prefab/UniqueProp/TreasureItem/TreasureBox_Fantasy_1
145220,Adventure/Prefab/UniqueProp/TreasureItem/TreasureBox_Fantasy_1
145221,Adventure/Prefab/UniqueProp/TreasureItem/TreasureBox_Fantasy_1
145222,Adventure/Prefab/UniqueProp/TreasureItem/TreasureBox_Fantasy_3
145223,
145224,Adventure/Prefab/UniqueProp/TreasureItem/TreasureBox_Fantasy_1
145225,Adventure/Prefab/UniqueProp/TreasureItem/TreasureBox_Fantasy_1
145226,Adventure/Prefab/UniqueProp/TreasureItem/TreasureBox_Fantasy_1
145227,Adventure/Prefab/UniqueProp/TreasureItem/TreasureBox_Fantasy_2
145228,Adventure/Prefab/UniqueProp/TreasureItem/TreasureBox_Fantasy_1
145229,Adventure/Prefab/UniqueProp/TreasureItem/TreasureBox_Fantasy_2
145230,Adventure/Prefab/UniqueProp/TreasureItem/TreasureBox_Fantasy_2
145231,Adventure/Prefab/UniqueProp/TreasureItem/TreasureBox_Fantasy_1
145232,Adventure/Prefab/UniqueProp/TreasureItem/TreasureBox_Fantasy_1
145233,Adventure/Prefab/UniqueProp/TreasureItem/TreasureBox_Fantasy_1
145234,Adventure/Prefab/UniqueProp/TreasureItem/TreasureBox_Fantasy_1
145235,Adventure/Prefab/UniqueProp/TreasureItem/TreasureBox_Fantasy_3
145236,
145237,Adventure/Prefab/UniqueProp/TreasureItem/TreasureBox_Fantasy_2
145238,Adventure/Prefab/UniqueProp/Gimmick/GimmickSwitchDeflectServer
145239,Adventure/Prefab/UniqueProp/TreasureItem/TreasureBox_Fantasy_1
145240,Adventure/Prefab/UniqueProp/TreasureItem/TreasureBox_Fantasy_1
145241,Adventure/Prefab/UniqueProp/TreasureItem/TreasureBox_Fantasy_1
145242,Adventure/Prefab/UniqueProp/TreasureItem/TreasureBox_Fantasy_1
145243,Adventure/Prefab/UniqueProp/TreasureItem/TreasureBox_Fantasy_1
145244,Adventure/Prefab/UniqueProp/TreasureItem/TreasureBox_Fantasy_3
145245,
145246,Adventure/Prefab/UniqueProp/TreasureItem/TreasureBox_Fantasy_3
145247,Adventure/Prefab/UniqueProp/TreasureItem/TreasureBox_Fantasy_1
145248,Adventure/Prefab/UniqueProp/TreasureItem/TreasureBox_Fantasy_1
145249,Adventure/Prefab/UniqueProp/TreasureItem/TreasureBox_Fantasy_1
145250,Adventure/Prefab/UniqueProp/TreasureItem/TreasureBox_Fantasy_1
145251,Adventure/Prefab/UniqueProp/TreasureItem/TreasureBox_Fantasy_1
145252,Adventure/Prefab/UniqueProp/TreasureItem/TreasureBox_Fantasy_1
145253,Adventure/Prefab/UniqueProp/TreasureItem/TreasureBox_Fantasy_2
145254,Adventure/Prefab/UniqueProp/TreasureItem/TreasureBox_Fantasy_2
145255,Adventure/Prefab/UniqueProp/TreasureItem/TreasureBox_Fantasy_3
145256,Adventure/Prefab/UniqueProp/TreasureItem/TreasureBox_Fantasy_3
145257,
145258,Adventure/Prefab/UniqueProp/TreasureItem/TreasureBox_Fantasy_1
145259,Adventure/Prefab/UniqueProp/TreasureItem/TreasureBox_Fantasy_1
145260,Adventure/Prefab/UniqueProp/TreasureItem/TreasureBox_Fantasy_3
145261,Adventure/Prefab/UniqueProp/TreasureItem/TreasureBox_Fantasy_1
145262,Adventure/Prefab/UniqueProp/TreasureItem/TreasureBox_Fantasy_1
145263,Adventure/Prefab/UniqueProp/TreasureItem/TreasureBox_Fantasy_3
145264,Adventure/Prefab/UniqueProp/TreasureItem/TreasureBox_Fantasy_1
145265,Adventure/Prefab/UniqueProp/TreasureItem/TreasureBox_Fantasy_1
145266,Adventure/Prefab/UniqueProp/TreasureItem/TreasureBox_Fantasy_1
145267,Adventure/Prefab/UniqueProp/TreasureItem/TreasureBox_Fantasy_2
145268,Adventure/Prefab/UniqueProp/TreasureItem/TreasureBox_Fantasy_3
145269,Adventure/Prefab/UniqueProp/TreasureItem/TreasureBox_Fantasy_1
145270,Adventure/Prefab/UniqueProp/TreasureItem/TreasureBox_Fantasy_1
145271,Adventure/Prefab/UniqueProp/TreasureItem/TreasureBox_Fantasy_2
145272,Adventure/Prefab/UniqueProp/TreasureItem/TreasureBox_Fantasy_2
145273,Adventure/Prefab/UniqueProp/TreasureItem/TreasureBox_Fantasy_1
145274,Adventure/Prefab/UniqueProp/TreasureItem/TreasureBox_Fantasy_3
145275,Adventure/Prefab/UniqueProp/TreasureItem/TreasureBox_Fantasy_2
145276,Adventure/Prefab/UniqueProp/TreasureItem/TreasureBox_Fantasy_1
145277,Adventure/Prefab/UniqueProp/TreasureItem/TreasureBox_Fantasy_1
145278,Adventure/Prefab/UniqueProp/TreasureItem/TreasureBox_Fantasy_2
145279,Adventure/Prefab/UniqueProp/TreasureItem/TreasureBox_Fantasy_1
145280,Adventure/Prefab/UniqueProp/TreasureItem/TreasureBox_Fantasy_2
145281,Adventure/Prefab/UniqueProp/TreasureItem/TreasureBox_Fantasy_1
145282,Adventure/Prefab/UniqueProp/TreasureItem/TreasureBox_Fantasy_2
145283,Adventure/Prefab/UniqueProp/TreasureItem/TreasureBox_Fantasy_2
145284,Adventure/Prefab/UniqueProp/TreasureItem/TreasureBox_Fantasy_2
145285,Adventure/Prefab/UniqueProp/TreasureItem/TreasureBox_Fantasy_2
145286,Adventure/Prefab/UniqueProp/TreasureItem/TreasureBox_Fantasy_2
145287,Adventure/Prefab/UniqueProp/TreasureItem/TreasureBox_Fantasy_2
145288,Adventure/Prefab/UniqueProp/TreasureItem/TreasureBox_Fantasy_2
145289,Adventure/Prefab/UniqueProp/TreasureItem/TreasureBox_Fantasy_2
145290,Adventure/Prefab/UniqueProp/TreasureItem/TreasureBox_Fantasy_1
145291,Adventure/Prefab/UniqueProp/TreasureItem/TreasureBox_Fantasy_2
145292,Adventure/Prefab/UniqueProp/TreasureItem/TreasureBox_Fantasy_2
145293,Adventure/Prefab/UniqueProp/TreasureItem/TreasureBox_Fantasy_2
145294,Adventure/Prefab/UniqueProp/TreasureItem/TreasureBox_Fantasy_2
145295,Adventure/Prefab/UniqueProp/TreasureItem/TreasureBox_Fantasy_2
145296,Adventure/Prefab/UniqueProp/TreasureItem/TreasureBox_Fantasy_1
145297,Adventure/Prefab/UniqueProp/TreasureItem/TreasureBox_Fantasy_2
145298,Adventure/Prefab/UniqueProp/TreasureItem/TreasureBox_Fantasy_1
145299,Adventure/Prefab/UniqueProp/TreasureItem/TreasureBox_Fantasy_1
145300,Adventure/Prefab/UniqueProp/TreasureItem/TreasureBox_Fantasy_1
145301,Adventure/Prefab/UniqueProp/TreasureItem/TreasureBox_Fantasy_1
145302,Adventure/Prefab/UniqueProp/TreasureItem/TreasureBox_Fantasy_3
145303,Adventure/Prefab/UniqueProp/Gimmick/GimmickSwitchDeflectServer
145304,Adventure/Prefab/UniqueProp/TreasureItem/TreasureBox_Fantasy_3
145305,Adventure/Prefab/UniqueProp/Gimmick/GimmickSwitchConcentration
145306,Adventure/Prefab/UniqueProp/TreasureItem/TreasureBox_Fantasy_2
145307,Adventure/Prefab/UniqueProp/TreasureItem/TreasureBox_Fantasy_3
145308,
145309,Adventure/Prefab/UniqueProp/TreasureItem/TreasureBox_Fantasy_1
145310,Adventure/Prefab/UniqueProp/TreasureItem/TreasureBox_Fantasy_1
145311,Adventure/Prefab/UniqueProp/TreasureItem/TreasureBox_Fantasy_1
145312,Adventure/Prefab/UniqueProp/TreasureItem/TreasureBox_Fantasy_1
145313,Adventure/Prefab/UniqueProp/TreasureItem/TreasureBox_Fantasy_3
145314,Adventure/Prefab/UniqueProp/Gimmick/GimmickSwitchConcentration
145315,Adventure/Prefab/UniqueProp/TreasureItem/TreasureBox_Fantasy_2
145316,Adventure/Prefab/UniqueProp/TreasureItem/TreasureBox_Fantasy_3
145317,
145318,Adventure/Prefab/UniqueProp/TreasureItem/TreasureBox_Fantasy_1
145319,Adventure/Prefab/UniqueProp/TreasureItem/TreasureBox_Fantasy_1
145320,Adventure/Prefab/UniqueProp/TreasureItem/TreasureBox_Fantasy_1
145321,Adventure/Prefab/UniqueProp/TreasureItem/TreasureBox_Fantasy_3
145322,Adventure/Prefab/UniqueProp/Gimmick/GimmickSwitchDeflectServer
145323,Adventure/Prefab/UniqueProp/TreasureItem/TreasureBox_Fantasy_3
145324,Adventure/Prefab/UniqueProp/Gimmick/GimmickSwitchConcentration
145325,Adventure/Prefab/UniqueProp/TreasureItem/TreasureBox_Fantasy_2
145326,Adventure/Prefab/UniqueProp/TreasureItem/TreasureBox_Fantasy_1
145327,Adventure/Prefab/UniqueProp/TreasureItem/TreasureBox_Fantasy_1
145328,Adventure/Prefab/UniqueProp/TreasureItem/TreasureBox_Fantasy_1
145329,Adventure/Prefab/UniqueProp/TreasureItem/TreasureBox_Fantasy_1
145330,Adventure/Prefab/UniqueProp/TreasureItem/TreasureBox_Fantasy_3
145331,Adventure/Prefab/UniqueProp/Gimmick/GimmickSwitchDeflectServer
145332,Adventure/Prefab/UniqueProp/TreasureItem/TreasureBox_Fantasy_3
145333,Adventure/Prefab/UniqueProp/Gimmick/GimmickSwitchConcentration
145334,Adventure/Prefab/UniqueProp/TreasureItem/TreasureBox_Fantasy_3
145335,Adventure/Prefab/UniqueProp/Gimmick/GimmickSwitchConcentration
145336,Adventure/Prefab/UniqueProp/TreasureItem/TreasureBox_Fantasy_2
145337,Adventure/Prefab/UniqueProp/TreasureItem/TreasureBox_Fantasy_3
145338,
145339,Adventure/Prefab/UniqueProp/TreasureItem/TreasureBox_Fantasy_3
145340,
145341,Adventure/Prefab/UniqueProp/TreasureItem/TreasureBox_Fantasy_1
145342,Adventure/Prefab/UniqueProp/TreasureItem/TreasureBox_Fantasy_2
145343,Adventure/Prefab/UniqueProp/TreasureItem/TreasureBox_Fantasy_3
145344,
145356,Adventure/Prefab/UniqueProp/TreasureItem/TreasureBox_Fantasy_2
145357,Adventure/Prefab/UniqueProp/TreasureItem/TreasureBox_Fantasy_2
145358,Adventure/Prefab/UniqueProp/TreasureItem/TreasureBox_Fantasy_2
145359,Adventure/Prefab/UniqueProp/TreasureItem/TreasureBox_Fantasy_2
145360,Adventure/Prefab/UniqueProp/TreasureItem/TreasureBox_Fantasy_2
145361,Adventure/Prefab/UniqueProp/TreasureItem/TreasureBox_Fantasy_2
145362,Adventure/Prefab/UniqueProp/TreasureItem/TreasureBox_Fantasy_2
145363,Adventure/Prefab/UniqueProp/TreasureItem/TreasureBox_Fantasy_2
145364,Adventure/Prefab/UniqueProp/TreasureItem/TreasureBox_Fantasy_2
145365,Adventure/Prefab/UniqueProp/TreasureItem/TreasureBox_Fantasy_2
145366,Adventure/Prefab/UniqueProp/TreasureItem/TreasureBox_Fantasy_2
145367,Adventure/Prefab/UniqueProp/TreasureItem/TreasureBox_Fantasy_2
145368,Adventure/Prefab/UniqueProp/TreasureItem/TreasureBox_Fantasy_2
145369,Adventure/Prefab/UniqueProp/TreasureItem/TreasureBox_Fantasy_2
145371,Adventure/Prefab/UniqueProp/TreasureItem/TreasureBox_Fantasy_2
145372,Adventure/Prefab/UniqueProp/TreasureItem/TreasureBox_Fantasy_2
145373,Adventure/Prefab/UniqueProp/TreasureItem/TreasureBox_Fantasy_2
145374,Adventure/Prefab/UniqueProp/TreasureItem/TreasureBox_Fantasy_2
145375,Adventure/Prefab/UniqueProp/TreasureItem/TreasureBox_Fantasy_2
145376,Adventure/Prefab/UniqueProp/TreasureItem/TreasureBox_Fantasy_2
145377,Adventure/Prefab/UniqueProp/TreasureItem/TreasureBox_Fantasy_3
145378,Adventure/Prefab/UniqueProp/TreasureItem/TreasureBox_Fantasy_3
145379,Adventure/Prefab/UniqueProp/TreasureItem/TreasureBox_Fantasy_3
145380,Adventure/Prefab/UniqueProp/TreasureItem/TreasureBox_Fantasy_3
145381,Adventure/Prefab/UniqueProp/TreasureItem/TreasureBox_Fantasy_3
145382,Adventure/Prefab/UniqueProp/TreasureItem/TreasureBox_Fantasy_1
145383,Adventure/Prefab/UniqueProp/TreasureItem/TreasureBox_Fantasy_1
145384,Adventure/Prefab/UniqueProp/TreasureItem/TreasureBox_Fantasy_1
145385,Adventure/Prefab/UniqueProp/TreasureItem/TreasureBox_Fantasy_2
145386,Adventure/Prefab/UniqueProp/TreasureItem/TreasureBox_Fantasy_1
145387,Adventure/Prefab/UniqueProp/TreasureItem/TreasureBox_Fantasy_1
145388,Adventure/Prefab/UniqueProp/TreasureItem/TreasureBox_Fantasy_1
145389,Adventure/Prefab/UniqueProp/TreasureItem/TreasureBox_Fantasy_2
145390,Adventure/Prefab/UniqueProp/TreasureItem/TreasureBox_Fantasy_1
145391,Adventure/Prefab/UniqueProp/TreasureItem/TreasureBox_Fantasy_2
145392,Adventure/Prefab/UniqueProp/TreasureItem/TreasureBox_Fantasy_3
145393,Adventure/Prefab/UniqueProp/TreasureItem/TreasureBox_Fantasy_3
145394,Adventure/Prefab/UniqueProp/TreasureItem/TreasureBox_Fantasy_3
145395,Adventure/Prefab/UniqueProp/TreasureItem/TreasureBox_Fantasy_3
145396,Adventure/Prefab/UniqueProp/TreasureItem/TreasureBox_Fantasy_3
145397,Adventure/Prefab/UniqueProp/TreasureItem/TreasureBox_Fantasy_3
145398,Adventure/Prefab/UniqueProp/TreasureItem/TreasureBox_Fantasy_3
145399,Adventure/Prefab/UniqueProp/TreasureItem/TreasureBox_Fantasy_3
145400,Adventure/Prefab/UniqueProp/TreasureItem/TreasureBox_Fantasy_3
145401,Adventure/Prefab/UniqueProp/TreasureItem/TreasureBox_Fantasy_3
145402,Adventure/Prefab/UniqueProp/TreasureItem/TreasureBox_Fantasy_3
145403,Adventure/Prefab/UniqueProp/TreasureItem/TreasureBox_Fantasy_3
145404,Adventure/Prefab/UniqueProp/TreasureItem/TreasureBox_Fantasy_3
145405,Adventure/Prefab/UniqueProp/TreasureItem/TreasureBox_Fantasy_3
145406,Adventure/Prefab/UniqueProp/TreasureItem/TreasureBox_Fantasy_3
145407,Adventure/Prefab/UniqueProp/TreasureItem/TreasureBox_Fantasy_1
145408,Adventure/Prefab/UniqueProp/TreasureItem/TreasureBox_Fantasy_1
145409,Adventure/Prefab/UniqueProp/TreasureItem/TreasureBox_Fantasy_1
145410,Adventure/Prefab/UniqueProp/TreasureItem/TreasureBox_Fantasy_1
145411,Adventure/Prefab/UniqueProp/TreasureItem/TreasureBox_Fantasy_1
145412,Adventure/Prefab/UniqueProp/TreasureItem/TreasureBox_Fantasy_1
145413,Adventure/Prefab/UniqueProp/TreasureItem/TreasureBox_Fantasy_1
145414,Adventure/Prefab/UniqueProp/TreasureItem/TreasureBox_Fantasy_1
145415,Adventure/Prefab/UniqueProp/TreasureItem/TreasureBox_Fantasy_2
145416,Adventure/Prefab/UniqueProp/TreasureItem/TreasureBox_Fantasy_2
145417,Adventure/Prefab/UniqueProp/TreasureItem/TreasureBox_Fantasy_2
145418,Adventure/Prefab/UniqueProp/TreasureItem/TreasureBox_Fantasy_2
145419,Adventure/Prefab/UniqueProp/TreasureItem/TreasureBox_Fantasy_2
145420,Adventure/Prefab/UniqueProp/TreasureItem/TreasureBox_Fantasy_3
145421,Adventure/Prefab/UniqueProp/TreasureItem/TreasureBox_Fantasy_3
145422,Adventure/Prefab/UniqueProp/TreasureItem/TreasureBox_Fantasy_3
145423,Adventure/Prefab/UniqueProp/TreasureItem/TreasureBox_Fantasy_2
148001,Adventure/Prefab/UniqueProp/Gimmick/GimmickWall_ErectricOpen
148002,Adventure/Prefab/UniqueProp/Gimmick/GimmickSwitchElectricRebone
148003,Adventure/Prefab/UniqueProp/Gimmick/GimmickSwitchShurikenCutter
148004,Adventure/Prefab/UniqueProp/Gimmick/GimmickBridge_Lock
148006,Adventure/Prefab/UniqueProp/Gimmick/GimmickSteelFrameVertical
148007,Adventure/Prefab/UniqueProp/Gimmick/GimmickWall_ErectricOpen
148008,Adventure/Prefab/UniqueProp/Gimmick/GimmickSwitchElectricRebone
148009,Adventure/Prefab/UniqueProp/Gimmick/GimmickWall_ErectricOpenyellow
148010,Adventure/Prefab/UniqueProp/Gimmick/GimmickSwitch_City00_PowerRepair
148011,Adventure/Prefab/UniqueProp/Gimmick/GimmickWall_ErectricOpenyellow
148201,Adventure/Prefab/UniqueProp/Gimmick/GimmickFlowerMarkWall_num92_Close
148202,Adventure/Prefab/UniqueProp/Gimmick/GimmickFlowerMarkWall_Open
148203,Adventure/Prefab/UniqueProp/Gimmick/GimmickFlowerMarkWall_num92_Close
148204,Adventure/Prefab/UniqueProp/Gimmick/GimmickFlowerMarkWall_Open
148205,Adventure/Prefab/UniqueProp/Gimmick/GimmickFlowerMarkWall_num92_Close
148206,Adventure/Prefab/UniqueProp/Gimmick/GimmickFlowerMarkWall_Open
148207,Adventure/Prefab/UniqueProp/Gimmick/GimmickWall
148208,Adventure/Prefab/UniqueProp/Gimmick/GimmickWall
148209,Adventure/Prefab/UniqueProp/Gimmick/GimmickSwitch_City00_PowerRepair
148210,Adventure/Prefab/UniqueProp/Gimmick/GimmickWall
148211,Adventure/Prefab/UniqueProp/Gimmick/GimmickWall
148212,Adventure/Prefab/UniqueProp/Gimmick/GimmickSwitch_City00_PowerRepair
148213,Adventure/Prefab/UniqueProp/Gimmick/GimmickWall
148214,Adventure/Prefab/UniqueProp/Gimmick/GimmickWall
148215,Adventure/Prefab/UniqueProp/Gimmick/GimmickSwitch_City00_PowerRepair
148216,Adventure/Prefab/UniqueProp/Gimmick/GimmickSwitch_City00_PowerRepair
148217,Adventure/Prefab/UniqueProp/Gimmick/GimmickSwitch_City00_PowerRepair
148218,Adventure/Prefab/UniqueProp/Gimmick/GimmickWall_ErectricOpen
148219,Adventure/Prefab/UniqueProp/Gimmick/GimmickSwitchElectricRebone
148220,Adventure/Prefab/UniqueProp/Gimmick/GimmickWall_ErectricOpen
148221,Adventure/Prefab/UniqueProp/Gimmick/GimmickSwitchElectricRebone
148222,Adventure/Prefab/UniqueProp/Gimmick/GimmickWall_ErectricOpen
148223,Adventure/Prefab/UniqueProp/Gimmick/GimmickSwitchElectricRebone
148224,Adventure/Prefab/UniqueProp/Gimmick/GimmickWall_ErectricOpen
148225,Adventure/Prefab/UniqueProp/Gimmick/GimmickSwitchElectricRebone
148228,Adventure/Prefab/UniqueProp/Gimmick/GimmickWall_ErectricOpen
148229,Adventure/Prefab/UniqueProp/Gimmick/GimmickSwitchElectricRebone
148230,Adventure/Prefab/UniqueProp/Gimmick/GimmickSwitch_City00_InvisibleSequenceObject
148231,Adventure/Prefab/UniqueProp/Gimmick/Gimmick_GrayBox_Cube_Small
148232,Adventure/Prefab/UniqueProp/Gimmick/GimmickSwitch_City00_DroneRepair
148233,Adventure/Prefab/UniqueProp/Gimmick/GimmickSwitch_City00_InvisibleSequenceObject
148234,Adventure/Prefab/UniqueProp/Gimmick/Gimmick_GrayBox_Cube_Small
148235,Adventure/Prefab/UniqueProp/Gimmick/GimmickSwitch_City00_DroneRepair
148236,Adventure/Prefab/UniqueProp/Gimmick/GimmickSwitch_City00_InvisibleSequenceObject
148237,Adventure/Prefab/UniqueProp/Gimmick/Gimmick_GrayBox_Cube_Small
148238,Adventure/Prefab/UniqueProp/Gimmick/GimmickSwitch_City00_DroneRepair
148239,Adventure/Prefab/UniqueProp/Gimmick/GimmickSwitch_City00_InvisibleSequenceObject
148240,Adventure/Prefab/UniqueProp/Gimmick/Gimmick_GrayBox_Cube_Small
148241,Adventure/Prefab/UniqueProp/Gimmick/GimmickSwitch_City00_DroneRepair
148242,Adventure/Prefab/UniqueProp/Gimmick/GimmickWall_ErectricOpen
148243,Adventure/Prefab/UniqueProp/Gimmick/GimmickSwitchElectricRebone
148244,Adventure/Prefab/UniqueProp/Gimmick/GimmickSwitchShurikenCutter
148245,Adventure/Prefab/UniqueProp/Gimmick/GimmickBridge_Lock
148246,Adventure/Prefab/UniqueProp/Gimmick/GimmickSwitchShurikenCutter
148247,Adventure/Prefab/UniqueProp/Gimmick/GimmickBridge_Lock
148248,Adventure/Prefab/UniqueProp/Gimmick/GimmickSwitchShurikenCutter
148249,Adventure/Prefab/UniqueProp/Gimmick/GimmickBridge_Lock
148250,Adventure/Prefab/UniqueProp/Gimmick/GimmickSwitchShurikenCutter
148251,Adventure/Prefab/UniqueProp/Gimmick/GimmickBridge_Lock
148252,Adventure/Prefab/UniqueProp/Gimmick/GimmickSwitchShurikenCutter
148253,Adventure/Prefab/UniqueProp/Gimmick/GimmickBridge_Lock
148254,Adventure/Prefab/UniqueProp/Gimmick/GimmickSwitchShurikenCutter
148255,Adventure/Prefab/UniqueProp/Gimmick/GimmickBridge_Lock
148256,Adventure/Prefab/UniqueProp/Gimmick/GimmickSteelFrameVertical
148257,Adventure/Prefab/UniqueProp/Gimmick/GimmickSteelFrameVertical
148258,Adventure/Prefab/UniqueProp/Gimmick/GimmickSteelFrameVertical
148259,Adventure/Prefab/UniqueProp/Gimmick/GimmickSteelFrameVertical
148260,Adventure/Prefab/UniqueProp/Gimmick/GimmickSteelFrameVertical
148261,Adventure/Prefab/UniqueProp/Gimmick/GimmickSteelFrameVertical
148262,Adventure/Prefab/UniqueProp/ChallengeObject/SequenceInvisibleObject
148263,Adventure/Prefab/UniqueProp/ChallengeObject/SequenceInvisibleObject
148264,Adventure/Prefab/UniqueProp/ChallengeObject/SequenceInvisibleObject
148265,Adventure/Prefab/UniqueProp/ChallengeObject/SequenceInvisibleObject
148266,Adventure/Prefab/UniqueProp/ChallengeObject/SequenceInvisibleObject
148267,Adventure/Prefab/UniqueProp/ChallengeObject/SequenceInvisibleObject
148268,Adventure/Prefab/UniqueProp/ChallengeObject/SequenceInvisibleObject
148269,
148270,Adventure/Prefab/UniqueProp/ChallengeObject/SequenceInvisibleObject
149001,Adventure/Prefab/UniqueProp/Character/CompositeDotView5007001
149002,Adventure/Prefab/UniqueProp/Character/CompositeDotView5005001
149003,Adventure/Prefab/UniqueProp/Character/CompositeDotView5006001
149004,Adventure/Prefab/UniqueProp/Character/CompositeDotView5003001
149005,Adventure/Prefab/UniqueProp/Character/CompositeDotView5013001
149006,Adventure/Prefab/UniqueProp/Character/CompositeDotView5008001
149007,Adventure/Prefab/UniqueProp/Character/CompositeDotView5009001
149008,Adventure/Prefab/UniqueProp/Character/CompositeDotView5010001
149009,Adventure/Prefab/UniqueProp/Character/CompositeDotView5011001
149101,Adventure/Prefab/UniqueProp/ActivityPoint/ActivityPoint
149102,Adventure/Prefab/UniqueProp/ActivityPoint/ActivityPoint
149103,Adventure/Prefab/UniqueProp/ActivityPoint/ActivityPoint
149104,Adventure/Prefab/UniqueProp/ActivityPoint/ActivityPoint
149105,Adventure/Prefab/UniqueProp/ActivityPoint/ActivityPoint
149106,Adventure/Prefab/UniqueProp/ActivityPoint/ActivityPoint
149107,Adventure/Prefab/UniqueProp/ActivityPoint/ActivityPoint
149108,Adventure/Prefab/UniqueProp/ActivityPoint/ActivityPoint
149109,Adventure/Prefab/UniqueProp/ActivityPoint/ActivityPoint
149110,Adventure/Prefab/UniqueProp/ActivityPoint/ActivityPoint
149111,Adventure/Prefab/UniqueProp/ActivityPoint/ActivityPoint
149112,Adventure/Prefab/UniqueProp/ActivityPoint/ActivityPoint
149113,Adventure/Prefab/UniqueProp/ActivityPoint/ActivityPoint
149201,Adventure/Prefab/UniqueProp/ActivityPoint/ActivityPointDungeon
149202,Adventure/Prefab/UniqueProp/ActivityPoint/ActivityPointDungeon
149203,Adventure/Prefab/UniqueProp/ActivityPoint/ActivityPointDungeon
149204,Adventure/Prefab/UniqueProp/ActivityPoint/ActivityPointDungeon
149205,Adventure/Prefab/UniqueProp/FieldBoss/FieldBossObject2603001
149301,Adventure/Prefab/UniqueProp/Character/CompositeDotView2504001EliteEnemy
149302,Adventure/Prefab/UniqueProp/Gimmick/AreaObjectInvisibleWall_Z
149303,Adventure/Prefab/UniqueProp/Character/CompositeDotView2013001EliteEnemy
149304,Adventure/Prefab/UniqueProp/Gimmick/AreaObjectInvisibleWall_X3
149305,Adventure/Prefab/UniqueProp/Character/CompositeDotView2532001EliteEnemy
149306,Adventure/Prefab/UniqueProp/Gimmick/AreaObjectInvisibleWall_X3
149307,Adventure/Prefab/UniqueProp/Character/CompositeDotView2573002EliteEnemy
149308,Adventure/Prefab/UniqueProp/Gimmick/AreaObjectInvisibleWall_X3
149309,Adventure/Prefab/UniqueProp/Character/CompositeDotView2572001EliteEnemy
149310,Adventure/Prefab/UniqueProp/Gimmick/AreaObjectInvisibleWall_X3
149501,Adventure/Prefab/UniqueProp/TreasureItem/TreasureKey
149502,
149503,
305003,Adventure/Prefab/UniqueProp/TreasureItem/TreasureBox_Fantasy_1
305006,Adventure/Prefab/UniqueProp/TreasureItem/TreasureBox_Fantasy_1
305007,Adventure/Prefab/UniqueProp/TreasureItem/TreasureBox_Fantasy_2
305008,Adventure/Prefab/UniqueProp/TreasureItem/TreasureBox_Fantasy_1
305009,Adventure/Prefab/UniqueProp/TreasureItem/TreasureBox_Fantasy_2
307013,
308001,Adventure/Prefab/UniqueProp/Gimmick/GimmickWall_ErectricOpen
308002,Adventure/Prefab/UniqueProp/Gimmick/GimmickSwitchElectricRebone
308003,Adventure/Prefab/UniqueProp/Gimmick/GimmickWall_ErectricOpen
309001,Adventure/Prefab/UniqueProp/Character/CompositeDotView5003001
309101,Adventure/Prefab/UniqueProp/ActivityPoint/ActivityPointBroken
309102,Adventure/Prefab/UniqueProp/ActivityPoint/ActivityPointBroken
309901,Adventure/Prefab/UniqueProp/ChallengeObject/SequenceInvisibleObject
700001,Adventure/Prefab/UniqueProp/Character/CompositeDotView6001001
700002,Adventure/Prefab/UniqueProp/Character/CompositeDotView6002001
700003,Adventure/Prefab/UniqueProp/Character/CompositeDotView6003001
700004,Adventure/Prefab/UniqueProp/Character/CompositeDotView6004001
700005,Adventure/Prefab/UniqueProp/Character/CompositeDotView6005001
700006,Adventure/Prefab/UniqueProp/Character/CompositeDotView6006001
700007,Adventure/Prefab/UniqueProp/Character/CompositeDotView6001004
700008,Adventure/Prefab/UniqueProp/Character/CompositeDotView6002004
700009,Adventure/Prefab/UniqueProp/Character/CompositeDotView6003004
700010,Adventure/Prefab/UniqueProp/Character/CompositeDotView6004004
700011,Adventure/Prefab/UniqueProp/Character/CompositeDotView6005004
700012,Adventure/Prefab/UniqueProp/Character/CompositeDotView6006004
700013,Adventure/Prefab/UniqueProp/Character/CompositeDotView1010001
700014,Adventure/Prefab/UniqueProp/Character/CompositeDotView1011001
700015,Adventure/Prefab/UniqueProp/ChallengeObject/FlavorInvisibleObject_Sphere_Large
700016,Adventure/Prefab/UniqueProp/ChallengeObject/FlavorInvisibleObject_Sphere_Large
700017,Adventure/Prefab/UniqueProp/ChallengeObject/FlavorInvisibleObject_Sphere_Large
700018,Adventure/Prefab/UniqueProp/ChallengeObject/FlavorInvisibleObject_BoxFront
700019,Adventure/Prefab/UniqueProp/ChallengeObject/FlavorInvisibleObject_BoxFront
700020,Adventure/Prefab/UniqueProp/ChallengeObject/FlavorInvisibleObject_BoxFront
700021,Adventure/Prefab/UniqueProp/ChallengeObject/ObjectFakeHouseRotation
700022,Adventure/Prefab/UniqueProp/Character/CompositeDotView2241001
700023,Adventure/Prefab/UniqueProp/Character/CompositeDotView2241001
700024,Adventure/Prefab/UniqueProp/Character/CompositeDotView2241001
700025,Adventure/Prefab/UniqueProp/Character/CompositeDotView2241001
700026,Adventure/Prefab/UniqueProp/Character/CompositeDotView2241001
700027,Adventure/Prefab/UniqueProp/Character/CompositeDotView1009001
700028,Adventure/Prefab/UniqueProp/Character/CompositeDotView1004001
700029,Adventure/Prefab/UniqueProp/Character/CompositeDotView1008001
700030,Adventure/Prefab/UniqueProp/Character/CompositeDotView1005001
700031,Adventure/Prefab/UniqueProp/Character/CompositeDotView2501002
700032,Adventure/Prefab/UniqueProp/Character/CompositeDotView2501002
700033,Adventure/Prefab/UniqueProp/Character/CompositeDotView2501002
700034,Adventure/Prefab/UniqueProp/Character/CompositeDotView1007001
700035,Adventure/Prefab/UniqueProp/Character/CompositeDotView1014001
700036,Adventure/Prefab/UniqueProp/Character/CompositeDotView1013001
700037,Adventure/Prefab/UniqueProp/Character/CompositeDotView1003001
700038,Adventure/Prefab/UniqueProp/Character/CompositeDotView2241001
700039,Adventure/Prefab/UniqueProp/Character/CompositeDotView2501002
700040,Adventure/Prefab/UniqueProp/Character/CompositeDotView2501002
700044,Adventure/Prefab/UniqueProp/ChallengeObject/ObjectTensionCard
700045,Adventure/Prefab/UniqueProp/Character/CompositeDotView2501002
700046,Adventure/Prefab/UniqueProp/Character/CompositeDotView1002001
700047,Adventure/Prefab/UniqueProp/Character/CompositeDotView1014001
700048,Adventure/Prefab/UniqueProp/Character/CompositeDotView1013001
700049,Adventure/Prefab/UniqueProp/Character/CompositeDotView1007001
700050,Adventure/Prefab/UniqueProp/Character/CompositeDotView1004001
700051,Adventure/Prefab/UniqueProp/Character/CompositeDotView1003001
700052,Adventure/Prefab/UniqueProp/Character/CompositeDotView1008001
700053,Adventure/Prefab/UniqueProp/ChallengeObject/SequenceInvisibleObject
700055,Adventure/Prefab/UniqueProp/ChallengeObject/FlavorInvisibleObject_Sphere
700056,Adventure/Prefab/UniqueProp/ChallengeObject/FlavorInvisibleObject_BoxFront_Window
700057,Adventure/Prefab/UniqueProp/ChallengeObject/FlavorInvisibleObject_Sphere_1.2
700058,Adventure/Prefab/UniqueProp/ChallengeObject/SequenceInvisibleObject
700059,Adventure/Prefab/UniqueProp/Character/CompositeDotView1009001
700060,Adventure/Prefab/UniqueProp/Character/CompositeDotView1803001
700061,Adventure/Prefab/UniqueProp/Character/CompositeDotView2092002
700062,Adventure/Prefab/UniqueProp/Character/CompositeDotView1018001
700063,Adventure/Prefab/UniqueProp/Character/CompositeDotView2241001_KubikiriObstacle
700064,Adventure/Prefab/UniqueProp/Character/CompositeDotView2241001_KubikiriObstacle
700065,Adventure/Prefab/UniqueProp/Character/CompositeDotView2241001_KubikiriObstacle
700066,Adventure/Prefab/UniqueProp/Character/CompositeDotView2241001_KubikiriObstacle
700067,Adventure/Prefab/UniqueProp/Character/CompositeDotView2241001
700068,Adventure/Prefab/UniqueProp/Character/CompositeDotView2241001
700069,Adventure/Prefab/UniqueProp/Character/CompositeDotView2241001
700070,Adventure/Prefab/UniqueProp/Character/CompositeDotView2241001
700072,Adventure/Prefab/UniqueProp/ChallengeObject/Object_Truck
700073,Adventure/Prefab/UniqueProp/ChallengeObject/Object_Fence
700074,Adventure/Prefab/UniqueProp/ChallengeObject/SequenceInvisibleWallObject_Large
700075,Adventure/Prefab/UniqueProp/ChallengeObject/Object_MuseumStaffdoorNormal
700076,Adventure/Prefab/UniqueProp/ChallengeObject/Object_MuseumStaffdoor
700077,Adventure/Prefab/UniqueProp/ChallengeObject/Object_TrashA
700078,Adventure/Prefab/UniqueProp/ChallengeObject/Object_TrashB
700079,Adventure/Prefab/UniqueProp/ChallengeObject/Object_TrashC
700080,Adventure/Prefab/UniqueProp/ChallengeObject/Object_TrashC
700081,Adventure/Prefab/UniqueProp/ChallengeObject/Object_TrashD
700082,Adventure/Prefab/UniqueProp/ChallengeObject/Object_TrashC
700085,Adventure/Prefab/UniqueProp/Character/CompositeDotView1803001
700086,Adventure/Prefab/UniqueProp/Character/CompositeDotView1803001
700087,Adventure/Prefab/UniqueProp/Character/CompositeDotView2241001_KubikiriObstacle
700088,Adventure/Prefab/UniqueProp/Character/CompositeDotView2241001_KubikiriObstacle
700089,Adventure/Prefab/UniqueProp/Character/CompositeDotView2241001_KubikiriObstacle
700090,Adventure/Prefab/UniqueProp/Character/CompositeDotView2241001_KubikiriObstacle
700091,Adventure/Prefab/UniqueProp/Character/CompositeDotView2241001_KubikiriObstacle
700092,Adventure/Prefab/UniqueProp/Character/CompositeDotView2241001_KubikiriObstacle
700093,Adventure/Prefab/UniqueProp/Character/CompositeDotView2241001_KubikiriObstacle
700094,Adventure/Prefab/UniqueProp/Character/CompositeDotView2241001_KubikiriObstacle
700098,Adventure/Prefab/UniqueProp/Character/CompositeDotView2091003
700099,Adventure/Prefab/UniqueProp/Character/CompositeDotView2091003
700100,Adventure/Prefab/UniqueProp/Character/CompositeDotView2091003
700101,Adventure/Prefab/UniqueProp/Character/CompositeDotView2091003
700102,Adventure/Prefab/UniqueProp/Character/CompositeDotView2092003
700103,Adventure/Prefab/UniqueProp/Character/CompositeDotView2092003
700104,Adventure/Prefab/UniqueProp/Character/CompositeDotView2241001
700105,Adventure/Prefab/UniqueProp/Character/CompositeDotView2241001
700106,Adventure/Prefab/UniqueProp/Character/CompositeDotView2241001
700107,Adventure/Prefab/UniqueProp/Character/CompositeDotView2242001
700108,Adventure/Prefab/UniqueProp/Character/CompositeDotView2242001
700109,Adventure/Prefab/UniqueProp/Character/CompositeDotView2092002
700110,Adventure/Prefab/UniqueProp/ChallengeObject/Object_fenceA
700111,Adventure/Prefab/UniqueProp/Character/CompositeDotView1002001
700112,Adventure/Prefab/UniqueProp/Character/CompositeDotView1016902
700113,Adventure/Prefab/UniqueProp/ChallengeObject/Object_fenceA
700114,Adventure/Prefab/UniqueProp/ChallengeObject/Object_fenceA
700115,Adventure/Prefab/UniqueProp/Character/CompositeDotView2951001
700116,Adventure/Prefab/UniqueProp/Character/CompositeDotView1018001
700117,Adventure/Prefab/UniqueProp/Character/CompositeDotView2241001
700118,Adventure/Prefab/UniqueProp/Character/CompositeDotView2241001
700119,Adventure/Prefab/UniqueProp/Character/CompositeDotView2242001
700120,Adventure/Prefab/UniqueProp/Character/CompositeDotView2242001
700121,Adventure/Prefab/UniqueProp/ChallengeObject/Object_Luggage
700122,Adventure/Prefab/UniqueProp/Character/CompositeDotView1005001
700123,Adventure/Prefab/UniqueProp/Character/CompositeDotView1008001
700124,Adventure/Prefab/UniqueProp/Character/CompositeDotView4010001
700125,Adventure/Prefab/UniqueProp/Character/CompositeDotView1011001
700126,Adventure/Prefab/UniqueProp/ChallengeObject/SequenceInvisibleObject
700127,Adventure/Prefab/UniqueProp/ChallengeObject/SequenceInvisibleObject
700128,Adventure/Prefab/UniqueProp/ChallengeObject/SequenceInvisibleObject
702001,Adventure/Prefab/UniqueProp/Character/CompositeDotView1012001
702002,Adventure/Prefab/UniqueProp/Character/CompositeDotView1009001
702003,Adventure/Prefab/UniqueProp/Character/CompositeDotView1013001
702004,Adventure/Prefab/UniqueProp/Character/CompositeDotView1006001
702005,Adventure/Prefab/UniqueProp/Character/CompositeDotView1008001
702006,Adventure/Prefab/UniqueProp/Character/CompositeDotView1002001
702007,Adventure/Prefab/UniqueProp/Character/CompositeDotView1005001
702008,Adventure/Prefab/UniqueProp/Character/CompositeDotView1014001
702009,Adventure/Prefab/UniqueProp/ChallengeObject/Object_MitaRoomBat
702010,Adventure/Prefab/UniqueProp/Character/CompositeDotView1015001
702011,Adventure/Prefab/UniqueProp/Character/CompositeDotView1052001
702012,Adventure/Prefab/UniqueProp/Character/CompositeDotView1053001
702013,Adventure/Prefab/UniqueProp/Character/CompositeDotView1054001
702014,Adventure/Prefab/UniqueProp/Character/CompositeDotView1055001
702015,Adventure/Prefab/UniqueProp/Character/CompositeDotView5012002
702016,Adventure/Prefab/UniqueProp/ChallengeObject/Object_RubbleA
702017,Adventure/Prefab/UniqueProp/ChallengeObject/Object_RubbleB
702018,Adventure/Prefab/UniqueProp/ChallengeObject/SequenceInvisibleObject
702020,Adventure/Prefab/UniqueProp/Character/CompositeDotView1008001
702021,Adventure/Prefab/UniqueProp/Character/CompositeDotView1801001
703001,Adventure/Prefab/UniqueProp/ChallengeObject/SequenceInvisibleObject
703002,Adventure/Prefab/UniqueProp/Character/CompositeDotView1015001
703003,Adventure/Prefab/UniqueProp/Character/CompositeDotView1014001
703004,Adventure/Prefab/UniqueProp/Character/CompositeDotView1013001
703005,Adventure/Prefab/UniqueProp/Character/CompositeDotView1030001
703006,Adventure/Prefab/UniqueProp/Character/CompositeDotView1029001
703007,Adventure/Prefab/UniqueProp/Character/CompositeDotView1011001
703008,Adventure/Prefab/UniqueProp/Character/CompositeDotView1010001
703009,Adventure/Prefab/UniqueProp/Character/CompositeDotView1002001
703010,Adventure/Prefab/UniqueProp/Character/CompositeDotView1021001
703011,Adventure/Prefab/UniqueProp/Character/CompositeDotView4020001
703012,Adventure/Prefab/UniqueProp/Character/CompositeDotView4014001
703013,Adventure/Prefab/UniqueProp/Character/CompositeDotView4003001
703014,Adventure/Prefab/UniqueProp/Character/CompositeDotView4001001
703015,Adventure/Prefab/UniqueProp/Character/CompositeDotView4023001
703016,Adventure/Prefab/UniqueProp/Character/CompositeDotView2261001
703017,Adventure/Prefab/UniqueProp/Character/CompositeDotView2272001
703018,Adventure/Prefab/UniqueProp/Character/CompositeDotView4002001
703019,Adventure/Prefab/UniqueProp/ChallengeObject/SequenceInvisibleObject
703020,Adventure/Prefab/UniqueProp/ChallengeObject/SequenceInvisibleObject_Icon_label
703021,Adventure/Prefab/UniqueProp/ChallengeObject/SequenceInvisibleObject_Icon_label2
713001,Adventure/Prefab/UniqueProp/Character/CompositeDotView2243001
713002,Adventure/Prefab/UniqueProp/Character/CompositeDotView2243001
713003,Adventure/Prefab/UniqueProp/Character/CompositeDotView1016002
713004,Adventure/Prefab/UniqueProp/Character/CompositeDotView1002001
713005,Adventure/Prefab/UniqueProp/Character/CompositeDotView2241001
713006,Adventure/Prefab/UniqueProp/Character/CompositeDotView2241001
713007,Adventure/Prefab/UniqueProp/Character/CompositeDotView2241001
713008,Adventure/Prefab/UniqueProp/Character/CompositeDotView2261001
800001,Adventure/Prefab/UniqueProp/ChallengeObject/SequenceInvisibleObject
800009,Adventure/Prefab/UniqueProp/Character/CompositeDotView6005001
800011,Adventure/Prefab/UniqueProp/ChallengeObject/ObjectGoddessStatue
800012,Adventure/Prefab/UniqueProp/ChallengeObject/ObjectJar
800013,Adventure/Prefab/UniqueProp/ChallengeObject/ObjectRock
800022,Adventure/Prefab/UniqueProp/Character/CompositeDotView1010001
800023,Adventure/Prefab/UniqueProp/Character/CompositeDotView1011001
800024,Adventure/Prefab/UniqueProp/ChallengeObject/SequenceInvisibleObject
800025,Adventure/Prefab/UniqueProp/Character/CompositeDotView2571001_story
800026,Adventure/Prefab/UniqueProp/Character/CompositeDotView1002001
800027,Adventure/Prefab/UniqueProp/ChallengeObject/SequenceInvisibleObject
800055,Adventure/Prefab/UniqueProp/ChallengeObject/ObjectTensionCard
800057,Adventure/Prefab/UniqueProp/ChallengeObject/SequenceInvisibleObject
800099,Adventure/Prefab/UniqueProp/ChallengeObject/SequenceInvisibleObject
801001,Adventure/Prefab/UniqueProp/ChallengeObject/SequenceInvisibleObject
801002,Adventure/Prefab/UniqueProp/Character/CompositeDotView1007001
801003,Adventure/Prefab/UniqueProp/Character/CompositeDotView1008001
801004,Adventure/Prefab/UniqueProp/Character/CompositeDotView1005001
801005,Adventure/Prefab/UniqueProp/Character/CompositeDotView1004001
801006,Adventure/Prefab/UniqueProp/Character/CompositeDotView1003001
801007,Adventure/Prefab/UniqueProp/Character/CompositeDotView1009001
801008,Adventure/Prefab/UniqueProp/Character/CompositeDotView1010001
801009,Adventure/Prefab/UniqueProp/Character/CompositeDotView1011001
801010,Adventure/Prefab/UniqueProp/Character/CompositeDotView1014001
801011,Adventure/Prefab/UniqueProp/Character/CompositeDotView1013001
801012,Adventure/Prefab/UniqueProp/Character/CompositeDotView1002001
801013,Adventure/Prefab/UniqueProp/ChallengeObject/FlavorInvisibleObject_Sphere_Large
801014,Adventure/Prefab/UniqueProp/Character/CompositeDotView1802001
801015,Adventure/Prefab/UniqueProp/ChallengeObject/SequenceInvisibleObject_Icon
801016,Adventure/Prefab/UniqueProp/ChallengeObject/SequenceInvisibleObject
801017,Adventure/Prefab/UniqueProp/Character/CompositeDotView2601001Story
801051,Adventure/Prefab/UniqueProp/ChallengeObject/SequenceInvisibleObject
801052,Adventure/Prefab/UniqueProp/ChallengeObject/SequenceInvisibleObject
801054,Adventure/Prefab/UniqueProp/ChallengeObject/SequenceInvisibleObject
801055,Adventure/Prefab/UniqueProp/ChallengeObject/SequenceInvisibleObject
801056,Adventure/Prefab/UniqueProp/ChallengeObject/SequenceInvisibleObject
801057,Adventure/Prefab/UniqueProp/ChallengeObject/SequenceInvisibleObject
801058,Adventure/Prefab/UniqueProp/ChallengeObject/SequenceInvisibleObject
801059,Adventure/Prefab/UniqueProp/ChallengeObject/SequenceInvisibleObject
801060,Adventure/Prefab/UniqueProp/ChallengeObject/KubikiriInvisibleObject_1
801061,Adventure/Prefab/UniqueProp/ChallengeObject/KubikiriInvisibleObject_2
802001,Adventure/Prefab/UniqueProp/ChallengeObject/SequenceInvisibleObject
802002,Adventure/Prefab/UniqueProp/Character/CompositeDotView1007001
802003,Adventure/Prefab/UniqueProp/Character/CompositeDotView1008001
802004,Adventure/Prefab/UniqueProp/Character/CompositeDotView1005001
802005,Adventure/Prefab/UniqueProp/Character/CompositeDotView1004001
802006,Adventure/Prefab/UniqueProp/Character/CompositeDotView1003001
802007,Adventure/Prefab/UniqueProp/Character/CompositeDotView1009001
802008,Adventure/Prefab/UniqueProp/Character/CompositeDotView1010001
802009,Adventure/Prefab/UniqueProp/Character/CompositeDotView1011001
802010,Adventure/Prefab/UniqueProp/Character/CompositeDotView1014001
802011,Adventure/Prefab/UniqueProp/Character/CompositeDotView1013001
802012,Adventure/Prefab/UniqueProp/Character/CompositeDotView1002001
802013,Adventure/Prefab/UniqueProp/Character/CompositeDotView1012001
802014,Adventure/Prefab/UniqueProp/Character/CompositeDotView1006001
802015,Adventure/Prefab/UniqueProp/Character/CompositeDotView1052001
802016,Adventure/Prefab/UniqueProp/Character/CompositeDotView1053001
802017,Adventure/Prefab/UniqueProp/Character/CompositeDotView1054001
802018,Adventure/Prefab/UniqueProp/Character/CompositeDotView1055001
802019,Adventure/Prefab/UniqueProp/Character/CompositeDotView1801001
802020,Adventure/Prefab/UniqueProp/Character/CompositeDotView1015001
802021,Adventure/Prefab/UniqueProp/Character/CompositeDotView4013001
802022,Adventure/Prefab/UniqueProp/Character/CompositeDotView4006002
802023,Adventure/Prefab/UniqueProp/Character/CompositeDotView4023001
802024,Adventure/Prefab/UniqueProp/Character/CompositeDotView1027914
802025,Adventure/Prefab/UniqueProp/Character/CompositeDotView1016003_story
802026,Adventure/Prefab/UniqueProp/ChallengeObject/FlavorInvisibleObject_Story02_Camera
802027,Adventure/Prefab/UniqueProp/ChallengeObject/FlavorInvisibleObject_Story02_Camera
802028,Adventure/Prefab/UniqueProp/ChallengeObject/FlavorInvisibleObject_Story02_Camera
802029,Adventure/Prefab/UniqueProp/ChallengeObject/FlavorInvisibleObject_Story02_Camera
802030,Adventure/Prefab/UniqueProp/ChallengeObject/FlavorInvisibleObject_Story02_Camera
802036,Adventure/Prefab/UniqueProp/Character/CompositeDotView4004001
802037,Adventure/Prefab/UniqueProp/Character/CompositeDotView4024001
802038,Adventure/Prefab/UniqueProp/Character/CompositeDotView4021001
802039,Adventure/Prefab/UniqueProp/Character/CompositeDotView4005001
802040,Adventure/Prefab/UniqueProp/ChallengeObject/Object_AdTruck_right
802041,Adventure/Prefab/UniqueProp/Character/CompositeDotView4022001
802042,Adventure/Prefab/UniqueProp/Character/CompositeDotView4008001
802043,Adventure/Prefab/UniqueProp/Character/CompositeDotView4013002
802044,Adventure/Prefab/UniqueProp/Character/CompositeDotView4020001
802045,Adventure/Prefab/UniqueProp/Character/CompositeDotView2602001_story
802046,Adventure/Prefab/UniqueProp/ChallengeObject/SequenceInvisibleObject
802047,Adventure/Prefab/UniqueProp/Character/CompositeDotView4003001
802048,Adventure/Prefab/UniqueProp/Character/CompositeDotView2243001
802049,Adventure/Prefab/UniqueProp/Character/CompositeDotView1802001
802050,Adventure/Prefab/UniqueProp/ChallengeObject/SequenceInvisibleObject
802051,Adventure/Prefab/UniqueProp/Character/CompositeDotView1016003_story2
802052,Adventure/Prefab/UniqueProp/ChallengeObject/SequenceInvisibleObject
802053,Adventure/Prefab/UniqueProp/Character/CompositeDotView2602001_story2
803001,Adventure/Prefab/UniqueProp/Character/CompositeDotView4008001
803002,Adventure/Prefab/UniqueProp/Character/CompositeDotView4026001
803003,Adventure/Prefab/UniqueProp/Character/CompositeDotView4003001
803004,Adventure/Prefab/UniqueProp/ChallengeObject/SequenceInvisibleObject
803005,Adventure/Prefab/UniqueProp/Character/CompositeDotView1011001
803006,Adventure/Prefab/UniqueProp/Character/CompositeDotView1010001
803007,Adventure/Prefab/UniqueProp/Character/CompositeDotView1030001
803008,Adventure/Prefab/UniqueProp/Character/CompositeDotView4008001
803009,Adventure/Prefab/UniqueProp/Character/CompositeDotView4023001
803010,Adventure/Prefab/UniqueProp/Character/CompositeDotView4010001
803011,Adventure/Prefab/UniqueProp/Character/CompositeDotView1002001
803012,Adventure/Prefab/UniqueProp/Character/CompositeDotView1802001
803013,Adventure/Prefab/UniqueProp/Character/CompositeDotView2602001_story
803014,Adventure/Prefab/UniqueProp/Character/CompositeDotView1029001
803015,Adventure/Prefab/UniqueProp/Character/CompositeDotView1013001
803016,Adventure/Prefab/UniqueProp/Character/CompositeDotView1015001
803017,Adventure/Prefab/UniqueProp/Character/CompositeDotView1021001
803018,Adventure/Prefab/UniqueProp/ChallengeObject/SequenceInvisibleObject
803019,Adventure/Prefab/UniqueProp/ChallengeObject/SequenceInvisibleObject
829001,Adventure/Prefab/UniqueProp/Character/CompositeDotView1802001
829002,Adventure/Prefab/UniqueProp/Character/CompositeDotView5003001
829003,Adventure/Prefab/UniqueProp/Gimmick/GimmickFence
829011,Adventure/Prefab/UniqueProp/Character/CompositeDotView1001001
829012,Adventure/Prefab/UniqueProp/Character/CompositeDotView1002001
829013,Adventure/Prefab/UniqueProp/Character/CompositeDotView1003001
829014,Adventure/Prefab/UniqueProp/Character/CompositeDotView1004001
829015,Adventure/Prefab/UniqueProp/Character/CompositeDotView1005001
829016,Adventure/Prefab/UniqueProp/Character/CompositeDotView1006001
829017,Adventure/Prefab/UniqueProp/Character/CompositeDotView1007001
829018,Adventure/Prefab/UniqueProp/Character/CompositeDotView1008001
829019,Adventure/Prefab/UniqueProp/Character/CompositeDotView1009001
829020,Adventure/Prefab/UniqueProp/Character/CompositeDotView1010001
829021,Adventure/Prefab/UniqueProp/Character/CompositeDotView1011001
829022,Adventure/Prefab/UniqueProp/Character/CompositeDotView1012001
829023,Adventure/Prefab/UniqueProp/Character/CompositeDotView1013001
829024,Adventure/Prefab/UniqueProp/Character/CompositeDotView1014001
829025,Adventure/Prefab/UniqueProp/Character/CompositeDotView1015001
829026,Adventure/Prefab/UniqueProp/Character/CompositeDotView1029001
829027,Adventure/Prefab/UniqueProp/Character/CompositeDotView1030001
829028,Adventure/Prefab/UniqueProp/Character/CompositeDotView1031001
829101,Adventure/Prefab/UniqueProp/ActivityPoint/ActivityPoint
829901,Adventure/Prefab/UniqueProp/ChallengeObject/SequenceInvisibleObject
830010,Adventure/Prefab/UniqueProp/FractalVise/FractalViseBoss2601002
830011,Adventure/Prefab/UniqueProp/ActivityPoint/ActivityPointFractalViseBossAreaEnterLift
830012,Adventure/Prefab/UniqueProp/ActivityPoint/ActivityPointFractalViseBossAreaExitLift
830020,Adventure/Prefab/UniqueProp/FractalVise/FractalViseBoss2602002
830021,Adventure/Prefab/UniqueProp/ActivityPoint/ActivityPointFractalViseBossAreaEnterLift
830022,Adventure/Prefab/UniqueProp/ActivityPoint/ActivityPointFractalViseBossAreaExitLift
999000,Adventure/Prefab/UniqueProp/ChallengeObject/Graffiti_SHIHO03_h.prefab
91002026,Adventure/Prefab/UniqueProp/ChallengeObject/Object_HologramDevice
91002028,Adventure/Prefab/UniqueProp/ChallengeObject/Object_HologramDevice
91002036,Adventure/Prefab/UniqueProp/ChallengeObject/Object_HologramDevice
91002037,Adventure/Prefab/UniqueProp/ChallengeObject/Object_HologramDevice
91003017,Adventure/Prefab/UniqueProp/ChallengeObject/Object_HologramDevice
91005117,Adventure/Prefab/UniqueProp/ChallengeObject/Object_HologramDevice
91013018,Adventure/Prefab/UniqueProp/ChallengeObject/Object_HologramDevice
91013136,Adventure/Prefab/UniqueProp/ChallengeObject/Object_HologramDevice
91013177,Adventure/Prefab/UniqueProp/ChallengeObject/Object_HologramDevice
91015117,Adventure/Prefab/UniqueProp/ChallengeObject/Object_HologramDevice
91015118,Adventure/Prefab/UniqueProp/ChallengeObject/Object_HologramDevice